start_ip,end_ip,org_name
28442880,28443135,Amazon AWS
28443648,28443903,Amazon AWS
28443904,28444159,Amazon AWS
28444160,28444415,Amazon AWS
28444416,28444671,Amazon AWS
28444672,28444927,Amazon AWS
28444928,28445183,Amazon AWS
28445184,28445439,Amazon AWS
28445440,28445695,Amazon AWS
28446720,28446975,Amazon AWS
28446976,28447231,Amazon AWS
28447232,28447487,Amazon AWS
28447488,28447743,Amazon AWS
28447744,28447999,Amazon AWS
28448000,28448255,Amazon AWS
28448256,28448511,Amazon AWS
28448512,28448767,Amazon AWS
28448768,28449023,Amazon AWS
28449024,28449279,Amazon AWS
28449280,28449535,Amazon AWS
28449536,28449791,Amazon AWS
28449792,28450047,Amazon AWS
28450048,28450303,Amazon AWS
28450304,28450559,Amazon AWS
28450560,28450815,Amazon AWS
28459008,28459263,Amazon AWS
28459264,28459519,Amazon AWS
28461056,28463103,Amazon AWS
28465152,28465407,Amazon AWS
28465408,28465663,Amazon AWS
28465664,28465919,Amazon AWS
28465920,28466175,Amazon AWS
28466176,28466431,Amazon AWS
28466432,28466687,Amazon AWS
28466688,28466943,Amazon AWS
28466944,28467199,Amazon AWS
28468224,28468479,Amazon AWS
28468480,28468735,Amazon AWS
28468736,28468991,Amazon AWS
28468992,28469247,Amazon AWS
28486656,28487167,Amazon AWS
28487168,28487423,Amazon AWS
28508672,28509183,Amazon AWS
28511744,28512255,Amazon AWS
28523520,28524031,Amazon AWS
28534016,28534271,Amazon AWS
28534272,28534527,Amazon AWS
28534528,28534783,Amazon AWS
50331648,50462719,Amazon AWS
50332960,50332967,Amazon AWS
50333152,50333183,Amazon AWS
50462720,50462975,Amazon AWS
50462976,50463231,Amazon AWS
50463232,50463487,Amazon AWS
50463488,50463743,Amazon AWS
50463744,50464255,Amazon AWS
50464768,50466815,Amazon AWS
50475008,50475263,Amazon AWS
50475264,50475519,Amazon AWS
50475520,50475775,Amazon AWS
50475776,50476031,Amazon AWS
50476032,50476287,Amazon AWS
50476288,50476543,Amazon AWS
50476544,50476799,Amazon AWS
50476800,50477055,Amazon AWS
50477056,50477311,Amazon AWS
50477312,50477567,Amazon AWS
50477568,50477823,Amazon AWS
50477824,50478079,Amazon AWS
50478080,50478335,Amazon AWS
50478336,50478591,Amazon AWS
50479104,50479359,Amazon AWS
50479360,50479615,Amazon AWS
50479616,50479871,Amazon AWS
50479872,50480127,Amazon AWS
50480128,50480383,Amazon AWS
50480384,50480639,Amazon AWS
50480640,50480895,Amazon AWS
50480896,50481151,Amazon AWS
50481152,50481407,Amazon AWS
50481408,50481663,Amazon AWS
50481664,50481919,Amazon AWS
50481920,50482175,Amazon AWS
50482176,50482431,Amazon AWS
50482432,50482687,Amazon AWS
50482688,50482943,Amazon AWS
50482944,50483199,Amazon AWS
50483200,50483455,Amazon AWS
50483456,50483711,Amazon AWS
50483712,50483967,Amazon AWS
50483968,50484223,Amazon AWS
50484224,50484479,Amazon AWS
50484480,50484735,Amazon AWS
50484736,50484991,Amazon AWS
50484992,50485247,Amazon AWS
50485248,50485503,Amazon AWS
50485504,50485759,Amazon AWS
50485760,50486015,Amazon AWS
50486016,50486271,Amazon AWS
50486272,50486527,Amazon AWS
50486528,50486783,Amazon AWS
50486784,50487039,Amazon AWS
50487040,50487295,Amazon AWS
50487296,50487551,Amazon AWS
50487552,50487807,Amazon AWS
50487808,50488063,Amazon AWS
50488064,50488319,Amazon AWS
50488320,50488575,Amazon AWS
50488576,50488831,Amazon AWS
50488832,50489087,Amazon AWS
50528256,50528767,Amazon AWS
50528768,50529023,Amazon AWS
50529536,50529791,Amazon AWS
50529792,50530303,Amazon AWS
50530304,50532351,Amazon AWS
50532352,50534399,Amazon AWS
50534400,50535423,Amazon AWS
50535424,50536447,Amazon AWS
50536448,50536959,Amazon AWS
50593792,50594047,Amazon AWS
50594048,50594303,Amazon AWS
50594304,50594559,Amazon AWS
50594560,50594815,Amazon AWS
50594816,50595071,Amazon AWS
50595328,50595583,Amazon AWS
50595840,50596095,Amazon AWS
50596096,50596351,Amazon AWS
50596352,50596607,Amazon AWS
50596865,50596865,Amazon AWS
50596866,50596866,Amazon AWS
50596867,50596867,Amazon AWS
50596868,50596868,Amazon AWS
50596869,50596869,Amazon AWS
50596870,50596870,Amazon AWS
50596875,50596875,Amazon AWS
50596876,50596876,Amazon AWS
50596879,50596879,Amazon AWS
50596880,50596880,Amazon AWS
50596881,50596881,Amazon AWS
50596882,50596882,Amazon AWS
50596883,50596883,Amazon AWS
50596884,50596884,Amazon AWS
50596885,50596885,Amazon AWS
50596886,50596886,Amazon AWS
50596887,50596887,Amazon AWS
50596888,50596888,Amazon AWS
50596889,50596889,Amazon AWS
50596890,50596890,Amazon AWS
50596891,50596891,Amazon AWS
50596892,50596892,Amazon AWS
50596893,50596893,Amazon AWS
50596894,50596894,Amazon AWS
50596895,50596895,Amazon AWS
50596896,50596896,Amazon AWS
50596897,50596897,Amazon AWS
50596898,50596898,Amazon AWS
50596899,50596899,Amazon AWS
50596900,50596900,Amazon AWS
50596901,50596901,Amazon AWS
50596902,50596902,Amazon AWS
50596903,50596903,Amazon AWS
50596904,50596904,Amazon AWS
50596905,50596905,Amazon AWS
50596906,50596906,Amazon AWS
50596907,50596907,Amazon AWS
50596908,50596908,Amazon AWS
50596909,50596909,Amazon AWS
50596910,50596910,Amazon AWS
50596913,50596913,Amazon AWS
50596914,50596914,Amazon AWS
50596915,50596915,Amazon AWS
50596916,50596916,Amazon AWS
50596917,50596917,Amazon AWS
50596918,50596918,Amazon AWS
50596919,50596919,Amazon AWS
50596920,50596920,Amazon AWS
50596921,50596921,Amazon AWS
50596922,50596922,Amazon AWS
50596923,50596923,Amazon AWS
50596924,50596924,Amazon AWS
50596925,50596925,Amazon AWS
50596926,50596926,Amazon AWS
50596927,50596927,Amazon AWS
50596928,50596928,Amazon AWS
50596929,50596929,Amazon AWS
50596930,50596930,Amazon AWS
50596931,50596931,Amazon AWS
50596932,50596932,Amazon AWS
50596933,50596933,Amazon AWS
50596934,50596934,Amazon AWS
50596935,50596935,Amazon AWS
50596936,50596936,Amazon AWS
50596937,50596937,Amazon AWS
50596938,50596938,Amazon AWS
50597120,50597135,Amazon AWS
50597136,50597151,Amazon AWS
50597152,50597167,Amazon AWS
50597168,50597183,Amazon AWS
50597184,50597199,Amazon AWS
50597200,50597215,Amazon AWS
50597632,50597639,Amazon AWS
50597640,50597647,Amazon AWS
50597648,50597655,Amazon AWS
50597656,50597663,Amazon AWS
50597664,50597671,Amazon AWS
50597672,50597679,Amazon AWS
50597680,50597687,Amazon AWS
50597688,50597695,Amazon AWS
50597696,50597703,Amazon AWS
50597704,50597711,Amazon AWS
50597712,50597719,Amazon AWS
50597720,50597727,Amazon AWS
50597728,50597735,Amazon AWS
50597736,50597743,Amazon AWS
50597744,50597751,Amazon AWS
50597752,50597759,Amazon AWS
50597760,50597767,Amazon AWS
50597768,50597775,Amazon AWS
50597784,50597791,Amazon AWS
50597792,50597799,Amazon AWS
50597800,50597807,Amazon AWS
50597808,50597815,Amazon AWS
50597816,50597823,Amazon AWS
50597824,50597831,Amazon AWS
50597832,50597839,Amazon AWS
50597840,50597847,Amazon AWS
50597848,50597855,Amazon AWS
50597856,50597863,Amazon AWS
50597864,50597871,Amazon AWS
50597872,50597879,Amazon AWS
50597880,50597887,Amazon AWS
50597888,50599935,Amazon AWS
50599936,50600447,Amazon AWS
50599936,50601983,Amazon AWS
50600448,50600959,Amazon AWS
50601984,50606079,Amazon AWS
50659328,50667519,Amazon AWS
50667520,50668543,Amazon AWS
50668544,50669567,Amazon AWS
50669568,50670591,Amazon AWS
50670592,50671615,Amazon AWS
50671616,50672639,Amazon AWS
50672640,50673663,Amazon AWS
50673664,50674687,Amazon AWS
50674688,50675711,Amazon AWS
50675712,50677759,Amazon AWS
50677760,50678271,Amazon AWS
50678272,50678783,Amazon AWS
50678784,50679807,Amazon AWS
50679808,50681855,Amazon AWS
50681856,50682879,Amazon AWS
50682880,50683391,Amazon AWS
50683392,50683903,Amazon AWS
50683904,50684415,Amazon AWS
50684416,50684927,Amazon AWS
50684928,50685951,Amazon AWS
50685952,50686975,Amazon AWS
50686976,50687999,Amazon AWS
50690048,50691071,Amazon AWS
50691584,50692095,Amazon AWS
50692096,50693119,Amazon AWS
50693120,50693631,Amazon AWS
50693632,50694143,Amazon AWS
50694144,50695167,Amazon AWS
50695168,50696191,Amazon AWS
50696192,50696703,Amazon AWS
50696704,50697215,Amazon AWS
50697216,50698239,Amazon AWS
50698240,50700287,Amazon AWS
50700288,50701311,Amazon AWS
50701312,50702335,Amazon AWS
50702336,50702847,Amazon AWS
50703360,50704383,Amazon AWS
50705408,50706431,Amazon AWS
50706432,50708479,Amazon AWS
50708480,50709503,Amazon AWS
50709504,50710527,Amazon AWS
50711040,50711551,Amazon AWS
50711552,50712575,Amazon AWS
50712576,50713599,Amazon AWS
50713600,50714111,Amazon AWS
50714112,50714623,Amazon AWS
50714624,50715647,Amazon AWS
50715648,50716671,Amazon AWS
50716672,50717695,Amazon AWS
50717696,50718719,Amazon AWS
50718720,50719743,Amazon AWS
50719744,50720767,Amazon AWS
50720768,50721791,Amazon AWS
50721792,50722815,Amazon AWS
50722816,50723839,Amazon AWS
50723840,50724863,Amazon AWS
50724864,50855935,Amazon AWS
50742860,50742863,Amazon AWS
50742912,50742975,Amazon AWS
50792960,50793471,Amazon AWS
50796848,50796851,Amazon AWS
50855936,51118079,Amazon AWS
50865432,50865439,Amazon AWS
50865504,50865535,Amazon AWS
50898944,50899455,Amazon AWS
50931968,50931999,Amazon AWS
50932000,50932031,Amazon AWS
50932032,50932063,Amazon AWS
50945536,50945791,Amazon AWS
50962240,50962243,Amazon AWS
50962244,50962247,Amazon AWS
50962248,50962251,Amazon AWS
50991360,50991487,Amazon AWS
50991488,50991615,Amazon AWS
51019552,51019583,Amazon AWS
51038528,51038559,Amazon AWS
51038592,51038623,Amazon AWS
51038656,51038719,Amazon AWS
51066112,51066367,Amazon AWS
51118080,51183615,Amazon AWS
51124056,51124059,Amazon AWS
51124060,51124063,Amazon AWS
51124096,51124159,Amazon AWS
51173376,51174399,Amazon AWS
51183616,51249151,Amazon AWS
51249152,51380223,Amazon AWS
51323648,51323903,Amazon AWS
51323904,51323967,Amazon AWS
51323968,51324031,Amazon AWS
51380224,51642367,Amazon AWS
51417600,51417607,Amazon AWS
51480576,51481087,Amazon AWS
51545088,51545151,Amazon AWS
51545152,51545215,Amazon AWS
51614464,51614591,Amazon AWS
51614592,51614719,Amazon AWS
51642368,51904511,Amazon AWS
51729920,51730431,Amazon AWS
51904512,52166655,Amazon AWS
51904976,51904991,Amazon AWS
51962816,51962879,Amazon AWS
51979584,51979647,Amazon AWS
51979648,51979775,Amazon AWS
51979776,51980287,Amazon AWS
51980288,51980543,Amazon AWS
51981056,51981311,Amazon AWS
51981312,51981823,Amazon AWS
51982108,51982111,Amazon AWS
51982112,51982115,Amazon AWS
52005376,52005439,Amazon AWS
52005440,52005503,Amazon AWS
52015744,52015807,Amazon AWS
52033536,52034559,Amazon AWS
52050656,52050687,Amazon AWS
52056320,52056351,Amazon AWS
52056352,52056383,Amazon AWS
52056812,52056815,Amazon AWS
52056816,52056823,Amazon AWS
52056832,52057087,Amazon AWS
52057088,52057599,Amazon AWS
52057600,52058111,Amazon AWS
52058112,52058127,Amazon AWS
52058128,52058143,Amazon AWS
52063704,52063707,Amazon AWS
52068120,52068127,Amazon AWS
52070656,52070911,Amazon AWS
52070912,52071423,Amazon AWS
52071488,52071551,Amazon AWS
52098560,52099071,Amazon AWS
52099072,52100095,Amazon AWS
52133808,52133815,Amazon AWS
52133816,52133823,Amazon AWS
52146176,52147199,Amazon AWS
52166656,52297727,Amazon AWS
52182912,52182975,Amazon AWS
52182976,52183039,Amazon AWS
52183040,52183295,Amazon AWS
52183296,52183359,Amazon AWS
52184624,52184639,Amazon AWS
52184672,52184687,Amazon AWS
52184688,52184703,Amazon AWS
52185088,52185599,Amazon AWS
52220800,52220927,Amazon AWS
52225280,52225535,Amazon AWS
52232016,52232031,Amazon AWS
52232064,52232191,Amazon AWS
52233088,52233215,Amazon AWS
52236544,52236671,Amazon AWS
52236672,52236799,Amazon AWS
52242496,52242559,Amazon AWS
52242560,52242623,Amazon AWS
52242624,52242687,Amazon AWS
52246784,52246847,Amazon AWS
52254976,52255231,Amazon AWS
52269864,52269871,Amazon AWS
52269872,52269887,Amazon AWS
52272128,52273151,Amazon AWS
52273152,52273663,Amazon AWS
52284144,52284159,Amazon AWS
52297728,52428799,Amazon AWS
52308052,52308055,Amazon AWS
52322880,52322943,Amazon AWS
52322944,52323007,Amazon AWS
52330752,52331007,Amazon AWS
52331008,52331519,Amazon AWS
52349952,52350207,Amazon AWS
52428800,52494335,Amazon AWS
52439968,52439999,Amazon AWS
52464384,52464639,Amazon AWS
52477440,52477567,Amazon AWS
52477568,52477599,Amazon AWS
52477600,52477631,Amazon AWS
52477684,52477687,Amazon AWS
52477688,52477695,Amazon AWS
52492672,52492799,Amazon AWS
52505600,52506623,Amazon AWS
52527104,52559871,Amazon AWS
52559872,52690943,Amazon AWS
52569344,52569599,Amazon AWS
52569600,52570111,Amazon AWS
52582720,52582783,Amazon AWS
52582848,52582851,Amazon AWS
52582852,52582855,Amazon AWS
52585920,52585983,Amazon AWS
52618240,52618303,Amazon AWS
52618304,52618367,Amazon AWS
52658816,52658943,Amazon AWS
52666368,52667391,Amazon AWS
52690944,52953087,Amazon AWS
52691808,52691839,Amazon AWS
52691872,52691887,Amazon AWS
52691904,52691935,Amazon AWS
52691936,52691967,Amazon AWS
52733724,52733727,Amazon AWS
52733744,52733751,Amazon AWS
52733760,52733775,Amazon AWS
52733776,52733791,Amazon AWS
52733824,52733951,Amazon AWS
52739584,52740095,Amazon AWS
52740096,52740607,Amazon AWS
52740608,52741119,Amazon AWS
52742656,52742783,Amazon AWS
52753868,52753871,Amazon AWS
52753896,52753899,Amazon AWS
52845064,52845071,Amazon AWS
52855744,52855807,Amazon AWS
52880640,52880767,Amazon AWS
52885504,52886015,Amazon AWS
52908672,52908799,Amazon AWS
52916480,52916735,Amazon AWS
52916736,52917247,Amazon AWS
52917248,52917311,Amazon AWS
52953088,52985855,Amazon AWS
52985856,53018623,Amazon AWS
53018624,53051391,Amazon AWS
53051392,53084159,Amazon AWS
53084160,53116927,Amazon AWS
53116928,53149695,Amazon AWS
53149696,53166079,Amazon AWS
53166080,53182463,Amazon AWS
53182464,53198847,Amazon AWS
53198848,53215231,Amazon AWS
53215232,53231615,Amazon AWS
53216640,53216767,Amazon AWS
53231616,53247999,Amazon AWS
53231744,53231871,Amazon AWS
53248000,53264383,Amazon AWS
53264384,53280767,Amazon AWS
53264768,53264895,Amazon AWS
53280768,53297151,Amazon AWS
53297152,53313535,Amazon AWS
54525952,55574527,Amazon AWS
54526208,54526271,Amazon AWS
54526272,54526335,Amazon AWS
54526336,54526399,Amazon AWS
54526400,54526407,Amazon AWS
54526408,54526415,Amazon AWS
54584040,54584047,Amazon AWS
54584048,54584051,Amazon AWS
54623232,54624255,Amazon AWS
54624256,54625279,Amazon AWS
54625280,54626303,Amazon AWS
54654464,54654479,Amazon AWS
54654480,54654495,Amazon AWS
54701056,54701311,Amazon AWS
54852528,54852531,Amazon AWS
54852584,54852591,Amazon AWS
54969152,54969215,Amazon AWS
54969216,54969343,Amazon AWS
54973184,54973311,Amazon AWS
54973568,54973631,Amazon AWS
55011328,55011583,Amazon AWS
55015424,55016447,Amazon AWS
55058816,55058943,Amazon AWS
55093248,55093503,Amazon AWS
55219328,55219391,Amazon AWS
55275520,55275775,Amazon AWS
55398368,55398375,Amazon AWS
55398376,55398383,Amazon AWS
55495168,55495679,Amazon AWS
55495680,55496703,Amazon AWS
55574528,56623103,Amazon AWS
55578624,55579135,Amazon AWS
55814144,55815167,Amazon AWS
56339328,56339455,Amazon AWS
56623104,56754175,Amazon AWS
56623684,56623687,Amazon AWS
56623688,56623691,Amazon AWS
56644608,56644671,Amazon AWS
56659840,56659903,Amazon AWS
56659904,56659967,Amazon AWS
56693760,56694783,Amazon AWS
56701312,56701439,Amazon AWS
56714048,56714063,Amazon AWS
56714080,56714111,Amazon AWS
56714112,56714143,Amazon AWS
56714144,56714175,Amazon AWS
56737904,56737911,Amazon AWS
56737920,56738047,Amazon AWS
56744192,56744447,Amazon AWS
56744448,56744703,Amazon AWS
56744704,56744959,Amazon AWS
56747520,56747647,Amazon AWS
56754176,56885247,Amazon AWS
56760320,56760335,Amazon AWS
56760336,56760351,Amazon AWS
56776192,56776703,Amazon AWS
56798044,56798047,Amazon AWS
56798148,56798151,Amazon AWS
56798176,56798183,Amazon AWS
56851456,56851519,Amazon AWS
56869376,56869887,Amazon AWS
56869888,56870911,Amazon AWS
56950784,57016319,Amazon AWS
56964304,56964307,Amazon AWS
56964308,56964311,Amazon AWS
56973056,56973119,Amazon AWS
56976512,56976639,Amazon AWS
56979968,56980031,Amazon AWS
56980032,56980095,Amazon AWS
56988096,56988127,Amazon AWS
56988128,56988159,Amazon AWS
56990720,56990783,Amazon AWS
56991104,56991231,Amazon AWS
56991232,56991743,Amazon AWS
56991788,56991791,Amazon AWS
56991792,56991807,Amazon AWS
56991984,56991991,Amazon AWS
56992000,56992127,Amazon AWS
56992128,56992255,Amazon AWS
56992256,56992511,Amazon AWS
56992512,56992575,Amazon AWS
56992576,56992591,Amazon AWS
56992592,56992607,Amazon AWS
56992608,56992623,Amazon AWS
56992768,56993023,Amazon AWS
56995840,56996095,Amazon AWS
56996116,56996119,Amazon AWS
56996144,56996151,Amazon AWS
57000576,57000639,Amazon AWS
57001984,57002239,Amazon AWS
57002368,57002495,Amazon AWS
57002496,57003007,Amazon AWS
57004032,57004287,Amazon AWS
57004288,57004351,Amazon AWS
57008720,57008727,Amazon AWS
57008728,57008735,Amazon AWS
57010176,57011199,Amazon AWS
57012002,57012003,Amazon AWS
57012004,57012007,Amazon AWS
57016320,57147391,Amazon AWS
57026048,57026303,Amazon AWS
57028352,57028607,Amazon AWS
57028608,57028863,Amazon AWS
57028864,57029119,Amazon AWS
57029120,57029631,Amazon AWS
57029632,57029887,Amazon AWS
57031424,57031679,Amazon AWS
57038848,57039103,Amazon AWS
57046880,57046895,Amazon AWS
57046896,57046911,Amazon AWS
57088192,57088207,Amazon AWS
57088208,57088215,Amazon AWS
57097216,57097471,Amazon AWS
57102848,57103103,Amazon AWS
57117184,57117695,Amazon AWS
57147392,57409535,Amazon AWS
57168384,57168895,Amazon AWS
57214208,57214239,Amazon AWS
57214240,57214271,Amazon AWS
57256960,57257983,Amazon AWS
57346976,57346977,Amazon AWS
57346980,57346983,Amazon AWS
57351860,57351861,Amazon AWS
57351864,57351867,Amazon AWS
57355136,57355263,Amazon AWS
57355264,57355391,Amazon AWS
57355392,57355519,Amazon AWS
57409536,57671679,Amazon AWS
57412988,57412991,Amazon AWS
57493504,57493631,Amazon AWS
57493656,57493663,Amazon AWS
57555200,57555455,Amazon AWS
57558784,57558847,Amazon AWS
57629184,57629695,Amazon AWS
57634304,57634815,Amazon AWS
57670400,57670655,Amazon AWS
57671680,57933823,Amazon AWS
57677568,57677575,Amazon AWS
57688064,57688575,Amazon AWS
57693536,57693567,Amazon AWS
57696256,57696319,Amazon AWS
57696320,57696383,Amazon AWS
57696384,57696415,Amazon AWS
57696416,57696447,Amazon AWS
57713152,57713663,Amazon AWS
57793024,57793087,Amazon AWS
57793092,57793095,Amazon AWS
57793096,57793099,Amazon AWS
57793100,57793103,Amazon AWS
57793136,57793151,Amazon AWS
57793152,57793183,Amazon AWS
57844736,57845759,Amazon AWS
58195968,58458111,Amazon AWS
58242344,58242351,Amazon AWS
58242528,58242559,Amazon AWS
58359808,58360319,Amazon AWS
58395840,58395903,Amazon AWS
58396160,58396415,Amazon AWS
58396416,58396543,Amazon AWS
58403840,58403871,Amazon AWS
58403920,58403935,Amazon AWS
58403936,58403967,Amazon AWS
58403968,58403999,Amazon AWS
58404000,58404031,Amazon AWS
58458112,58720255,Amazon AWS
58667136,58667199,Amazon AWS
58667252,58667255,Amazon AWS
58667256,58667259,Amazon AWS
58673664,58674175,Amazon AWS
58720256,58851327,Amazon AWS
58734656,58734719,Amazon AWS
58734720,58734783,Amazon AWS
58734784,58734847,Amazon AWS
58744064,58744319,Amazon AWS
58851328,58916863,Amazon AWS
58916864,58982399,Amazon AWS
58982400,59244543,Amazon AWS
59168512,59168767,Amazon AWS
59244544,59768831,Amazon AWS
59476096,59476127,Amazon AWS
59476152,59476155,Amazon AWS
59476160,59476223,Amazon AWS
59541632,59541663,Amazon AWS
59598520,59598527,Amazon AWS
59598528,59598531,Amazon AWS
59598544,59598559,Amazon AWS
59598560,59598575,Amazon AWS
59636736,59637759,Amazon AWS
59637760,59638783,Amazon AWS
59638784,59639807,Amazon AWS
59756136,59756143,Amazon AWS
59768832,60293119,Amazon AWS
59805120,59805183,Amazon AWS
59842304,59842367,Amazon AWS
59842432,59842495,Amazon AWS
59890688,59891711,Amazon AWS
59893248,59893503,Amazon AWS
59893952,59894015,Amazon AWS
59896320,59896575,Amazon AWS
59897392,59897399,Amazon AWS
59897400,59897407,Amazon AWS
59901952,59902975,Amazon AWS
59902976,59903999,Amazon AWS
59905536,59905599,Amazon AWS
59907394,59907395,Amazon AWS
59909312,59909375,Amazon AWS
59910720,59910723,Amazon AWS
59910730,59910731,Amazon AWS
59910736,59910739,Amazon AWS
59910912,59911039,Amazon AWS
59911168,59911679,Amazon AWS
59918376,59918383,Amazon AWS
59921408,59922431,Amazon AWS
59959296,59960319,Amazon AWS
60007424,60008447,Amazon AWS
60027904,60028927,Amazon AWS
60072384,60072447,Amazon AWS
60100048,60100055,Amazon AWS
60150400,60150463,Amazon AWS
60239104,60239359,Amazon AWS
60817408,61079551,Amazon AWS
61079552,61095935,Amazon AWS
61095936,61112319,Amazon AWS
61112320,61145087,Amazon AWS
61145088,61210623,Amazon AWS
61210624,61341695,Amazon AWS
61341696,61603839,Amazon AWS
61603840,61620223,Amazon AWS
61620224,61636607,Amazon AWS
61669376,61702143,Amazon AWS
61702144,61718527,Amazon AWS
61718528,61734911,Amazon AWS
61734912,61865983,Amazon AWS
63963136,65011711,Amazon AWS
63981744,63981759,Amazon AWS
64049920,64049951,Amazon AWS
64049952,64049983,Amazon AWS
64049984,64050015,Amazon AWS
64050016,64050047,Amazon AWS
64050064,64050079,Amazon AWS
64050080,64050111,Amazon AWS
64050112,64050175,Amazon AWS
64050176,64050303,Amazon AWS
64050304,64050431,Amazon AWS
64050432,64050559,Amazon AWS
64050560,64050591,Amazon AWS
64050592,64050623,Amazon AWS
64050624,64050655,Amazon AWS
64050944,64051071,Amazon AWS
64051072,64051199,Amazon AWS
64080432,64080447,Amazon AWS
64512928,64512959,Amazon AWS
64521984,64522239,Amazon AWS
64522240,64524287,Amazon AWS
64524288,64524799,Amazon AWS
64525312,64526335,Amazon AWS
64611328,64612351,Amazon AWS
64664576,64665599,Amazon AWS
65011712,66060287,Amazon AWS
65209344,65210367,Amazon AWS
65272448,65272575,Amazon AWS
65317376,65317439,Amazon AWS
65317440,65317503,Amazon AWS
65317504,65317631,Amazon AWS
65317632,65317759,Amazon AWS
65317760,65317887,Amazon AWS
65317888,65318015,Amazon AWS
65318016,65318143,Amazon AWS
65318144,65318271,Amazon AWS
65318272,65318335,Amazon AWS
65318336,65318399,Amazon AWS
65320192,65320447,Amazon AWS
65320448,65320449,Amazon AWS
65320453,65320453,Amazon AWS
65320454,65320455,Amazon AWS
65320456,65320457,Amazon AWS
65320458,65320458,Amazon AWS
65320494,65320495,Amazon AWS
65320496,65320511,Amazon AWS
65320512,65320543,Amazon AWS
65320544,65320547,Amazon AWS
65320548,65320548,Amazon AWS
65470976,65471103,Amazon AWS
65726688,65726719,Amazon AWS
65730752,65730815,Amazon AWS
65739264,65739775,Amazon AWS
65740800,65742847,Amazon AWS
65761280,65763327,Amazon AWS
65781088,65781091,Amazon AWS
65781092,65781095,Amazon AWS
65784448,65784511,Amazon AWS
65806336,65807359,Amazon AWS
65810432,65810943,Amazon AWS
65822336,65822463,Amazon AWS
65841408,65841535,Amazon AWS
65841600,65841663,Amazon AWS
65891072,65891199,Amazon AWS
65971712,65971967,Amazon AWS
65971968,65972223,Amazon AWS
65974884,65974887,Amazon AWS
65974888,65974895,Amazon AWS
65974896,65974903,Amazon AWS
65974904,65974905,Amazon AWS
65974912,65974943,Amazon AWS
65974944,65974951,Amazon AWS
65974952,65974955,Amazon AWS
65974956,65974959,Amazon AWS
65974960,65974975,Amazon AWS
65974976,65974979,Amazon AWS
65974980,65974980,Amazon AWS
65974981,65974981,Amazon AWS
65974982,65974983,Amazon AWS
65974984,65974991,Amazon AWS
65974992,65975007,Amazon AWS
65975008,65975039,Amazon AWS
65982208,65982271,Amazon AWS
65982336,65982463,Amazon AWS
65982464,65982591,Amazon AWS
65982592,65982719,Amazon AWS
65982720,65982847,Amazon AWS
65982848,65982975,Amazon AWS
65982976,65983103,Amazon AWS
65983488,65984511,Amazon AWS
65984640,65984767,Amazon AWS
66033664,66033665,Amazon AWS
66033666,66033667,Amazon AWS
66033668,66033668,Amazon AWS
66033669,66033669,Amazon AWS
66033670,66033671,Amazon AWS
66033672,66033675,Amazon AWS
66033676,66033677,Amazon AWS
66033678,66033679,Amazon AWS
66033680,66033695,Amazon AWS
66033696,66033703,Amazon AWS
66033704,66033707,Amazon AWS
66033708,66033709,Amazon AWS
66033710,66033711,Amazon AWS
66033712,66033727,Amazon AWS
66033728,66033791,Amazon AWS
66033792,66033799,Amazon AWS
66033800,66033801,Amazon AWS
66033802,66033803,Amazon AWS
66033804,66033807,Amazon AWS
66033808,66033823,Amazon AWS
66033824,66033855,Amazon AWS
66033856,66033919,Amazon AWS
66033920,66034175,Amazon AWS
66034176,66034431,Amazon AWS
66034432,66034687,Amazon AWS
66034688,66034689,Amazon AWS
66034698,66034699,Amazon AWS
66034788,66034791,Amazon AWS
66034792,66034799,Amazon AWS
66034800,66034807,Amazon AWS
66034946,66034947,Amazon AWS
66034948,66034951,Amazon AWS
66034952,66034953,Amazon AWS
66034963,66034963,Amazon AWS
66034964,66034967,Amazon AWS
66034968,66034975,Amazon AWS
66034976,66035007,Amazon AWS
66035008,66035039,Amazon AWS
66035040,66035043,Amazon AWS
66035132,66035135,Amazon AWS
66035136,66035199,Amazon AWS
66054144,66054399,Amazon AWS
66584576,67108863,Amazon AWS
66629632,66630655,Amazon AWS
66630696,66630703,Amazon AWS
66630720,66630783,Amazon AWS
66630784,66630911,Amazon AWS
66632192,66632223,Amazon AWS
66632224,66632255,Amazon AWS
66632256,66632263,Amazon AWS
66632284,66632287,Amazon AWS
66632320,66632447,Amazon AWS
66639904,66639935,Amazon AWS
66647040,66647103,Amazon AWS
66647280,66647283,Amazon AWS
66647296,66647551,Amazon AWS
66647552,66648063,Amazon AWS
66657280,66657791,Amazon AWS
66769344,66769407,Amazon AWS
66769408,66769919,Amazon AWS
66777920,66777983,Amazon AWS
66778112,66778175,Amazon AWS
66795520,66795775,Amazon AWS
66797184,66797311,Amazon AWS
66805248,66805503,Amazon AWS
66805600,66805631,Amazon AWS
66805632,66805663,Amazon AWS
66807808,66807871,Amazon AWS
66807936,66808063,Amazon AWS
66808064,66808191,Amazon AWS
66808192,66808319,Amazon AWS
66808448,66808575,Amazon AWS
66809180,66809183,Amazon AWS
66809552,66809567,Amazon AWS
66809568,66809583,Amazon AWS
66818048,66818055,Amazon AWS
66819192,66819199,Amazon AWS
66820140,66820143,Amazon AWS
66836416,66836479,Amazon AWS
66836480,66836991,Amazon AWS
66837719,66837719,Amazon AWS
66859584,66859647,Amazon AWS
66946560,66947071,Amazon AWS
66950144,66951167,Amazon AWS
66954752,66955263,Amazon AWS
66955264,66956287,Amazon AWS
66956800,66957311,Amazon AWS
66957312,66958335,Amazon AWS
66958336,66959359,Amazon AWS
66959360,66960383,Amazon AWS
66960384,66960639,Amazon AWS
66960704,66960711,Amazon AWS
66960712,66960719,Amazon AWS
66966528,66967551,Amazon AWS
66967552,66968575,Amazon AWS
66968576,66969599,Amazon AWS
66969600,66970623,Amazon AWS
66970624,66971647,Amazon AWS
66979840,66979967,Amazon AWS
66980352,66980479,Amazon AWS
67023552,67023615,Amazon AWS
67037696,67037823,Amazon AWS
67037824,67037951,Amazon AWS
67038208,67039231,Amazon AWS
67047424,67048447,Amazon AWS
76808192,76873727,GitHub
76873728,76890111,GitHub
76890112,76898303,GitHub
76898304,76906495,GitHub
76906496,76939263,GitHub
76939264,76955647,GitHub
76955648,76972031,GitHub
76972032,76988415,GitHub
76988416,76996607,GitHub
76996608,77004799,GitHub
77004800,77070335,GitHub
77070336,77201407,GitHub
77201408,77332479,GitHub
77332480,77463551,GitHub
78381056,78512127,GitHub
78512128,78577663,GitHub
78577664,78643199,GitHub
78905344,78970879,GitHub
80478208,80609279,GitHub
80609280,80674815,GitHub
80674816,80740351,GitHub
80740352,80871423,GitHub
80747204,80747204,GitHub
80747205,80747205,GitHub
80747206,80747206,GitHub
80747208,80747208,GitHub
80871424,80904191,GitHub
80904192,80936959,GitHub
81857474,81857474,GitHub
81857476,81857476,GitHub
81857480,81857480,GitHub
81857481,81857481,GitHub
81985536,82018303,GitHub
82018304,82051071,GitHub
82059153,82059153,GitHub
82059157,82059157,GitHub
82059158,82059158,GitHub
82059160,82059160,GitHub
82116608,82149375,GitHub
82149376,82182143,GitHub
82247680,82280447,GitHub
82280448,82313215,GitHub
82575360,82608127,GitHub
82608128,82640895,GitHub
82646560,82646560,GitHub
82646562,82646562,GitHub
82646566,82646566,GitHub
82646568,82646568,GitHub
82771968,82804735,GitHub
82804736,82837503,GitHub
82968576,83001343,GitHub
83001344,83034111,GitHub
83165184,83197951,GitHub
83197952,83230719,GitHub
83230720,83263487,GitHub
83263488,83296255,GitHub
83361792,83394559,GitHub
83394560,83427327,GitHub
83427328,83460095,GitHub
83460096,83492863,GitHub
83820544,83853311,GitHub
83853312,83886079,GitHub
87818240,87822335,Amazon AWS
87822336,87822591,Amazon AWS
87826432,87830527,Amazon AWS
87830528,87834623,Amazon AWS
87834624,87842815,Amazon AWS
87842816,87851007,Amazon AWS
87851008,87883775,Amazon AWS
90529792,90531839,DigitalOcean
90531840,90532863,DigitalOcean
95289344,95354879,Amazon AWS
95641600,95645695,Amazon AWS
134743040,134743295,Google
134744064,134744319,Google
136499200,136499711,Google Cloud
136499200,136503295,Google
136499712,136499967,Google Cloud
136499968,136500223,Google Cloud
136500224,136501247,Google Cloud
136501248,136502271,Google Cloud
136502272,136503295,Google Cloud
136560640,136562687,Google Cloud
136560640,136564735,Google
149159936,149168127,Google Cloud
149159936,149422079,Google
149168128,149176319,Google Cloud
149176320,149192703,Google Cloud
149192704,149209087,Google Cloud
149209088,149217279,Google Cloud
149217280,149221375,Google Cloud
149221376,149223423,Google Cloud
149223424,149225471,Google Cloud
149225472,149291007,Google Cloud
149291008,149299199,Google Cloud
149299200,149307391,Google Cloud
149307392,149315583,Google Cloud
149315584,149323775,Google Cloud
149364736,149368831,Google Cloud
149368832,149372927,Google Cloud
149372928,149389311,Google Cloud
149389312,149422079,Google Cloud
149422080,149553151,Google Cloud
149422080,149684223,Google
149553664,149553919,Google Cloud
149553920,149554175,Google Cloud
149554176,149555199,Google Cloud
149555200,149557247,Google Cloud
149557248,149557503,Google Cloud
149557504,149557759,Google Cloud
149561344,149569535,Google Cloud
149569536,149585919,Google Cloud
149585920,149618687,Google Cloud
149618688,149651455,Google Cloud
149651456,149684223,Google Cloud
149684224,149815295,Google
161677312,161742847,GitHub
162070528,162103295,GitHub
162103296,162136063,GitHub
166330368,166363135,GitHub
166363136,166395903,GitHub
220200960,220332031,Amazon AWS
220397568,220463103,Amazon AWS
220463104,220725247,Amazon AWS
220467712,220467727,Amazon AWS
220467744,220467775,Amazon AWS
220467776,220467807,Amazon AWS
220482560,220482815,Amazon AWS
220482816,220483071,Amazon AWS
220483072,220483327,Amazon AWS
220484632,220484639,Amazon AWS
220484640,220484643,Amazon AWS
220484652,220484655,Amazon AWS
220484656,220484671,Amazon AWS
220484672,220484687,Amazon AWS
220484720,220484727,Amazon AWS
220484734,220484735,Amazon AWS
220502784,220503039,Amazon AWS
220528960,220529023,Amazon AWS
220627968,220628991,Amazon AWS
220630016,220630527,Amazon AWS
220645952,220646015,Amazon AWS
220686260,220686263,Amazon AWS
220695968,220695975,Amazon AWS
220695976,220695983,Amazon AWS
220716032,220717055,Amazon AWS
220717056,220717567,Amazon AWS
220725248,220987391,Amazon AWS
220725696,220725759,Amazon AWS
220776960,220777471,Amazon AWS
220777472,220778495,Amazon AWS
220791200,220791231,Amazon AWS
220890560,220890567,Amazon AWS
220890568,220890575,Amazon AWS
220933120,220934143,Amazon AWS
220934144,220934655,Amazon AWS
221249536,221380607,Amazon AWS
221250688,221250703,Amazon AWS
221250704,221250719,Amazon AWS
221250720,221250735,Amazon AWS
221250752,221250759,Amazon AWS
221250760,221250763,Amazon AWS
221250768,221250775,Amazon AWS
221250776,221250783,Amazon AWS
221250784,221250791,Amazon AWS
221268480,221268735,Amazon AWS
221297280,221297311,Amazon AWS
221297312,221297343,Amazon AWS
221297344,221297375,Amazon AWS
221325376,221325439,Amazon AWS
221325824,221326335,Amazon AWS
221347456,221347519,Amazon AWS
221351680,221351743,Amazon AWS
221351744,221351807,Amazon AWS
221380064,221380095,Amazon AWS
221380608,221446143,Amazon AWS
221383872,221383935,Amazon AWS
221403392,221403647,Amazon AWS
221426600,221426607,Amazon AWS
221426608,221426615,Amazon AWS
221446144,221511679,Amazon AWS
221453568,221453599,Amazon AWS
221453600,221453631,Amazon AWS
221464472,221464479,Amazon AWS
221464480,221464483,Amazon AWS
221464496,221464511,Amazon AWS
221464512,221464527,Amazon AWS
221470464,221470719,Amazon AWS
221470720,221470975,Amazon AWS
221470976,221471231,Amazon AWS
221476864,221477119,Amazon AWS
221510992,221510999,Amazon AWS
221511680,221577215,Amazon AWS
221511936,221511951,Amazon AWS
221511952,221511967,Amazon AWS
221511968,221511975,Amazon AWS
221513328,221513335,Amazon AWS
221519968,221519999,Amazon AWS
221540032,221540095,Amazon AWS
221541888,221542399,Amazon AWS
221549184,221549199,Amazon AWS
221549248,221549311,Amazon AWS
221563040,221563071,Amazon AWS
221563136,221563391,Amazon AWS
221563392,221563647,Amazon AWS
221571296,221571327,Amazon AWS
221577216,221642751,Amazon AWS
221593472,221593503,Amazon AWS
221593504,221593535,Amazon AWS
221593536,221593567,Amazon AWS
221623296,221623807,Amazon AWS
221642752,221773823,Amazon AWS
221659008,221659071,Amazon AWS
221773784,221773791,Amazon AWS
221773824,221839359,Amazon AWS
221782216,221782223,Amazon AWS
221802664,221802671,Amazon AWS
221839360,221904895,Amazon AWS
221885504,221885567,Amazon AWS
221885616,221885623,Amazon AWS
221885624,221885631,Amazon AWS
221885648,221885655,Amazon AWS
221885656,221885663,Amazon AWS
221904896,222035967,Amazon AWS
222034432,222034495,Amazon AWS
222035968,222167039,Amazon AWS
222036308,222036309,Amazon AWS
222036312,222036315,Amazon AWS
222167040,222298111,Amazon AWS
222172416,222172543,Amazon AWS
222298112,222363647,GitHub
222363648,222429183,GitHub
222429184,222461951,GitHub
222461952,222494719,GitHub
222527488,222531583,GitHub
222531584,222533631,GitHub
222533632,222533887,GitHub
222533888,222533903,GitHub
222533920,222533951,GitHub
222533952,222534015,GitHub
222534016,222534143,GitHub
222534400,222534655,GitHub
222534656,222535679,GitHub
222535680,222543871,GitHub
222543872,222560255,GitHub
222560256,222593023,GitHub
222593024,222625791,GitHub
222625792,222658559,GitHub
222658560,222691327,GitHub
222740480,222756863,GitHub
222797824,222806015,GitHub
222806016,222822399,GitHub
222838784,222855167,GitHub
222896128,222904319,GitHub
222920704,222937087,GitHub
222945280,222947327,GitHub
222949376,222953471,GitHub
222953472,223019007,GitHub
223166464,223182847,GitHub
223182848,223199231,GitHub
223199232,223207423,GitHub
223248384,223281151,GitHub
223281152,223346687,GitHub
223346688,223477759,GitHub
223477760,223543295,GitHub
223543296,223608831,GitHub
223608832,223739903,GitHub
223739904,223772671,GitHub
223772672,223805439,GitHub
223838208,223870975,GitHub
223870976,223903743,GitHub
223903744,223920127,GitHub
223922176,223924223,GitHub
223928320,223936511,GitHub
223936512,224002047,GitHub
224002048,224067583,GitHub
224067584,224133119,GitHub
224133120,224198655,GitHub
224198656,224231423,GitHub
224231424,224264191,GitHub
224280576,224296959,GitHub
224296960,224329727,GitHub
224329728,224395263,GitHub
224952640,224952703,GitHub
224956480,224956511,GitHub
224956544,224956575,GitHub
224956608,224956639,GitHub
224956672,224956735,GitHub
224956736,224956799,GitHub
224956864,224956927,GitHub
224956928,224956991,GitHub
224957056,224957183,GitHub
224957184,224957311,GitHub
224957312,224957439,GitHub
224957440,224957567,GitHub
224957824,224957951,GitHub
224957952,224958079,GitHub
224958400,224958463,GitHub
224958464,224958591,GitHub
224958592,224958719,GitHub
224959104,224959231,GitHub
224960016,224960031,GitHub
224960064,224960127,GitHub
224960176,224960191,GitHub
224963968,224963983,GitHub
224968704,224970751,GitHub
224972864,224972895,GitHub
224972896,224972927,GitHub
224972928,224972959,GitHub
224972960,224972975,GitHub
224972976,224972991,GitHub
224972992,224973055,GitHub
224973056,224973311,GitHub
224973312,224973567,GitHub
224973568,224973695,GitHub
224974016,224974079,GitHub
224974080,224974207,GitHub
224974336,224974463,GitHub
224974464,224974591,GitHub
224974592,224974719,GitHub
224974720,224974847,GitHub
224975104,224975231,GitHub
224975488,224975615,GitHub
224975616,224975743,GitHub
224975744,224975871,GitHub
224975872,224975999,GitHub
224976000,224976127,GitHub
224976384,224976639,GitHub
224976640,224976767,GitHub
224976832,224976895,GitHub
224988672,224988799,GitHub
224988800,224988863,GitHub
224989440,224989503,GitHub
224989504,224989567,GitHub
224989568,224989631,GitHub
224989632,224989695,GitHub
224989696,224989759,GitHub
224989824,224989855,GitHub
224989856,224989887,GitHub
224989888,224989951,GitHub
224989952,224990079,GitHub
224990080,224990207,GitHub
224990400,224990463,GitHub
224990464,224990719,GitHub
224990720,224990975,GitHub
224990976,224991039,GitHub
224991040,224991103,GitHub
224991104,224991231,GitHub
224991232,224991487,GitHub
224991488,224991743,GitHub
224991744,224991999,GitHub
224992000,224992127,GitHub
224992192,224992223,GitHub
224992256,224992271,GitHub
224992272,224992287,GitHub
224992288,224992303,GitHub
224992304,224992319,GitHub
224992320,224992383,GitHub
224992384,224992511,GitHub
224992512,224992639,GitHub
224992640,224992767,GitHub
224992768,224992895,GitHub
224992896,224992959,GitHub
224993120,224993135,GitHub
224994304,224994335,GitHub
224994336,224994351,GitHub
224994368,224994399,GitHub
224994432,224994495,GitHub
224994496,224994559,GitHub
224994560,224994623,GitHub
224994624,224994687,GitHub
224994688,224994751,GitHub
224994752,224994815,GitHub
224997632,224997887,GitHub
224998656,224998783,GitHub
224998848,224998911,GitHub
225000448,225000479,GitHub
225000480,225000495,GitHub
225000496,225000511,GitHub
225000512,225000543,GitHub
225000544,225000575,GitHub
225000576,225000607,GitHub
225000640,225000703,GitHub
225002016,225002047,GitHub
225002048,225002111,GitHub
225002112,225002127,GitHub
225002128,225002143,GitHub
225002144,225002175,GitHub
225002176,225002239,GitHub
225002240,225002367,GitHub
225002368,225002495,GitHub
225004032,225004063,GitHub
225004064,225004079,GitHub
225004080,225004095,GitHub
225004096,225004127,GitHub
225004160,225004223,GitHub
225004288,225004319,GitHub
225004320,225004335,GitHub
225004352,225004383,GitHub
225009728,225009759,GitHub
225009760,225009775,GitHub
225009792,225009919,GitHub
225009920,225009951,GitHub
225010224,225010239,GitHub
225010272,225010303,GitHub
225010304,225010335,GitHub
225010336,225010367,GitHub
225010368,225010383,GitHub
225010400,225010431,GitHub
225010976,225010991,GitHub
225010992,225011007,GitHub
225011008,225011071,GitHub
225011120,225011135,GitHub
225011216,225011231,GitHub
225011264,225011327,GitHub
225011424,225011455,GitHub
225011456,225011471,GitHub
225011488,225011519,GitHub
225011584,225011615,GitHub
225011616,225011631,GitHub
225011648,225011679,GitHub
225011744,225011775,GitHub
225011776,225011791,GitHub
225011808,225011839,GitHub
225011952,225011967,GitHub
225012000,225012031,GitHub
225012032,225012063,GitHub
225012064,225012095,GitHub
225012096,225012111,GitHub
225012128,225012159,GitHub
225012224,225012255,GitHub
225012256,225012271,GitHub
225012288,225012319,GitHub
225012592,225012607,GitHub
225012640,225012671,GitHub
225012672,225012703,GitHub
225012704,225012735,GitHub
225012736,225012751,GitHub
225012768,225012799,GitHub
225015040,225015295,GitHub
225041408,225041535,GitHub
225041536,225041567,GitHub
225041568,225041583,GitHub
225041584,225041591,GitHub
225041592,225041595,GitHub
225041596,225041597,GitHub
225041618,225041619,GitHub
225443840,225705983,Amazon AWS
225492920,225492927,Amazon AWS
225559616,225559679,Amazon AWS
225561344,225561599,Amazon AWS
225571865,225571865,Amazon AWS
226230272,226295807,Amazon AWS
226267408,226267415,Amazon AWS
226267416,226267423,Amazon AWS
226267456,226267463,Amazon AWS
226267464,226267471,Amazon AWS
226267472,226267479,Amazon AWS
226267480,226267487,Amazon AWS
226267488,226267495,Amazon AWS
226267496,226267503,Amazon AWS
226267504,226267511,Amazon AWS
226267512,226267519,Amazon AWS
226281216,226281471,Amazon AWS
226293504,226293759,Amazon AWS
226295808,226361343,Amazon AWS
226361344,226492415,Amazon AWS
226367368,226367375,Amazon AWS
226367376,226367383,Amazon AWS
226367384,226367391,Amazon AWS
226367392,226367423,Amazon AWS
226367424,226367455,Amazon AWS
226423552,226423807,Amazon AWS
226444928,226444935,Amazon AWS
226444936,226444943,Amazon AWS
226444944,226444951,Amazon AWS
226444952,226444959,Amazon AWS
226444960,226444967,Amazon AWS
226492416,226557951,Amazon AWS
226623488,226689023,Amazon AWS
226885632,227016703,Amazon AWS
226891776,226892287,Amazon AWS
226909696,226910207,Amazon AWS
226938880,226939391,Amazon AWS
227540992,227606527,Amazon AWS
227672064,227737599,Amazon AWS
227934208,228065279,Amazon AWS
228065280,228130815,Amazon AWS
228196352,228261887,Amazon AWS
228458496,228589567,Amazon AWS
228589568,228655103,Amazon AWS
228720640,228786175,Amazon AWS
228982784,229113855,Amazon AWS
230162432,230686719,Amazon AWS
230686720,230752255,Amazon AWS
230752256,230817791,Amazon AWS
230806016,230806527,Amazon AWS
230817792,230948863,Amazon AWS
230948864,231211007,Amazon AWS
231211008,231342079,Amazon AWS
231212928,231212935,Amazon AWS
231212936,231212943,Amazon AWS
231234048,231234559,Amazon AWS
231234560,231235583,Amazon AWS
231246848,231247359,Amazon AWS
231247442,231247443,Amazon AWS
231247472,231247475,Amazon AWS
231247476,231247477,Amazon AWS
231326528,231326531,Amazon AWS
231326656,231326719,Amazon AWS
231335680,231335935,Amazon AWS
231342080,231473151,Amazon AWS
231441664,231441727,Amazon AWS
231473152,231735295,Amazon AWS
231529472,231529983,Amazon AWS
231735296,231800831,Amazon AWS
231743752,231743759,Amazon AWS
231743760,231743767,Amazon AWS
231743768,231743775,Amazon AWS
231768832,231768839,Amazon AWS
231768840,231768847,Amazon AWS
231768848,231768855,Amazon AWS
231768856,231768863,Amazon AWS
231768864,231768871,Amazon AWS
231768872,231768879,Amazon AWS
231768960,231768991,Amazon AWS
231768992,231769023,Amazon AWS
231769024,231769055,Amazon AWS
231769056,231769059,Amazon AWS
231769060,231769063,Amazon AWS
231769064,231769067,Amazon AWS
231778816,231779327,Amazon AWS
231780832,231780863,Amazon AWS
231781376,231781631,Amazon AWS
231784960,231785471,Amazon AWS
231790912,231790943,Amazon AWS
231790944,231790975,Amazon AWS
231793408,231793535,Amazon AWS
231793536,231793663,Amazon AWS
231793664,231793791,Amazon AWS
231793792,231793799,Amazon AWS
231793800,231793803,Amazon AWS
231800832,231866367,Amazon AWS
231801088,231801095,Amazon AWS
231801096,231801103,Amazon AWS
231801144,231801151,Amazon AWS
231801184,231801215,Amazon AWS
231819136,231819167,Amazon AWS
231819232,231819263,Amazon AWS
231866368,231997439,Amazon AWS
231867072,231867135,Amazon AWS
231883648,231883711,Amazon AWS
231935136,231935167,Amazon AWS
231935168,231935175,Amazon AWS
231935176,231935183,Amazon AWS
231935184,231935191,Amazon AWS
231935192,231935199,Amazon AWS
231935224,231935231,Amazon AWS
231974592,231974599,Amazon AWS
231974600,231974607,Amazon AWS
231997440,232128511,Amazon AWS
231998272,231998335,Amazon AWS
231998336,231998399,Amazon AWS
232031232,232032255,Amazon AWS
232051038,232051039,Amazon AWS
232051040,232051071,Amazon AWS
232051072,232051135,Amazon AWS
232068228,232068231,Amazon AWS
232068232,232068239,Amazon AWS
232068240,232068255,Amazon AWS
232068256,232068271,Amazon AWS
232068352,232068607,Amazon AWS
232068608,232069119,Amazon AWS
232069120,232069631,Amazon AWS
232082400,232082407,Amazon AWS
232128512,232259583,Amazon AWS
232158720,232159231,Amazon AWS
232160384,232160447,Amazon AWS
232185856,232186367,Amazon AWS
232186880,232187903,Amazon AWS
232217600,232217855,Amazon AWS
232217856,232217983,Amazon AWS
232217984,232218047,Amazon AWS
232259584,232783871,Amazon AWS
232327168,232327679,Amazon AWS
232345088,232345599,Amazon AWS
232345600,232345855,Amazon AWS
232530688,232530751,Amazon AWS
232530816,232530943,Amazon AWS
232530944,232531455,Amazon AWS
232533760,232533887,Amazon AWS
232783872,233046015,Amazon AWS
233046016,233177087,Amazon AWS
233063680,233063935,Amazon AWS
233159616,233159647,Amazon AWS
233159656,233159663,Amazon AWS
233177088,233308159,Amazon AWS
233182592,233182655,Amazon AWS
233182688,233182703,Amazon AWS
233182704,233182719,Amazon AWS
233244224,233244231,Amazon AWS
233244232,233244239,Amazon AWS
233244240,233244247,Amazon AWS
233244248,233244255,Amazon AWS
233244264,233244271,Amazon AWS
233244272,233244287,Amazon AWS
233244352,233244367,Amazon AWS
233244368,233244375,Amazon AWS
233308160,233570303,Amazon AWS
233325440,233325471,Amazon AWS
233325472,233325503,Amazon AWS
233419008,233419015,Amazon AWS
233419040,233419071,Amazon AWS
233419200,233419263,Amazon AWS
233441280,233441791,Amazon AWS
233495944,233495951,Amazon AWS
233496000,233496063,Amazon AWS
233506304,233506815,Amazon AWS
233555296,233555327,Amazon AWS
233563136,233563391,Amazon AWS
233570304,233832447,Amazon AWS
233572352,233572479,Amazon AWS
233591392,233591423,Amazon AWS
233591424,233591455,Amazon AWS
233807360,233807367,Amazon AWS
233829632,233829887,Amazon AWS
234094592,234225663,Amazon AWS
234103040,234103103,Amazon AWS
234103104,234103167,Amazon AWS
234103168,234103231,Amazon AWS
234103680,234103743,Amazon AWS
234103744,234103807,Amazon AWS
234125568,234125631,Amazon AWS
234125764,234125767,Amazon AWS
234125824,234126079,Amazon AWS
234128384,234128895,Amazon AWS
234137024,234137087,Amazon AWS
234139712,234139775,Amazon AWS
234139776,234139839,Amazon AWS
234146344,234146351,Amazon AWS
234157248,234157279,Amazon AWS
234157280,234157311,Amazon AWS
234160416,234160447,Amazon AWS
234184076,234184079,Amazon AWS
234184096,234184103,Amazon AWS
234184112,234184127,Amazon AWS
234184128,234184143,Amazon AWS
234188800,234189055,Amazon AWS
234189056,234189311,Amazon AWS
234189312,234189567,Amazon AWS
234192872,234192875,Amazon AWS
234199936,234199967,Amazon AWS
234200032,234200063,Amazon AWS
234202752,234202755,Amazon AWS
234202756,234202759,Amazon AWS
234202800,234202807,Amazon AWS
234221888,234221951,Amazon AWS
234225664,234291199,Amazon AWS
234243584,234244095,Amazon AWS
234253312,234254335,Amazon AWS
234256384,234257407,Amazon AWS
234287936,234287999,Amazon AWS
234288000,234288127,Amazon AWS
234288128,234288639,Amazon AWS
234289152,234290175,Amazon AWS
234291200,234356735,Amazon AWS
234304244,234304245,Amazon AWS
234304248,234304251,Amazon AWS
234310752,234310753,Amazon AWS
234310756,234310759,Amazon AWS
234356736,234360831,Amazon AWS
234360832,234362879,Amazon AWS
234362880,234363903,Amazon AWS
234363904,234364927,Amazon AWS
234364928,234369023,Amazon AWS
234369024,234371071,Amazon AWS
234371072,234372095,Amazon AWS
234372096,234373119,Amazon AWS
234373120,234373375,Amazon AWS
234373376,234373631,Amazon AWS
234373632,234373887,Amazon AWS
234373888,234374143,Amazon AWS
234374144,234374399,Amazon AWS
234374400,234374655,Amazon AWS
234374656,234374911,Amazon AWS
234374912,234375167,Amazon AWS
234375168,234375423,Amazon AWS
234375424,234375679,Amazon AWS
234375936,234376191,Amazon AWS
234376192,234376447,Amazon AWS
234376448,234376703,Amazon AWS
234376704,234376959,Amazon AWS
234376960,234377215,Amazon AWS
234377216,234377471,Amazon AWS
234377472,234377727,Amazon AWS
234377728,234377983,Amazon AWS
234381312,234381567,Amazon AWS
234381568,234381823,Amazon AWS
234381824,234382079,Amazon AWS
234382080,234382335,Amazon AWS
234382336,234382591,Amazon AWS
234382592,234382847,Amazon AWS
234382848,234383103,Amazon AWS
234383104,234383359,Amazon AWS
234383360,234383615,Amazon AWS
234383616,234383871,Amazon AWS
234383872,234383903,Amazon AWS
234383904,234383935,Amazon AWS
234383936,234383967,Amazon AWS
234383968,234383983,Amazon AWS
234383984,234383999,Amazon AWS
234384000,234384031,Amazon AWS
234384032,234384063,Amazon AWS
234384064,234384079,Amazon AWS
234384080,234384095,Amazon AWS
234384096,234384127,Amazon AWS
234384128,234384383,Amazon AWS
234384384,234384639,Amazon AWS
234384640,234384895,Amazon AWS
234384896,234385151,Amazon AWS
234385152,234385407,Amazon AWS
234385408,234385663,Amazon AWS
234385664,234385919,Amazon AWS
234385920,234386175,Amazon AWS
234386176,234386431,Amazon AWS
234386432,234386687,Amazon AWS
234386688,234386943,Amazon AWS
234386944,234387199,Amazon AWS
234387200,234387455,Amazon AWS
234387456,234387711,Amazon AWS
234387712,234387967,Amazon AWS
234387968,234388223,Amazon AWS
234388224,234388479,Amazon AWS
234388480,234388735,Amazon AWS
234388736,234388991,Amazon AWS
234388992,234389247,Amazon AWS
234389248,234389503,Amazon AWS
234389504,234422271,Amazon AWS
234414080,234414335,Amazon AWS
234414336,234414591,Amazon AWS
234414592,234414847,Amazon AWS
234414848,234415103,Amazon AWS
234415104,234415359,Amazon AWS
234415360,234415615,Amazon AWS
234415616,234415871,Amazon AWS
234415872,234416127,Amazon AWS
234416128,234416383,Amazon AWS
234416384,234416639,Amazon AWS
234422272,234487807,Amazon AWS
234487808,234618879,Amazon AWS
234535424,234535431,Amazon AWS
234535432,234535439,Amazon AWS
234535440,234535447,Amazon AWS
234535552,234535583,Amazon AWS
234535584,234535615,Amazon AWS
234535616,234535623,Amazon AWS
234535624,234535631,Amazon AWS
234535632,234535639,Amazon AWS
234582336,234582399,Amazon AWS
234583040,234583551,Amazon AWS
258408448,258473983,Amazon AWS
260046848,260112383,Amazon AWS
260112384,260113407,Amazon AWS
260113408,260114431,Amazon AWS
260114432,260116479,Amazon AWS
260116480,260118527,Amazon AWS
260118528,260119551,Amazon AWS
260119552,260119807,Amazon AWS
260119808,260120063,Amazon AWS
260120064,260120319,Amazon AWS
260120320,260120575,Amazon AWS
260120576,260121087,Amazon AWS
260121088,260121599,Amazon AWS
260121600,260122111,Amazon AWS
260122112,260122623,Amazon AWS
260122624,260123135,Amazon AWS
260123136,260123647,Amazon AWS
260123648,260124159,Amazon AWS
260124160,260124671,Amazon AWS
260124672,260125183,Amazon AWS
260125184,260125695,Amazon AWS
260125696,260126719,Amazon AWS
260126720,260126975,Amazon AWS
260126976,260127231,Amazon AWS
260127232,260127743,Amazon AWS
260127744,260127999,Amazon AWS
260128000,260128255,Amazon AWS
260128256,260128767,Amazon AWS
260128768,260129279,Amazon AWS
260129280,260129791,Amazon AWS
260129792,260130303,Amazon AWS
260130304,260130815,Amazon AWS
260130816,260131327,Amazon AWS
260131328,260131839,Amazon AWS
260131840,260132351,Amazon AWS
260132864,260133887,Amazon AWS
260136960,260137471,Amazon AWS
260137472,260137983,Amazon AWS
260440064,260505599,Amazon AWS
260456960,260457471,Amazon AWS
260505600,260571135,Amazon AWS
261029888,261095423,Amazon AWS
261160960,261161471,Amazon AWS
261161472,261161983,Amazon AWS
261161984,261162495,Amazon AWS
261163008,261164031,Amazon AWS
261164032,261165055,Amazon AWS
261165056,261166079,Amazon AWS
261166080,261167103,Amazon AWS
261167104,261167615,Amazon AWS
261357568,261423103,Amazon AWS
261619712,261685247,Amazon AWS
261621952,261622015,Amazon AWS
261622272,261622527,Amazon AWS
261625856,261625887,Amazon AWS
261625888,261625919,Amazon AWS
261625920,261625983,Amazon AWS
261625984,261625991,Amazon AWS
261626048,261626111,Amazon AWS
261653872,261653887,Amazon AWS
261653888,261653903,Amazon AWS
261654012,261654013,Amazon AWS
261664256,261664767,Amazon AWS
261664768,261665791,Amazon AWS
261881856,262012927,Amazon AWS
261891584,261891615,Amazon AWS
261891648,261891711,Amazon AWS
261920952,261920959,Amazon AWS
261920960,261920967,Amazon AWS
261936128,261937151,Amazon AWS
261937152,261937663,Amazon AWS
261990172,261990175,Amazon AWS
261990278,261990279,Amazon AWS
261990280,261990283,Amazon AWS
262012928,262078463,Amazon AWS
262078464,262143999,Amazon AWS
262144000,262209535,Amazon AWS
262158192,262158199,Amazon AWS
262167104,262167167,Amazon AWS
262209536,262275071,Amazon AWS
262226432,262226495,Amazon AWS
262226496,262226559,Amazon AWS
262226560,262226623,Amazon AWS
262227072,262227135,Amazon AWS
262227136,262227199,Amazon AWS
262244096,262244159,Amazon AWS
262244160,262244191,Amazon AWS
262244192,262244223,Amazon AWS
262244260,262244263,Amazon AWS
262244352,262244607,Amazon AWS
262245376,262245887,Amazon AWS
262251648,262251711,Amazon AWS
262258688,262258751,Amazon AWS
262258752,262258815,Amazon AWS
262258928,262258943,Amazon AWS
262272832,262272863,Amazon AWS
262272864,262272895,Amazon AWS
262272896,262272927,Amazon AWS
262406144,262537215,Amazon AWS
262446080,262446591,Amazon AWS
262468352,262468367,Amazon AWS
262468384,262468415,Amazon AWS
262468544,262468575,Amazon AWS
262468576,262468607,Amazon AWS
262521152,262521215,Amazon AWS
262521216,262521279,Amazon AWS
262529024,262529535,Amazon AWS
262668288,262733823,Amazon AWS
262678528,262678655,Amazon AWS
262678656,262678783,Amazon AWS
262692864,262693887,Amazon AWS
262693888,262694399,Amazon AWS
262695312,262695319,Amazon AWS
262695320,262695327,Amazon AWS
262695328,262695335,Amazon AWS
262695336,262695339,Amazon AWS
262709760,262710271,Amazon AWS
262721792,262722047,Amazon AWS
263127040,263192575,Amazon AWS
263258112,263274495,Amazon AWS
263274496,263275007,Amazon AWS
263275008,263275519,Amazon AWS
263275520,263276031,Amazon AWS
263276032,263276543,Amazon AWS
263276544,263276799,Amazon AWS
263276800,263277055,Amazon AWS
263277056,263277311,Amazon AWS
263277312,263277567,Amazon AWS
263277568,263277823,Amazon AWS
263277824,263278079,Amazon AWS
263278080,263278335,Amazon AWS
263278336,263278591,Amazon AWS
263278592,263278847,Amazon AWS
263278848,263279103,Amazon AWS
263279104,263279359,Amazon AWS
263279360,263279615,Amazon AWS
263279616,263279871,Amazon AWS
263279872,263280127,Amazon AWS
263280128,263280383,Amazon AWS
263280384,263280639,Amazon AWS
263280640,263280895,Amazon AWS
263280896,263281151,Amazon AWS
263281152,263281407,Amazon AWS
263281408,263281663,Amazon AWS
263281664,263281919,Amazon AWS
263281920,263282175,Amazon AWS
263282176,263282431,Amazon AWS
263282432,263282687,Amazon AWS
263282688,263282943,Amazon AWS
263282944,263283199,Amazon AWS
263283200,263283455,Amazon AWS
263283456,263283711,Amazon AWS
263283712,263283967,Amazon AWS
263284224,263284479,Amazon AWS
263284480,263284735,Amazon AWS
263284736,263284991,Amazon AWS
263284992,263285247,Amazon AWS
263285248,263285503,Amazon AWS
263285504,263285759,Amazon AWS
263285760,263286015,Amazon AWS
263323648,263389183,Amazon AWS
263520256,263524351,Amazon AWS
263524352,263528447,Amazon AWS
263528448,263530495,Amazon AWS
263530496,263532543,Amazon AWS
263532544,263536639,Amazon AWS
263536640,263540735,Amazon AWS
263540736,263544831,Amazon AWS
263544832,263548927,Amazon AWS
263548928,263549951,Amazon AWS
263549952,263550975,Amazon AWS
263550976,263553023,Amazon AWS
263553024,263557119,Amazon AWS
263557120,263561215,Amazon AWS
263561216,263565311,Amazon AWS
263565312,263569407,Amazon AWS
263569408,263577599,Amazon AWS
263577600,263579647,Amazon AWS
263579648,263581695,Amazon AWS
263581696,263581951,Amazon AWS
263581952,263582207,Amazon AWS
263582208,263582463,Amazon AWS
263582464,263582719,Amazon AWS
263582720,263582975,Amazon AWS
263582976,263583231,Amazon AWS
263583232,263583487,Amazon AWS
263583488,263583743,Amazon AWS
263583744,263583999,Amazon AWS
263584000,263584255,Amazon AWS
263584256,263584511,Amazon AWS
263584512,263584767,Amazon AWS
263584768,263585023,Amazon AWS
263585024,263585279,Amazon AWS
263585280,263585535,Amazon AWS
263716864,263782399,Amazon AWS
263717184,263717247,Amazon AWS
263717248,263717311,Amazon AWS
263734984,263734991,Amazon AWS
263735008,263735015,Amazon AWS
263748864,263748927,Amazon AWS
263748928,263748991,Amazon AWS
263748992,263749055,Amazon AWS
263749088,263749095,Amazon AWS
263749096,263749099,Amazon AWS
263749104,263749119,Amazon AWS
263756032,263756047,Amazon AWS
263764064,263764071,Amazon AWS
263782400,263847935,Amazon AWS
263790880,263790911,Amazon AWS
263790912,263790943,Amazon AWS
263790944,263790975,Amazon AWS
263791040,263791103,Amazon AWS
263804416,263804927,Amazon AWS
263805728,263805759,Amazon AWS
263818656,263818687,Amazon AWS
263818688,263818751,Amazon AWS
263819264,263819775,Amazon AWS
263845120,263845183,Amazon AWS
263846656,263846719,Amazon AWS
263979008,264044543,Amazon AWS
264005120,264005151,Amazon AWS
264026112,264026367,Amazon AWS
264032768,264032799,Amazon AWS
264032800,264032831,Amazon AWS
264032832,264032863,Amazon AWS
264032896,264032959,Amazon AWS
264032964,264032967,Amazon AWS
264032968,264032971,Amazon AWS
264032974,264032975,Amazon AWS
264110080,264111103,Amazon AWS
264111104,264112127,Amazon AWS
264112128,264113151,Amazon AWS
264114176,264118271,Amazon AWS
264118272,264122367,Amazon AWS
264122368,264126463,Amazon AWS
264130560,264134655,Amazon AWS
264134656,264138751,Amazon AWS
264138752,264142847,Amazon AWS
264142848,264146943,Amazon AWS
264146944,264151039,Amazon AWS
264151040,264155135,Amazon AWS
264155136,264159231,Amazon AWS
264167424,264168447,Amazon AWS
264169472,264170495,Amazon AWS
264170496,264171519,Amazon AWS
264171520,264172543,Amazon AWS
264172544,264173567,Amazon AWS
264173568,264174591,Amazon AWS
264174592,264175615,Amazon AWS
264306688,264306943,Amazon AWS
264306688,264314879,Amazon AWS
264306944,264307199,Amazon AWS
264307200,264307455,Amazon AWS
264307456,264307711,Amazon AWS
264307712,264307967,Amazon AWS
264307968,264308223,Amazon AWS
264308224,264308479,Amazon AWS
264308480,264308735,Amazon AWS
264308736,264308991,Amazon AWS
264308992,264309247,Amazon AWS
264309248,264309503,Amazon AWS
264309504,264309759,Amazon AWS
264314880,264323071,Amazon AWS
264339456,264340479,Amazon AWS
264340480,264341503,Amazon AWS
264341504,264342527,Amazon AWS
264342528,264343551,Amazon AWS
264343552,264344575,Amazon AWS
264344576,264345599,Amazon AWS
264345600,264346623,Amazon AWS
264346624,264347647,Amazon AWS
264347648,264348671,Amazon AWS
264348672,264349695,Amazon AWS
264349696,264350719,Amazon AWS
264350720,264351743,Amazon AWS
264351744,264352767,Amazon AWS
264568832,264569343,Amazon AWS
264569344,264569599,Amazon AWS
264569600,264569855,Amazon AWS
264569856,264570879,Amazon AWS
264570880,264571903,Amazon AWS
264571904,264572927,Amazon AWS
264572928,264573439,Amazon AWS
264573440,264573951,Amazon AWS
264573952,264574975,Amazon AWS
264574976,264575999,Amazon AWS
264576000,264576511,Amazon AWS
264576512,264577023,Amazon AWS
264577024,264577535,Amazon AWS
264577536,264578047,Amazon AWS
264578048,264579071,Amazon AWS
264585216,264593407,Amazon AWS
264601600,264634367,Amazon AWS
264765440,264830975,Amazon AWS
264772448,264772479,Amazon AWS
264772608,264772639,Amazon AWS
264772640,264772671,Amazon AWS
264772688,264772691,Amazon AWS
264772696,264772703,Amazon AWS
264772848,264772863,Amazon AWS
264801536,264801663,Amazon AWS
264801664,264801791,Amazon AWS
264803840,264804351,Amazon AWS
264810496,264810623,Amazon AWS
264810624,264810639,Amazon AWS
264810688,264810751,Amazon AWS
264831232,264831487,Amazon AWS
265093120,265158655,Amazon AWS
265093824,265093887,Amazon AWS
265114112,265114623,Amazon AWS
265114624,265115135,Amazon AWS
265158656,265289727,Amazon AWS
265193856,265193919,Amazon AWS
265193920,265193983,Amazon AWS
265227520,265227583,Amazon AWS
265227648,265227775,Amazon AWS
265278848,265278975,Amazon AWS
265814016,265879551,Amazon AWS
265879552,265945087,Amazon AWS
265904128,265904383,Amazon AWS
266076160,266080255,Amazon AWS
266080256,266084351,Amazon AWS
266084352,266086399,Amazon AWS
266086400,266087423,Amazon AWS
266088448,266090495,Amazon AWS
266090496,266092543,Amazon AWS
266092544,266096639,Amazon AWS
266096640,266100735,Amazon AWS
266104832,266106879,Amazon AWS
266106880,266108927,Amazon AWS
266108928,266110975,Amazon AWS
266110976,266113023,Amazon AWS
266113024,266113535,Amazon AWS
266113536,266114047,Amazon AWS
266114048,266115071,Amazon AWS
266115072,266117119,Amazon AWS
266117120,266119167,Amazon AWS
266119168,266121215,Amazon AWS
266121216,266123263,Amazon AWS
266123264,266125311,Amazon AWS
266125312,266126335,Amazon AWS
266126336,266127359,Amazon AWS
266127360,266127871,Amazon AWS
266127872,266128383,Amazon AWS
266128384,266128639,Amazon AWS
266128640,266128895,Amazon AWS
266128896,266129151,Amazon AWS
266129152,266129407,Amazon AWS
266129536,266129599,Amazon AWS
266131456,266132479,Amazon AWS
266132480,266132991,Amazon AWS
266132992,266133503,Amazon AWS
266133504,266134015,Amazon AWS
266134016,266134271,Amazon AWS
266134272,266134527,Amazon AWS
266134528,266135551,Amazon AWS
266135552,266135807,Amazon AWS
266135808,266136063,Amazon AWS
266136064,266136575,Amazon AWS
266136576,266137599,Amazon AWS
266137600,266139647,Amazon AWS
266139648,266140159,Amazon AWS
266140160,266140671,Amazon AWS
266140672,266141695,Amazon AWS
266141696,266141951,Amazon AWS
266141952,266142207,Amazon AWS
266142208,266142463,Amazon AWS
266142464,266142719,Amazon AWS
266142720,266143231,Amazon AWS
266143232,266143487,Amazon AWS
266143488,266143743,Amazon AWS
266143744,266145791,Amazon AWS
266145792,266146815,Amazon AWS
266146816,266147839,Amazon AWS
266147840,266149887,Amazon AWS
266149888,266150143,Amazon AWS
266150144,266150399,Amazon AWS
266150400,266150655,Amazon AWS
266150656,266150911,Amazon AWS
266150912,266151935,Amazon AWS
266151936,266153983,Amazon AWS
266153984,266154239,Amazon AWS
266154240,266154495,Amazon AWS
266154496,266154751,Amazon AWS
266154752,266155007,Amazon AWS
266155008,266155263,Amazon AWS
266155264,266155519,Amazon AWS
266174464,266175487,Amazon AWS
266175488,266176511,Amazon AWS
266178560,266179071,Amazon AWS
266179072,266179583,Amazon AWS
266179584,266180095,Amazon AWS
266180096,266180607,Amazon AWS
266180608,266180863,Amazon AWS
266180864,266181119,Amazon AWS
266182656,266183679,Amazon AWS
266183680,266184703,Amazon AWS
266186752,266190847,Amazon AWS
266207232,266338303,Amazon AWS
266211336,266211343,Amazon AWS
266211360,266211391,Amazon AWS
266211424,266211455,Amazon AWS
266218240,266218271,Amazon AWS
266218272,266218303,Amazon AWS
266218304,266218367,Amazon AWS
266218368,266218431,Amazon AWS
266286080,266286591,Amazon AWS
266298368,266298623,Amazon AWS
266298880,266299391,Amazon AWS
266338304,266403839,Amazon AWS
266403840,266469375,Amazon AWS
266534912,266600447,Amazon AWS
266600448,266731519,Amazon AWS
266600768,266600831,Amazon AWS
266600832,266600895,Amazon AWS
266600896,266600959,Amazon AWS
266616832,266617855,Amazon AWS
266618944,266619007,Amazon AWS
266624192,266624207,Amazon AWS
266624208,266624223,Amazon AWS
266624224,266624255,Amazon AWS
266625280,266625535,Amazon AWS
266627056,266627063,Amazon AWS
266627072,266627327,Amazon AWS
266627328,266627583,Amazon AWS
266627584,266627839,Amazon AWS
266627840,266627855,Amazon AWS
266627856,266627871,Amazon AWS
266632752,266632755,Amazon AWS
266632776,266632779,Amazon AWS
266632904,266632911,Amazon AWS
266633472,266633727,Amazon AWS
266637312,266637567,Amazon AWS
266638976,266639039,Amazon AWS
266639104,266639359,Amazon AWS
266675200,266675711,Amazon AWS
266676224,266676735,Amazon AWS
266696752,266696759,Amazon AWS
266696760,266696767,Amazon AWS
266716672,266717183,Amazon AWS
266717184,266718207,Amazon AWS
266718914,266718915,Amazon AWS
266718916,266718919,Amazon AWS
266718944,266718945,Amazon AWS
266718948,266718951,Amazon AWS
266731524,266731524,Amazon AWS
266731525,266731525,Amazon AWS
266731526,266731527,Amazon AWS
266731528,266731529,Amazon AWS
266731532,266731533,Amazon AWS
266731534,266731534,Amazon AWS
266731776,266732031,Amazon AWS
266732288,266732543,Amazon AWS
266732561,266732561,Amazon AWS
266732563,266732563,Amazon AWS
266732672,266732672,Amazon AWS
266732673,266732673,Amazon AWS
266732674,266732674,Amazon AWS
266732675,266732675,Amazon AWS
266732692,266732693,Amazon AWS
266732694,266732695,Amazon AWS
266732696,266732697,Amazon AWS
266732698,266732699,Amazon AWS
266732700,266732701,Amazon AWS
266732702,266732703,Amazon AWS
266732704,266732705,Amazon AWS
266732706,266732707,Amazon AWS
266732708,266732709,Amazon AWS
266732710,266732711,Amazon AWS
266732720,266732735,Amazon AWS
266732800,266733055,Amazon AWS
266733056,266733311,Amazon AWS
266733834,266733835,Amazon AWS
266733836,266733837,Amazon AWS
266733838,266733839,Amazon AWS
266733868,266733868,Amazon AWS
266733869,266733869,Amazon AWS
266733870,266733870,Amazon AWS
266733871,266733871,Amazon AWS
266734072,266734072,Amazon AWS
266734076,266734077,Amazon AWS
266734080,266734335,Amazon AWS
266735104,266735359,Amazon AWS
266735360,266735360,Amazon AWS
266735363,266735363,Amazon AWS
266735364,266735364,Amazon AWS
266735365,266735365,Amazon AWS
266735366,266735366,Amazon AWS
266735367,266735367,Amazon AWS
266735368,266735368,Amazon AWS
266735369,266735369,Amazon AWS
266735370,266735370,Amazon AWS
266735371,266735371,Amazon AWS
266735373,266735373,Amazon AWS
266735374,266735374,Amazon AWS
266735375,266735375,Amazon AWS
266735376,266735376,Amazon AWS
266735384,266735384,Amazon AWS
266735385,266735385,Amazon AWS
266735386,266735386,Amazon AWS
266735387,266735387,Amazon AWS
266735388,266735388,Amazon AWS
266735389,266735389,Amazon AWS
266735390,266735390,Amazon AWS
266735391,266735391,Amazon AWS
266735392,266735393,Amazon AWS
266735394,266735395,Amazon AWS
266735396,266735397,Amazon AWS
266735398,266735399,Amazon AWS
266735400,266735401,Amazon AWS
266735402,266735403,Amazon AWS
266735404,266735405,Amazon AWS
266735406,266735407,Amazon AWS
266735408,266735409,Amazon AWS
266735410,266735411,Amazon AWS
266735412,266735413,Amazon AWS
266735414,266735415,Amazon AWS
266735416,266735417,Amazon AWS
266735418,266735419,Amazon AWS
266735420,266735421,Amazon AWS
266735422,266735423,Amazon AWS
266735424,266735425,Amazon AWS
266735426,266735427,Amazon AWS
266735428,266735429,Amazon AWS
266735430,266735431,Amazon AWS
266735432,266735433,Amazon AWS
266735434,266735435,Amazon AWS
266735436,266735437,Amazon AWS
266735438,266735439,Amazon AWS
266735440,266735441,Amazon AWS
266735442,266735443,Amazon AWS
266735444,266735445,Amazon AWS
266735446,266735447,Amazon AWS
266735448,266735449,Amazon AWS
266735450,266735451,Amazon AWS
266735452,266735453,Amazon AWS
266735454,266735455,Amazon AWS
266735456,266735457,Amazon AWS
266735458,266735459,Amazon AWS
266735460,266735461,Amazon AWS
266735462,266735463,Amazon AWS
266735464,266735465,Amazon AWS
266735466,266735467,Amazon AWS
266735468,266735469,Amazon AWS
266735470,266735471,Amazon AWS
266735472,266735473,Amazon AWS
266735474,266735475,Amazon AWS
266735476,266735477,Amazon AWS
266735478,266735479,Amazon AWS
266735480,266735481,Amazon AWS
266735482,266735483,Amazon AWS
266735484,266735485,Amazon AWS
266735486,266735487,Amazon AWS
266735488,266735489,Amazon AWS
266735490,266735491,Amazon AWS
266735492,266735493,Amazon AWS
266735494,266735495,Amazon AWS
266735496,266735497,Amazon AWS
266735498,266735499,Amazon AWS
266735500,266735501,Amazon AWS
266735502,266735503,Amazon AWS
266735504,266735505,Amazon AWS
266735506,266735507,Amazon AWS
266735508,266735509,Amazon AWS
266735510,266735511,Amazon AWS
266735512,266735513,Amazon AWS
266735514,266735515,Amazon AWS
266735516,266735517,Amazon AWS
266735518,266735519,Amazon AWS
266735520,266735521,Amazon AWS
266735522,266735523,Amazon AWS
266735524,266735525,Amazon AWS
266735526,266735527,Amazon AWS
266735528,266735529,Amazon AWS
266735530,266735531,Amazon AWS
266735532,266735533,Amazon AWS
266735534,266735535,Amazon AWS
266735536,266735537,Amazon AWS
266735538,266735539,Amazon AWS
266735540,266735541,Amazon AWS
266735542,266735543,Amazon AWS
266735544,266735545,Amazon AWS
266735546,266735547,Amazon AWS
266735548,266735549,Amazon AWS
266735550,266735551,Amazon AWS
266735552,266735553,Amazon AWS
266735554,266735555,Amazon AWS
266735560,266735561,Amazon AWS
266735562,266735563,Amazon AWS
266735564,266735565,Amazon AWS
266735566,266735567,Amazon AWS
266735568,266735569,Amazon AWS
266735570,266735571,Amazon AWS
266735572,266735573,Amazon AWS
266735574,266735575,Amazon AWS
266735576,266735577,Amazon AWS
266735578,266735579,Amazon AWS
266735614,266735614,Amazon AWS
266735615,266735615,Amazon AWS
266735616,266735871,Amazon AWS
266736128,266736383,Amazon AWS
266736384,266736639,Amazon AWS
266736896,266737151,Amazon AWS
266737152,266737407,Amazon AWS
266737408,266737663,Amazon AWS
266737664,266738687,Amazon AWS
266738688,266738943,Amazon AWS
266738944,266739199,Amazon AWS
266739200,266739455,Amazon AWS
266739456,266739711,Amazon AWS
266739712,266739967,Amazon AWS
266740480,266740735,Amazon AWS
266740736,266741247,Amazon AWS
266741248,266741503,Amazon AWS
266741504,266741505,Amazon AWS
266741506,266741507,Amazon AWS
266741508,266741509,Amazon AWS
266741510,266741511,Amazon AWS
266741512,266741513,Amazon AWS
266741514,266741515,Amazon AWS
266741516,266741517,Amazon AWS
266741518,266741519,Amazon AWS
266741520,266741521,Amazon AWS
266741522,266741523,Amazon AWS
266741524,266741525,Amazon AWS
266741526,266741527,Amazon AWS
266741528,266741529,Amazon AWS
266741530,266741531,Amazon AWS
266741532,266741533,Amazon AWS
266741534,266741535,Amazon AWS
266741536,266741537,Amazon AWS
266741538,266741539,Amazon AWS
266741540,266741541,Amazon AWS
266741542,266741543,Amazon AWS
266741544,266741545,Amazon AWS
266741546,266741547,Amazon AWS
266741548,266741549,Amazon AWS
266741550,266741551,Amazon AWS
266741552,266741553,Amazon AWS
266741554,266741555,Amazon AWS
266741556,266741557,Amazon AWS
266741558,266741559,Amazon AWS
266741560,266741561,Amazon AWS
266741562,266741563,Amazon AWS
266741564,266741565,Amazon AWS
266741566,266741567,Amazon AWS
266741568,266741569,Amazon AWS
266741570,266741571,Amazon AWS
266741572,266741573,Amazon AWS
266741574,266741575,Amazon AWS
266741576,266741577,Amazon AWS
266741578,266741579,Amazon AWS
266741580,266741581,Amazon AWS
266741582,266741583,Amazon AWS
266741584,266741585,Amazon AWS
266741586,266741587,Amazon AWS
266741588,266741589,Amazon AWS
266741590,266741591,Amazon AWS
266741592,266741593,Amazon AWS
266741594,266741595,Amazon AWS
266741596,266741597,Amazon AWS
266741598,266741599,Amazon AWS
266741600,266741601,Amazon AWS
266741602,266741603,Amazon AWS
266741604,266741605,Amazon AWS
266741606,266741607,Amazon AWS
266741608,266741609,Amazon AWS
266741610,266741611,Amazon AWS
266741612,266741613,Amazon AWS
266741614,266741615,Amazon AWS
266741616,266741617,Amazon AWS
266741618,266741619,Amazon AWS
266741620,266741621,Amazon AWS
266741622,266741623,Amazon AWS
266741624,266741625,Amazon AWS
266741626,266741627,Amazon AWS
266741628,266741629,Amazon AWS
266741630,266741631,Amazon AWS
266741632,266741633,Amazon AWS
266741634,266741635,Amazon AWS
266741636,266741637,Amazon AWS
266741638,266741639,Amazon AWS
266741640,266741641,Amazon AWS
266741642,266741643,Amazon AWS
266741644,266741645,Amazon AWS
266741646,266741647,Amazon AWS
266741648,266741649,Amazon AWS
266741650,266741651,Amazon AWS
266741652,266741653,Amazon AWS
266741654,266741655,Amazon AWS
266741656,266741657,Amazon AWS
266741658,266741659,Amazon AWS
266741660,266741661,Amazon AWS
266741662,266741663,Amazon AWS
266741664,266741665,Amazon AWS
266741666,266741667,Amazon AWS
266741668,266741669,Amazon AWS
266741670,266741671,Amazon AWS
266741672,266741673,Amazon AWS
266741674,266741675,Amazon AWS
266741676,266741677,Amazon AWS
266741678,266741679,Amazon AWS
266741680,266741681,Amazon AWS
266741682,266741683,Amazon AWS
266741684,266741685,Amazon AWS
266741686,266741687,Amazon AWS
266741688,266741689,Amazon AWS
266741690,266741691,Amazon AWS
266741692,266741693,Amazon AWS
266741694,266741695,Amazon AWS
266741696,266741697,Amazon AWS
266741698,266741699,Amazon AWS
266741700,266741701,Amazon AWS
266741702,266741703,Amazon AWS
266741704,266741705,Amazon AWS
266741706,266741707,Amazon AWS
266741708,266741709,Amazon AWS
266741710,266741711,Amazon AWS
266741712,266741713,Amazon AWS
266741714,266741715,Amazon AWS
266741716,266741717,Amazon AWS
266741718,266741719,Amazon AWS
266741720,266741721,Amazon AWS
266741722,266741723,Amazon AWS
266741724,266741725,Amazon AWS
266741726,266741727,Amazon AWS
266741728,266741729,Amazon AWS
266741730,266741731,Amazon AWS
266741732,266741733,Amazon AWS
266741734,266741735,Amazon AWS
266741736,266741737,Amazon AWS
266741738,266741739,Amazon AWS
266741740,266741741,Amazon AWS
266741742,266741743,Amazon AWS
266741744,266741745,Amazon AWS
266741746,266741747,Amazon AWS
266741748,266741749,Amazon AWS
266741750,266741751,Amazon AWS
266741752,266741753,Amazon AWS
266741754,266741755,Amazon AWS
266741756,266741757,Amazon AWS
266741758,266741759,Amazon AWS
266741760,266742015,Amazon AWS
266742016,266742271,Amazon AWS
266742272,266742527,Amazon AWS
266742528,266742783,Amazon AWS
266743808,266744063,Amazon AWS
266744064,266744319,Amazon AWS
266744320,266744575,Amazon AWS
266744576,266744831,Amazon AWS
266744832,266745087,Amazon AWS
266745088,266745343,Amazon AWS
266745344,266745599,Amazon AWS
266745600,266745855,Amazon AWS
266745856,266746111,Amazon AWS
266746112,266746367,Amazon AWS
266746368,266746623,Amazon AWS
266746624,266746879,Amazon AWS
266746880,266747135,Amazon AWS
266747136,266747391,Amazon AWS
266747392,266747647,Amazon AWS
266747648,266747649,Amazon AWS
266747650,266747651,Amazon AWS
266747652,266747653,Amazon AWS
266747654,266747654,Amazon AWS
266747656,266747657,Amazon AWS
266747658,266747659,Amazon AWS
266747904,266747967,Amazon AWS
266747968,266748031,Amazon AWS
266748032,266748095,Amazon AWS
266748096,266748159,Amazon AWS
266748160,266748223,Amazon AWS
266748224,266748287,Amazon AWS
266748288,266748415,Amazon AWS
266748416,266748543,Amazon AWS
266748544,266748671,Amazon AWS
266748672,266748735,Amazon AWS
266748736,266748799,Amazon AWS
266748800,266748863,Amazon AWS
266748864,266748927,Amazon AWS
266748928,266748991,Amazon AWS
266748992,266749055,Amazon AWS
266749056,266749119,Amazon AWS
266749120,266749183,Amazon AWS
266749184,266749247,Amazon AWS
266749248,266749311,Amazon AWS
266749312,266749375,Amazon AWS
266749376,266749439,Amazon AWS
266749440,266749503,Amazon AWS
266749504,266749567,Amazon AWS
266749568,266749631,Amazon AWS
266749632,266749695,Amazon AWS
266749696,266749759,Amazon AWS
266749760,266749823,Amazon AWS
266749824,266749887,Amazon AWS
266749888,266749951,Amazon AWS
266749952,266750015,Amazon AWS
266750016,266750079,Amazon AWS
266750080,266750143,Amazon AWS
266750144,266750207,Amazon AWS
266750208,266750271,Amazon AWS
266750272,266750335,Amazon AWS
266750336,266750399,Amazon AWS
266750400,266750463,Amazon AWS
266750464,266750527,Amazon AWS
266750528,266750591,Amazon AWS
266750592,266750655,Amazon AWS
266750656,266750719,Amazon AWS
266750720,266750783,Amazon AWS
266750784,266750847,Amazon AWS
266750848,266750911,Amazon AWS
266750912,266750975,Amazon AWS
266750976,266751039,Amazon AWS
266751040,266751103,Amazon AWS
266751104,266751167,Amazon AWS
266751168,266751231,Amazon AWS
266751232,266751295,Amazon AWS
266751296,266751359,Amazon AWS
266751360,266751423,Amazon AWS
266751424,266751487,Amazon AWS
266751488,266751551,Amazon AWS
266751552,266751615,Amazon AWS
266751616,266751679,Amazon AWS
266751680,266751743,Amazon AWS
266751744,266751807,Amazon AWS
266751808,266751871,Amazon AWS
266751872,266751935,Amazon AWS
266752000,266752255,Amazon AWS
266752256,266752511,Amazon AWS
266752512,266752767,Amazon AWS
266752768,266753023,Amazon AWS
266753024,266753279,Amazon AWS
266753280,266753535,Amazon AWS
266753536,266753791,Amazon AWS
266753792,266754047,Amazon AWS
266754048,266754303,Amazon AWS
266754304,266754559,Amazon AWS
266754560,266754815,Amazon AWS
266754816,266755071,Amazon AWS
266755072,266755327,Amazon AWS
266755328,266755583,Amazon AWS
266755584,266755839,Amazon AWS
266755840,266756095,Amazon AWS
266756096,266756351,Amazon AWS
266756352,266756607,Amazon AWS
266756608,266756863,Amazon AWS
266756864,266757119,Amazon AWS
266757120,266757121,Amazon AWS
266757122,266757122,Amazon AWS
266757376,266757631,Amazon AWS
266757632,266757887,Amazon AWS
266757888,266758143,Amazon AWS
266758144,266758399,Amazon AWS
266758400,266758655,Amazon AWS
266758656,266758911,Amazon AWS
266758912,266758912,Amazon AWS
266758914,266758915,Amazon AWS
266759168,266759423,Amazon AWS
266759424,266759679,Amazon AWS
266759680,266759935,Amazon AWS
266759936,266760191,Amazon AWS
266760192,266760447,Amazon AWS
266760448,266760703,Amazon AWS
266760704,266760959,Amazon AWS
266760960,266761215,Amazon AWS
266761216,266761471,Amazon AWS
266761472,266761473,Amazon AWS
266761728,266761983,Amazon AWS
266761984,266761985,Amazon AWS
266762240,266762241,Amazon AWS
266762496,266762497,Amazon AWS
266762498,266762498,Amazon AWS
266762499,266762499,Amazon AWS
266762500,266762500,Amazon AWS
266762501,266762501,Amazon AWS
266762502,266762503,Amazon AWS
266762504,266762505,Amazon AWS
266762752,266762752,Amazon AWS
266762753,266762753,Amazon AWS
266762754,266762754,Amazon AWS
266762755,266762755,Amazon AWS
266762756,266762757,Amazon AWS
266762758,266762759,Amazon AWS
266763008,266763263,Amazon AWS
266763264,266763519,Amazon AWS
266764544,266764799,Amazon AWS
266764800,266765055,Amazon AWS
266765056,266765311,Amazon AWS
266765312,266765567,Amazon AWS
266765568,266765823,Amazon AWS
266765824,266766079,Amazon AWS
266766080,266766335,Amazon AWS
266766336,266766591,Amazon AWS
266766592,266766847,Amazon AWS
266766848,266767103,Amazon AWS
266767360,266767615,Amazon AWS
266767616,266767871,Amazon AWS
266767872,266768127,Amazon AWS
266768128,266768383,Amazon AWS
266768384,266768639,Amazon AWS
266768640,266768895,Amazon AWS
266769152,266769407,Amazon AWS
266769408,266769663,Amazon AWS
266769664,266769665,Amazon AWS
266769666,266769667,Amazon AWS
266769668,266769669,Amazon AWS
266769672,266769673,Amazon AWS
266769674,266769674,Amazon AWS
266769675,266769675,Amazon AWS
266769920,266770431,Amazon AWS
266770432,266770687,Amazon AWS
266770688,266770943,Amazon AWS
266770944,266771455,Amazon AWS
266771456,266771711,Amazon AWS
266771712,266771967,Amazon AWS
266771968,266772479,Amazon AWS
266772480,266772735,Amazon AWS
266772736,266772991,Amazon AWS
266772992,266773247,Amazon AWS
266773248,266773503,Amazon AWS
266773504,266773759,Amazon AWS
266773760,266774015,Amazon AWS
266774016,266774271,Amazon AWS
266774272,266774527,Amazon AWS
266774528,266774783,Amazon AWS
266774784,266774785,Amazon AWS
266774786,266774786,Amazon AWS
266774787,266774787,Amazon AWS
266774788,266774789,Amazon AWS
266774790,266774791,Amazon AWS
266775040,266775551,Amazon AWS
266775808,266776063,Amazon AWS
266776064,266776319,Amazon AWS
266776576,266776831,Amazon AWS
266776832,266777087,Amazon AWS
266777088,266777343,Amazon AWS
266777344,266777351,Amazon AWS
266777352,266777359,Amazon AWS
266777360,266777367,Amazon AWS
266777600,266777855,Amazon AWS
266777856,266778111,Amazon AWS
266778112,266778367,Amazon AWS
266778368,266778623,Amazon AWS
266778624,266778879,Amazon AWS
266778880,266779135,Amazon AWS
266779136,266779391,Amazon AWS
266779392,266779647,Amazon AWS
266779648,266779775,Amazon AWS
266779776,266779903,Amazon AWS
266779904,266780031,Amazon AWS
266780032,266780159,Amazon AWS
266780160,266780287,Amazon AWS
266780288,266780415,Amazon AWS
266780672,266780927,Amazon AWS
266780928,266781183,Amazon AWS
266781184,266781439,Amazon AWS
266781440,266781695,Amazon AWS
266781696,266781951,Amazon AWS
266781952,266782207,Amazon AWS
266782208,266782463,Amazon AWS
266782464,266782479,Amazon AWS
266782720,266782975,Amazon AWS
266782976,266783231,Amazon AWS
266783232,266783235,Amazon AWS
266783488,266783743,Amazon AWS
266783744,266783871,Amazon AWS
266784000,266784255,Amazon AWS
266784256,266784511,Amazon AWS
266784512,266784767,Amazon AWS
266784768,266785023,Amazon AWS
266785024,266785279,Amazon AWS
266785280,266785791,Amazon AWS
266785792,266786303,Amazon AWS
266786304,266786559,Amazon AWS
266786560,266786815,Amazon AWS
266786816,266786817,Amazon AWS
266786818,266786819,Amazon AWS
266786820,266786821,Amazon AWS
266786822,266786823,Amazon AWS
266786824,266786824,Amazon AWS
266786825,266786825,Amazon AWS
266786826,266786826,Amazon AWS
266786827,266786827,Amazon AWS
266786828,266786829,Amazon AWS
266787072,266787327,Amazon AWS
266787328,266787583,Amazon AWS
266787584,266787839,Amazon AWS
266787840,266788095,Amazon AWS
266788096,266788351,Amazon AWS
266788352,266788607,Amazon AWS
266788608,266788609,Amazon AWS
266788610,266788611,Amazon AWS
266788612,266788613,Amazon AWS
266788614,266788615,Amazon AWS
266788616,266788617,Amazon AWS
266788618,266788619,Amazon AWS
266788620,266788620,Amazon AWS
266788621,266788621,Amazon AWS
266788622,266788622,Amazon AWS
266788623,266788623,Amazon AWS
266792960,266793215,Amazon AWS
266793216,266793471,Amazon AWS
266793472,266793727,Amazon AWS
266793728,266793983,Amazon AWS
266793984,266794239,Amazon AWS
266794240,266794495,Amazon AWS
266794496,266794751,Amazon AWS
266794752,266795007,Amazon AWS
266795008,266795263,Amazon AWS
266795264,266795519,Amazon AWS
266795520,266795775,Amazon AWS
266795776,266795777,Amazon AWS
266795778,266795779,Amazon AWS
266795780,266795781,Amazon AWS
266795782,266795782,Amazon AWS
266795783,266795783,Amazon AWS
266796032,266796287,Amazon AWS
266796288,266796543,Amazon AWS
266796544,266796545,Amazon AWS
266796546,266796547,Amazon AWS
266796548,266796548,Amazon AWS
266796800,266797055,Amazon AWS
266862592,266928127,Amazon AWS
266928128,266993663,Amazon AWS
267124736,267255807,Amazon AWS
267145216,267145727,Amazon AWS
267164608,267164671,Amazon AWS
267183872,267183935,Amazon AWS
267183936,267183999,Amazon AWS
267231784,267231787,Amazon AWS
267386880,267452415,Amazon AWS
267452416,267517951,Amazon AWS
267913216,267914239,Amazon AWS
267915264,267916287,Amazon AWS
267916288,267917311,Amazon AWS
267917312,267918335,Amazon AWS
267918336,267919359,Amazon AWS
267919360,267920383,Amazon AWS
267920384,267921407,Amazon AWS
267921408,267922431,Amazon AWS
267923456,267925503,Amazon AWS
267925504,267927551,Amazon AWS
267927552,267929599,Amazon AWS
267931648,267935743,Amazon AWS
267937792,267938047,Amazon AWS
267938304,267938559,Amazon AWS
267938560,267938815,Amazon AWS
267939840,267941887,Amazon AWS
267941888,267943935,Amazon AWS
267943936,267945983,Amazon AWS
267945984,267946239,Amazon AWS
267946240,267946495,Amazon AWS
267946496,267946751,Amazon AWS
267947008,267947263,Amazon AWS
267947264,267947519,Amazon AWS
267947520,267947775,Amazon AWS
267947776,267948031,Amazon AWS
267948032,267950079,Amazon AWS
267950080,267952127,Amazon AWS
267952128,267952383,Amazon AWS
267952384,267952639,Amazon AWS
267952640,267952895,Amazon AWS
267953152,267953407,Amazon AWS
267953408,267953408,Amazon AWS
267953409,267953409,Amazon AWS
267953410,267953410,Amazon AWS
267953411,267953411,Amazon AWS
267954176,267956223,Amazon AWS
267956224,267958271,Amazon AWS
267958272,267960319,Amazon AWS
267976704,268042239,Amazon AWS
268107776,268107776,Amazon AWS
268107777,268107777,Amazon AWS
268107778,268107778,Amazon AWS
268107779,268107779,Amazon AWS
268107780,268107780,Amazon AWS
268107781,268107781,Amazon AWS
268107782,268107782,Amazon AWS
268107783,268107783,Amazon AWS
268107784,268107784,Amazon AWS
268107785,268107785,Amazon AWS
268107786,268107786,Amazon AWS
268107787,268107787,Amazon AWS
268107788,268107788,Amazon AWS
268107789,268107789,Amazon AWS
268107790,268107790,Amazon AWS
268107791,268107791,Amazon AWS
268107796,268107796,Amazon AWS
268107797,268107797,Amazon AWS
268107798,268107798,Amazon AWS
268107799,268107799,Amazon AWS
268107800,268107800,Amazon AWS
268107801,268107801,Amazon AWS
268107802,268107802,Amazon AWS
268107803,268107803,Amazon AWS
268107804,268107804,Amazon AWS
268107805,268107805,Amazon AWS
268107809,268107809,Amazon AWS
268107810,268107810,Amazon AWS
268107823,268107823,Amazon AWS
268107824,268107824,Amazon AWS
268173312,268238847,Amazon AWS
268238848,268304383,Amazon AWS
268304384,268369919,Amazon AWS
268697600,268763135,Amazon AWS
268828672,268894207,Amazon AWS
269156352,269221887,Amazon AWS
269221888,269222399,Amazon AWS
269222400,269222655,Amazon AWS
269222656,269222911,Amazon AWS
269222912,269223423,Amazon AWS
269223424,269223935,Amazon AWS
269223936,269224191,Amazon AWS
269224192,269224447,Amazon AWS
269224448,269224959,Amazon AWS
269224960,269225471,Amazon AWS
269225472,269225727,Amazon AWS
269225728,269225983,Amazon AWS
269225984,269226495,Amazon AWS
269226496,269227007,Amazon AWS
269227008,269227263,Amazon AWS
269227264,269227519,Amazon AWS
269228032,269230079,Amazon AWS
269230080,269231103,Amazon AWS
269231104,269232127,Amazon AWS
269232128,269232639,Amazon AWS
269232640,269233151,Amazon AWS
269233152,269233407,Amazon AWS
269234176,269236223,Amazon AWS
269236224,269236735,Amazon AWS
269236736,269236991,Amazon AWS
269236992,269237247,Amazon AWS
269237248,269238271,Amazon AWS
269238272,269239295,Amazon AWS
269240064,269240319,Amazon AWS
269240320,269240831,Amazon AWS
269240832,269241087,Amazon AWS
269241088,269241343,Amazon AWS
269241344,269241855,Amazon AWS
269241856,269242367,Amazon AWS
269242368,269242623,Amazon AWS
269242624,269242879,Amazon AWS
269242880,269243391,Amazon AWS
269243392,269243903,Amazon AWS
269243904,269244159,Amazon AWS
269244416,269246463,Amazon AWS
269246464,269248511,Amazon AWS
269248512,269250559,Amazon AWS
269250560,269252607,Amazon AWS
269252608,269253631,Amazon AWS
269418496,269420543,Amazon AWS
269420544,269421567,Amazon AWS
269421568,269422591,Amazon AWS
269422592,269423615,Amazon AWS
269423616,269424639,Amazon AWS
269424640,269425663,Amazon AWS
269426688,269430783,Amazon AWS
269430784,269431295,Amazon AWS
269431296,269431807,Amazon AWS
269431808,269432319,Amazon AWS
269432320,269432831,Amazon AWS
269432832,269433343,Amazon AWS
269433344,269433855,Amazon AWS
269458432,269459455,Amazon AWS
269459456,269460479,Amazon AWS
269460480,269461503,Amazon AWS
269461504,269462527,Amazon AWS
269462528,269463551,Amazon AWS
269463552,269467647,Amazon AWS
269467648,269484031,Amazon AWS
269484032,269549567,Amazon AWS
269484544,269485055,Amazon AWS
269511680,269512191,Amazon AWS
269615104,269680639,Amazon AWS
269632512,269633535,Amazon AWS
269680640,269746175,Amazon AWS
269877248,269942783,Amazon AWS
269887888,269887903,Amazon AWS
269887904,269887935,Amazon AWS
269908224,269908287,Amazon AWS
269908288,269908303,Amazon AWS
269942784,270008319,Amazon AWS
270008320,270073855,Amazon AWS
270016000,270016511,Amazon AWS
270016512,270017535,Amazon AWS
270020152,270020159,Amazon AWS
270025140,270025141,Amazon AWS
270025144,270025147,Amazon AWS
270031686,270031687,Amazon AWS
270031728,270031731,Amazon AWS
270031732,270031733,Amazon AWS
270031736,270031739,Amazon AWS
270073856,270139391,Amazon AWS
270139392,270204927,Amazon AWS
270204928,270270463,Amazon AWS
270270464,270335999,Amazon AWS
270336000,270401535,Amazon AWS
270401536,270467071,Amazon AWS
270467072,270532607,Amazon AWS
271581184,271646719,Amazon AWS
271646720,271712255,Amazon AWS
271712256,271843327,Amazon AWS
271729152,271729407,Amazon AWS
271729408,271729471,Amazon AWS
271729472,271729535,Amazon AWS
271729536,271729599,Amazon AWS
271730112,271730127,Amazon AWS
271730128,271730143,Amazon AWS
271730176,271730687,Amazon AWS
271749120,271749247,Amazon AWS
271749248,271749375,Amazon AWS
271753472,271753599,Amazon AWS
271758720,271758847,Amazon AWS
271758848,271758975,Amazon AWS
271759360,271759871,Amazon AWS
271764992,271765119,Amazon AWS
271775776,271775791,Amazon AWS
271775824,271775831,Amazon AWS
271785472,271785983,Amazon AWS
271785984,271787007,Amazon AWS
271799816,271799823,Amazon AWS
271799824,271799831,Amazon AWS
271843328,271908863,Amazon AWS
271908864,271974399,Amazon AWS
271974400,272105471,Amazon AWS
272017920,272018431,Amazon AWS
272105472,272121855,Amazon AWS
272121856,272138239,Amazon AWS
272138240,272154623,Amazon AWS
272154624,272171007,Amazon AWS
272171008,272187391,Amazon AWS
272236544,272302079,Amazon AWS
272237056,272237567,Amazon AWS
272302080,272367615,Amazon AWS
272367616,272433151,Amazon AWS
272424448,272424959,Amazon AWS
272424960,272425983,Amazon AWS
272425984,272426111,Amazon AWS
272426144,272426151,Amazon AWS
272426152,272426159,Amazon AWS
272426160,272426163,Amazon AWS
272433152,272498687,Amazon AWS
272450560,272451071,Amazon AWS
272474624,272475135,Amazon AWS
272498688,272629759,Amazon AWS
272500672,272500735,Amazon AWS
272511744,272511999,Amazon AWS
272512512,272512575,Amazon AWS
272512576,272512639,Amazon AWS
272513248,272513263,Amazon AWS
272513264,272513279,Amazon AWS
272516608,272517119,Amazon AWS
272534528,272534655,Amazon AWS
272534656,272534783,Amazon AWS
272534784,272535039,Amazon AWS
272545664,272545791,Amazon AWS
272546816,272546943,Amazon AWS
272547040,272547055,Amazon AWS
272548352,272548479,Amazon AWS
272562304,272562431,Amazon AWS
272569344,272569471,Amazon AWS
272583944,272583951,Amazon AWS
272586752,272587775,Amazon AWS
272587776,272588287,Amazon AWS
272629760,272662527,Amazon AWS
272638976,272639487,Amazon AWS
272655872,272656383,Amazon AWS
272695296,272760831,Amazon AWS
272714240,272714751,Amazon AWS
272760832,272826367,Amazon AWS
272826368,272891903,Amazon AWS
273088512,273104895,Amazon AWS
273104896,273121279,Amazon AWS
273416192,273481727,Amazon AWS
273481728,273547263,Amazon AWS
273547264,273612799,Amazon AWS
273612800,273678335,Amazon AWS
275382272,275447807,Amazon AWS
275447808,275513343,Amazon AWS
275775488,275841023,Amazon AWS
275841024,275906559,Amazon AWS
275855872,275856383,Amazon AWS
277610496,277676031,Amazon AWS
277676032,277741567,Amazon AWS
277872640,277938175,Amazon AWS
277938176,278003711,Amazon AWS
278003712,278069247,Amazon AWS
278044976,278044983,Amazon AWS
278044984,278044991,Amazon AWS
278069248,278134783,Amazon AWS
278115840,278116351,Amazon AWS
278134784,278200319,Amazon AWS
278200320,278265855,Amazon AWS
278265856,278331391,Amazon AWS
278331392,278396927,Amazon AWS
278396928,278462463,Amazon AWS
278462464,278527999,Amazon AWS
278528000,278659071,Amazon AWS
278659072,278790143,Amazon AWS
278790144,278921215,Amazon AWS
279052288,279183359,Amazon AWS
279065600,279065855,Amazon AWS
279093856,279093863,Amazon AWS
279134016,279134079,Amazon AWS
279168000,279169023,Amazon AWS
279170560,279171071,Amazon AWS
279183360,279248895,Amazon AWS
279188992,279188993,Amazon AWS
279188996,279188999,Amazon AWS
279248896,279314431,Amazon AWS
279445504,279576575,Amazon AWS
279576576,279707647,Amazon AWS
279627520,279627583,Amazon AWS
279654400,279655423,Amazon AWS
279662592,279663615,Amazon AWS
279838720,279904255,Amazon AWS
279852544,279853055,Amazon AWS
279853056,279854079,Amazon AWS
279904256,279969791,Amazon AWS
279969792,280035327,Amazon AWS
279978880,279979007,Amazon AWS
279987456,279987583,Amazon AWS
280035328,280100863,Amazon AWS
280100864,280231935,Amazon AWS
280231936,280297471,Amazon AWS
280297472,280363007,Amazon AWS
280363008,280428543,Amazon AWS
280494080,280510463,Amazon AWS
280510464,280526847,Amazon AWS
280526848,280559615,Amazon AWS
280559616,280625151,Amazon AWS
280625152,280690687,Amazon AWS
280690688,280756223,Amazon AWS
280756224,280821759,Amazon AWS
280821760,280887295,Amazon AWS
281018368,281083903,Amazon AWS
281083904,281149439,Amazon AWS
281149440,281214975,Amazon AWS
281214976,281280511,Amazon AWS
281280512,281346047,Amazon AWS
281346048,281411583,Amazon AWS
281411584,281477119,Amazon AWS
281477120,281542655,Amazon AWS
281935872,282001407,Amazon AWS
282001408,282066943,Amazon AWS
282066944,282132479,Amazon AWS
282078208,282079231,Amazon AWS
282132480,282198015,Amazon AWS
282460160,282461183,Amazon AWS
282461184,282462207,Amazon AWS
282462208,282463231,Amazon AWS
282464256,282465279,Amazon AWS
282465280,282466303,Amazon AWS
282466304,282467327,Amazon AWS
282467328,282468351,Amazon AWS
282468352,282469375,Amazon AWS
282469376,282470399,Amazon AWS
282470400,282471423,Amazon AWS
282471424,282472447,Amazon AWS
282472448,282473471,Amazon AWS
282473472,282474495,Amazon AWS
282474496,282475519,Amazon AWS
304218112,304226303,Amazon AWS
304230400,304234495,Amazon AWS
304236544,304238591,Amazon AWS
304277504,304279551,Amazon AWS
304280576,304281599,Amazon AWS
304282624,304283647,Amazon AWS
305922048,306053119,Amazon AWS
305938624,305938687,Amazon AWS
305938688,305938943,Amazon AWS
305939456,305939519,Amazon AWS
305939520,305939583,Amazon AWS
305941504,305942015,Amazon AWS
305942208,305942223,Amazon AWS
305942224,305942239,Amazon AWS
305942256,305942271,Amazon AWS
305954048,305954303,Amazon AWS
305954560,305954815,Amazon AWS
305954816,305955071,Amazon AWS
305960704,305960831,Amazon AWS
305960832,305960959,Amazon AWS
305960960,305961215,Amazon AWS
305971200,305971327,Amazon AWS
305972224,305972351,Amazon AWS
305972352,305972479,Amazon AWS
305986808,305986815,Amazon AWS
305994240,305994367,Amazon AWS
305994368,305994495,Amazon AWS
306018304,306019327,Amazon AWS
306019328,306019839,Amazon AWS
306021616,306021623,Amazon AWS
306021624,306021631,Amazon AWS
306035968,306036223,Amazon AWS
306184192,306446335,Amazon AWS
306446336,306511871,Amazon AWS
307757056,307773439,Amazon AWS
307773440,307789823,Amazon AWS
307789824,307806207,Amazon AWS
307822592,307838975,Amazon AWS
307855360,307871743,Amazon AWS
308281344,308281599,Amazon AWS
308281600,308281855,Amazon AWS
308281856,308282111,Amazon AWS
308282112,308282367,Amazon AWS
308282368,308283391,Amazon AWS
308283392,308285439,Amazon AWS
308285440,308289535,Amazon AWS
308285696,308285823,Amazon AWS
308289536,308297727,Amazon AWS
308291456,308291583,Amazon AWS
308297728,308305919,Amazon AWS
308305920,308314111,Amazon AWS
308314112,308322303,Amazon AWS
308322304,308330495,Amazon AWS
308330496,308338687,Amazon AWS
308331008,308331135,Amazon AWS
308338688,308346879,Amazon AWS
308340480,308340607,Amazon AWS
308346880,308363263,Amazon AWS
308355456,308355583,Amazon AWS
308363264,308367359,Amazon AWS
308367360,308371455,Amazon AWS
308371456,308375551,Amazon AWS
308375552,308379647,Amazon AWS
308379648,308396031,Amazon AWS
308382592,308382719,Amazon AWS
308396032,308412415,Amazon AWS
308397696,308397823,Amazon AWS
308412416,308428799,Amazon AWS
308417664,308417791,Amazon AWS
308428800,308436991,Amazon AWS
308429440,308429567,Amazon AWS
308436992,308445183,Amazon AWS
308445184,308453375,Amazon AWS
308446336,308446463,Amazon AWS
308453376,308461567,Amazon AWS
308454400,308454527,Amazon AWS
308461568,308469759,Amazon AWS
308469760,308477951,Amazon AWS
308477952,308486143,Amazon AWS
308479104,308479231,Amazon AWS
308486144,308494335,Amazon AWS
308494336,308502527,Amazon AWS
308497280,308497407,Amazon AWS
308502528,308506623,Amazon AWS
308503680,308503807,Amazon AWS
308506624,308510719,Amazon AWS
308510720,308514815,Amazon AWS
308510976,308511103,Amazon AWS
308514816,308518911,Amazon AWS
308518912,308523007,Amazon AWS
308523008,308527103,Amazon AWS
308523264,308523391,Amazon AWS
308527104,308531199,Amazon AWS
308527360,308527487,Amazon AWS
308531200,308535295,Amazon AWS
308535296,308539391,Amazon AWS
308539392,308543487,Amazon AWS
308543488,308674559,Amazon AWS
308560000,308560063,Amazon AWS
308560064,308560127,Amazon AWS
308560128,308560191,Amazon AWS
308560384,308560895,Amazon AWS
308561792,308561919,Amazon AWS
308562432,308562943,Amazon AWS
308584448,308584703,Amazon AWS
308590592,308590719,Amazon AWS
308590720,308590847,Amazon AWS
308593280,308593407,Amazon AWS
308593792,308593919,Amazon AWS
308597184,308597199,Amazon AWS
308597216,308597231,Amazon AWS
308597232,308597247,Amazon AWS
308629504,308630527,Amazon AWS
308630528,308631039,Amazon AWS
308632112,308632119,Amazon AWS
308632120,308632121,Amazon AWS
308632122,308632123,Amazon AWS
308632124,308632127,Amazon AWS
308663296,308663807,Amazon AWS
308674560,308740095,Amazon AWS
308675072,308675583,Amazon AWS
308715072,308715135,Amazon AWS
308715136,308715263,Amazon AWS
308715520,308716543,Amazon AWS
308723148,308723149,Amazon AWS
308723152,308723155,Amazon AWS
309592064,309854207,Amazon AWS
309718852,309718855,Amazon AWS
310509568,310575103,Amazon AWS
310533008,310533011,Amazon AWS
310533012,310533015,Amazon AWS
310640640,310902783,Amazon AWS
310646016,310646271,Amazon AWS
310646272,310646783,Amazon AWS
310678208,310678271,Amazon AWS
310717696,310717759,Amazon AWS
310717760,310717823,Amazon AWS
310789120,310790143,Amazon AWS
310837152,310837183,Amazon AWS
310837184,310837215,Amazon AWS
310837216,310837247,Amazon AWS
310895296,310895359,Amazon AWS
310902784,310968319,Amazon AWS
310903232,310903263,Amazon AWS
310903264,310903295,Amazon AWS
311033856,311164927,Amazon AWS
311068288,311068415,Amazon AWS
311096320,311096831,Amazon AWS
311151792,311151807,Amazon AWS
311151808,311151839,Amazon AWS
311164928,311295999,Amazon AWS
311210240,311210303,Amazon AWS
311210304,311210367,Amazon AWS
311247608,311247611,Amazon AWS
311247612,311247615,Amazon AWS
311268352,311268415,Amazon AWS
311268480,311268607,Amazon AWS
311268864,311269375,Amazon AWS
311269376,311269631,Amazon AWS
311269888,311270399,Amazon AWS
311288320,311288831,Amazon AWS
311291392,311291455,Amazon AWS
311291460,311291463,Amazon AWS
311296000,311427071,Amazon AWS
311413824,311413887,Amazon AWS
311414424,311414431,Amazon AWS
311414432,311414439,Amazon AWS
311427072,311558143,Amazon AWS
311446560,311446567,Amazon AWS
311446656,311446783,Amazon AWS
311467520,311467551,Amazon AWS
311467584,311467647,Amazon AWS
311474176,311474687,Amazon AWS
311478976,311479039,Amazon AWS
312016896,312082431,Amazon AWS
312027136,312028159,Amazon AWS
312046464,312046527,Amazon AWS
312046528,312046591,Amazon AWS
312059904,312060415,Amazon AWS
312064084,312064085,Amazon AWS
312064088,312064091,Amazon AWS
312064142,312064143,Amazon AWS
312064148,312064151,Amazon AWS
312082432,312213503,Amazon AWS
312213504,312475647,Amazon AWS
312226816,312227071,Amazon AWS
312227328,312227839,Amazon AWS
312297408,312297471,Amazon AWS
312339840,312339903,Amazon AWS
312339904,312339967,Amazon AWS
312475648,312606719,Amazon AWS
312606720,312672255,Amazon AWS
312639232,312639263,Amazon AWS
312639264,312639295,Amazon AWS
312639296,312639327,Amazon AWS
312655104,312655359,Amazon AWS
312663424,312663455,Amazon AWS
312663456,312663487,Amazon AWS
312663488,312663519,Amazon AWS
312672256,312737791,Amazon AWS
312689152,312689663,Amazon AWS
312689664,312689727,Amazon AWS
312707872,312707903,Amazon AWS
312723712,312723775,Amazon AWS
312723808,312723839,Amazon AWS
312724480,312724991,Amazon AWS
312737792,312868863,Amazon AWS
312868864,312999935,Amazon AWS
312874048,312874111,Amazon AWS
312874112,312874175,Amazon AWS
312874176,312874239,Amazon AWS
312929600,312929631,Amazon AWS
312929632,312929663,Amazon AWS
312929664,312929695,Amazon AWS
312957000,312957007,Amazon AWS
312957008,312957011,Amazon AWS
312957024,312957039,Amazon AWS
312957040,312957055,Amazon AWS
312962816,312963071,Amazon AWS
312963072,312963327,Amazon AWS
312963328,312963583,Amazon AWS
312999936,313262079,Amazon AWS
313008384,313008639,Amazon AWS
313008640,313009151,Amazon AWS
313009152,313009407,Amazon AWS
313009408,313009439,Amazon AWS
313009440,313009455,Amazon AWS
313009456,313009459,Amazon AWS
313009472,313009535,Amazon AWS
313009544,313009551,Amazon AWS
313009552,313009555,Amazon AWS
313009568,313009583,Amazon AWS
313009584,313009599,Amazon AWS
313033984,313034239,Amazon AWS
313124488,313124491,Amazon AWS
313124552,313124559,Amazon AWS
313205632,313205695,Amazon AWS
313205716,313205717,Amazon AWS
313205718,313205719,Amazon AWS
313212704,313212707,Amazon AWS
313212708,313212711,Amazon AWS
313262080,313393151,Amazon AWS
313458688,313524223,Amazon AWS
313475328,313475583,Amazon AWS
313475584,313475839,Amazon AWS
313475840,313476095,Amazon AWS
313524224,313655295,Amazon AWS
313576312,313576315,Amazon AWS
313629888,313629951,Amazon AWS
313655296,313720831,Amazon AWS
313720832,313786367,Amazon AWS
313733216,313733247,Amazon AWS
313733248,313733279,Amazon AWS
313786368,313917439,Amazon AWS
313808896,313809407,Amazon AWS
313831936,313832191,Amazon AWS
313832448,313832959,Amazon AWS
313904256,313904319,Amazon AWS
313904320,313904383,Amazon AWS
313913856,313914367,Amazon AWS
313917440,313982975,Amazon AWS
313942080,313942143,Amazon AWS
313982976,314048511,Amazon AWS
313992448,313992511,Amazon AWS
314048512,314179583,Amazon AWS
314049152,314049279,Amazon AWS
314084064,314084095,Amazon AWS
314100608,314100639,Amazon AWS
314310656,314376191,Amazon AWS
314312960,314312991,Amazon AWS
314312992,314313023,Amazon AWS
314313024,314313031,Amazon AWS
314313040,314313047,Amazon AWS
314313048,314313055,Amazon AWS
314376192,314441727,Amazon AWS
314441728,314507263,Amazon AWS
314507264,314572799,Amazon AWS
314572800,314703871,Amazon AWS
314609152,314609663,Amazon AWS
314628096,314629119,Amazon AWS
314703872,314834943,Amazon AWS
314834944,314966015,Amazon AWS
314876160,314876191,Amazon AWS
314876192,314876223,Amazon AWS
314876240,314876247,Amazon AWS
314876248,314876255,Amazon AWS
314876344,314876351,Amazon AWS
314876352,314876359,Amazon AWS
314876360,314876367,Amazon AWS
314891776,314892031,Amazon AWS
314892032,314892287,Amazon AWS
314966016,315097087,Amazon AWS
315048960,315049983,Amazon AWS
315049984,315051007,Amazon AWS
315051008,315052031,Amazon AWS
315077772,315077775,Amazon AWS
315085568,315085823,Amazon AWS
315097088,315162623,Amazon AWS
315115834,315115835,Amazon AWS
315115836,315115839,Amazon AWS
315151360,315151871,Amazon AWS
315162624,315228159,Amazon AWS
315228160,315359231,Amazon AWS
315283504,315283511,Amazon AWS
315359232,315621375,Amazon AWS
315517720,315517727,Amazon AWS
315517856,315517863,Amazon AWS
315621376,316145663,Amazon AWS
315715904,315715935,Amazon AWS
315716080,315716095,Amazon AWS
315989088,315989103,Amazon AWS
316145664,316407807,Amazon AWS
316189312,316189439,Amazon AWS
316221760,316221823,Amazon AWS
316221888,316221895,Amazon AWS
316221896,316221903,Amazon AWS
316221904,316221911,Amazon AWS
316221912,316221919,Amazon AWS
316407808,316669951,Amazon AWS
316669952,316932095,Amazon AWS
316801536,316802047,Amazon AWS
316932096,316997631,Amazon AWS
316932352,316932359,Amazon AWS
316932360,316932367,Amazon AWS
316932368,316932375,Amazon AWS
316950048,316950055,Amazon AWS
316995072,316995583,Amazon AWS
316997632,317063167,Amazon AWS
317007104,317007135,Amazon AWS
317007136,317007167,Amazon AWS
317015648,317015679,Amazon AWS
317022976,317023231,Amazon AWS
317023232,317023295,Amazon AWS
317023344,317023347,Amazon AWS
317023348,317023351,Amazon AWS
317023360,317023391,Amazon AWS
317023392,317023423,Amazon AWS
317023424,317023487,Amazon AWS
317054080,317054143,Amazon AWS
317054144,317054207,Amazon AWS
317063168,317128703,Amazon AWS
317074944,317074975,Amazon AWS
317074976,317075007,Amazon AWS
317075072,317075135,Amazon AWS
317076992,317077503,Amazon AWS
317089536,317089791,Amazon AWS
317089792,317090303,Amazon AWS
317121792,317122047,Amazon AWS
317122048,317122175,Amazon AWS
317128704,317194239,Amazon AWS
317155584,317155599,Amazon AWS
317155712,317155743,Amazon AWS
317155744,317155751,Amazon AWS
317155752,317155759,Amazon AWS
317155760,317155767,Amazon AWS
317155768,317155775,Amazon AWS
317178376,317178383,Amazon AWS
317194240,317456383,Amazon AWS
317194528,317194531,Amazon AWS
317194532,317194535,Amazon AWS
317194536,317194539,Amazon AWS
317194540,317194543,Amazon AWS
317194544,317194559,Amazon AWS
317194560,317194623,Amazon AWS
317194624,317194687,Amazon AWS
317194688,317194751,Amazon AWS
317456384,317587455,Amazon AWS
317472000,317472127,Amazon AWS
317557920,317557927,Amazon AWS
317587456,317718527,Amazon AWS
317980672,318111743,Amazon AWS
318111744,318177279,Amazon AWS
318134272,318134783,Amazon AWS
318135296,318136319,Amazon AWS
318136320,318137343,Amazon AWS
318137344,318138367,Amazon AWS
318139144,318139151,Amazon AWS
318139264,318139271,Amazon AWS
318140416,318141439,Amazon AWS
318141440,318142463,Amazon AWS
318142464,318143487,Amazon AWS
318149760,318149887,Amazon AWS
318150400,318150527,Amazon AWS
318156800,318157055,Amazon AWS
318157312,318157823,Amazon AWS
318158080,318158335,Amazon AWS
318158336,318158847,Amazon AWS
318158848,318159359,Amazon AWS
318160512,318160639,Amazon AWS
318168064,318168191,Amazon AWS
318168192,318168319,Amazon AWS
318169106,318169106,Amazon AWS
318169112,318169119,Amazon AWS
318169288,318169289,Amazon AWS
318169290,318169291,Amazon AWS
318169292,318169295,Amazon AWS
318169296,318169299,Amazon AWS
318169300,318169301,Amazon AWS
318169302,318169303,Amazon AWS
318169304,318169307,Amazon AWS
318169308,318169311,Amazon AWS
318169312,318169313,Amazon AWS
318169314,318169315,Amazon AWS
318169316,318169319,Amazon AWS
318169320,318169323,Amazon AWS
318169324,318169325,Amazon AWS
318169326,318169327,Amazon AWS
318169328,318169331,Amazon AWS
318169332,318169335,Amazon AWS
318169336,318169337,Amazon AWS
318169340,318169343,Amazon AWS
318504960,318570495,Amazon AWS
318505984,318505987,Amazon AWS
318506000,318506007,Amazon AWS
318506048,318506063,Amazon AWS
318506064,318506079,Amazon AWS
318506080,318506095,Amazon AWS
318519296,318519807,Amazon AWS
318519808,318520319,Amazon AWS
318537216,318537343,Amazon AWS
318541824,318541951,Amazon AWS
318541952,318542079,Amazon AWS
318542080,318542207,Amazon AWS
318542236,318542239,Amazon AWS
318542240,318542247,Amazon AWS
318542248,318542255,Amazon AWS
318542272,318542287,Amazon AWS
318542288,318542303,Amazon AWS
318547200,318547263,Amazon AWS
318547340,318547343,Amazon AWS
318570496,318636031,Amazon AWS
318605824,318605831,Amazon AWS
318605832,318605839,Amazon AWS
318605840,318605847,Amazon AWS
318605848,318605855,Amazon AWS
318605856,318605863,Amazon AWS
318605864,318605871,Amazon AWS
318605872,318605879,Amazon AWS
318605880,318605887,Amazon AWS
318605888,318605895,Amazon AWS
318605896,318605903,Amazon AWS
318605904,318605911,Amazon AWS
318605912,318605919,Amazon AWS
318613248,318613375,Amazon AWS
318613376,318613503,Amazon AWS
318613504,318613631,Amazon AWS
318618112,318618367,Amazon AWS
318622720,318622751,Amazon AWS
318622752,318622783,Amazon AWS
318622784,318622815,Amazon AWS
318636032,318701567,Amazon AWS
318641984,318642047,Amazon AWS
318651776,318651839,Amazon AWS
318653440,318653951,Amazon AWS
318671872,318672895,Amazon AWS
318673920,318674943,Amazon AWS
335642624,335675391,GitHub
335740928,335806463,GitHub
335806464,335871999,GitHub
336003072,336068607,GitHub
336068608,336134143,GitHub
336134144,336166911,GitHub
336166912,336199679,GitHub
336199680,336265215,GitHub
336330752,336363519,GitHub
336363520,336396287,GitHub
336396288,336429055,GitHub
336429056,336461823,GitHub
336461824,336494591,GitHub
336494592,336527359,GitHub
336527360,336560127,GitHub
336560128,336592895,GitHub
336592896,336658431,GitHub
336676864,336678911,GitHub
336771072,336773119,GitHub
336868640,336868671,GitHub
336868672,336868735,GitHub
336869120,336869151,GitHub
336874496,336874623,GitHub
336874624,336874655,GitHub
336874656,336874671,GitHub
336874672,336874675,GitHub
336874680,336874687,GitHub
336874688,336874751,GitHub
336874752,336875007,GitHub
336875008,336875519,GitHub
336878592,336878623,GitHub
336878624,336878639,GitHub
336878640,336878641,GitHub
336878648,336878655,GitHub
336878656,336878687,GitHub
336878688,336878703,GitHub
336878704,336878707,GitHub
336878714,336878715,GitHub
336878716,336878719,GitHub
336878720,336878847,GitHub
336878848,336878911,GitHub
336878912,336878943,GitHub
336878944,336878959,GitHub
336878960,336878967,GitHub
336878968,336878971,GitHub
336878972,336878973,GitHub
336878980,336878983,GitHub
336878984,336878991,GitHub
336878992,336878999,GitHub
336879004,336879007,GitHub
336879008,336879039,GitHub
336879040,336879047,GitHub
336879048,336879051,GitHub
336879052,336879053,GitHub
336879060,336879063,GitHub
336879064,336879071,GitHub
336879072,336879103,GitHub
336879104,336879359,GitHub
336879360,336879487,GitHub
336879488,336879551,GitHub
336879552,336879583,GitHub
336879584,336879599,GitHub
336879600,336879603,GitHub
336880640,336880895,GitHub
336880896,336881023,GitHub
336881024,336881031,GitHub
336881032,336881035,GitHub
336881040,336881055,GitHub
336881056,336881087,GitHub
336881088,336881151,GitHub
336881152,336881183,GitHub
336881184,336881199,GitHub
336881200,336881207,GitHub
336881208,336881211,GitHub
336881220,336881223,GitHub
336881224,336881231,GitHub
336881232,336881239,GitHub
336881242,336881243,GitHub
336881244,336881245,GitHub
336881248,336881279,GitHub
336881280,336881407,GitHub
336881408,336881663,GitHub
336882688,336882943,GitHub
336882944,336883071,GitHub
336883072,336883103,GitHub
336883104,336883111,GitHub
336883112,336883115,GitHub
336883116,336883117,GitHub
336883126,336883127,GitHub
336883128,336883135,GitHub
336883136,336883199,GitHub
336883200,336883327,GitHub
336883328,336883343,GitHub
336883344,336883351,GitHub
336883352,336883355,GitHub
336883362,336883363,GitHub
336883364,336883367,GitHub
336883368,336883375,GitHub
336883376,336883391,GitHub
336883392,336883455,GitHub
336883456,336883711,GitHub
336887808,336888063,GitHub
336888064,336888319,GitHub
336888320,336888575,GitHub
336888576,336888831,GitHub
336888832,336889343,GitHub
336889344,336889599,GitHub
336889600,336889855,GitHub
336890112,336890367,GitHub
336890368,336890623,GitHub
336890624,336890879,GitHub
336890880,336891135,GitHub
336891136,336891391,GitHub
336891904,336892159,GitHub
336892160,336892415,GitHub
336903680,336904191,GitHub
336986112,337051647,GitHub
337051648,337117183,GitHub
337182720,337215487,GitHub
337215488,337231871,GitHub
337231872,337248255,GitHub
337288402,337288402,GitHub
337288403,337288403,GitHub
337288406,337288406,GitHub
337288407,337288407,GitHub
337359217,337359217,GitHub
337359220,337359220,GitHub
337359221,337359221,GitHub
337359222,337359222,GitHub
337444864,337477631,GitHub
337477632,337510399,GitHub
337479185,337479185,GitHub
337479186,337479186,GitHub
337479187,337479187,GitHub
337479191,337479191,GitHub
337575936,337641471,GitHub
337707008,337707263,GitHub
337707264,337707519,GitHub
337707520,337707775,GitHub
337707776,337708031,GitHub
337708032,337708287,GitHub
337708544,337708799,GitHub
337709056,337709311,GitHub
337710080,337710335,GitHub
337710336,337710591,GitHub
337710592,337710847,GitHub
337710848,337711103,GitHub
337711360,337711615,GitHub
337712128,337712383,GitHub
337712384,337712639,GitHub
337712640,337712895,GitHub
337713408,337713663,GitHub
337713664,337713919,GitHub
337713920,337714175,GitHub
337714432,337714687,GitHub
337714688,337714943,GitHub
337714944,337715199,GitHub
337715200,337715455,GitHub
337715456,337715711,GitHub
337716224,337716479,GitHub
337716480,337716735,GitHub
337716992,337717247,GitHub
337717248,337717503,GitHub
337717504,337717759,GitHub
337717760,337718015,GitHub
337718272,337718527,GitHub
337718528,337718783,GitHub
337718784,337719039,GitHub
337719296,337719551,GitHub
337719552,337719807,GitHub
337720064,337720319,GitHub
337720576,337720831,GitHub
337721088,337721343,GitHub
337721600,337721855,GitHub
337722112,337722367,GitHub
337722624,337722879,GitHub
337723904,337724159,GitHub
337724160,337724415,GitHub
337724416,337724671,GitHub
337724672,337724927,GitHub
337725440,337725695,GitHub
337725696,337725951,GitHub
337726208,337726463,GitHub
337726464,337726719,GitHub
337726720,337726975,GitHub
337726976,337727231,GitHub
337727232,337727487,GitHub
337727744,337727999,GitHub
337729024,337729279,GitHub
337729536,337729791,GitHub
337730560,337730815,GitHub
337731840,337732095,GitHub
337733632,337733887,GitHub
337733888,337734143,GitHub
337734400,337734655,GitHub
337735168,337735423,GitHub
337736192,337736447,GitHub
337736448,337736703,GitHub
337736704,337736959,GitHub
337738496,337738751,GitHub
337739264,337739519,GitHub
337739520,337739775,GitHub
337741056,337741311,GitHub
337741568,337741823,GitHub
337742336,337742591,GitHub
337743616,337743871,GitHub
337743872,337744127,GitHub
337744128,337744383,GitHub
337744640,337744895,GitHub
337745152,337745407,GitHub
337745408,337745663,GitHub
337745664,337745919,GitHub
337746944,337747199,GitHub
337747200,337747455,GitHub
337747712,337747967,GitHub
337747968,337748223,GitHub
337748736,337748991,GitHub
337748992,337749247,GitHub
337749248,337749503,GitHub
337749760,337750015,GitHub
337752576,337752831,GitHub
337754368,337754623,GitHub
337754624,337754879,GitHub
337754880,337755135,GitHub
337755392,337755647,GitHub
337755904,337756159,GitHub
337756160,337756415,GitHub
337757440,337757695,GitHub
337757696,337757951,GitHub
337758464,337758719,GitHub
337759488,337759743,GitHub
337759744,337759999,GitHub
337760000,337760255,GitHub
337760256,337760511,GitHub
337760512,337760767,GitHub
337761024,337761279,GitHub
337761536,337761791,GitHub
337762304,337762559,GitHub
337762560,337762815,GitHub
337762816,337763071,GitHub
337763840,337764351,GitHub
337764352,337764863,GitHub
337764864,337765375,GitHub
337765376,337765887,GitHub
337765888,337766143,GitHub
337766400,337766655,GitHub
337768704,337768959,GitHub
337769216,337769471,GitHub
337769472,337769727,GitHub
337769984,337770239,GitHub
337770240,337770495,GitHub
337770496,337771519,GitHub
337771520,337771775,GitHub
337771776,337772031,GitHub
337772032,337772287,GitHub
337772288,337772543,GitHub
337903616,337911807,GitHub
337928192,337930239,GitHub
337936384,337969151,GitHub
338001920,338018303,GitHub
338034688,338038783,GitHub
338042880,338046975,GitHub
338051072,338059263,GitHub
338059264,338059775,GitHub
338059776,338060031,GitHub
338060032,338060287,GitHub
338060288,338060799,GitHub
338060800,338061311,GitHub
338061312,338061823,GitHub
338062336,338062847,GitHub
338063872,338063999,GitHub
338065792,338065919,GitHub
338065920,338066431,GitHub
338071552,338073599,GitHub
338075648,338079743,GitHub
338079744,338081791,GitHub
338085888,338086911,GitHub
338087936,338088959,GitHub
338108416,338116607,GitHub
338132992,338137087,GitHub
338171904,338173951,GitHub
338214912,338231295,GitHub
338231296,338247679,GitHub
338264064,338280447,GitHub
338296832,338329599,GitHub
338329600,338337791,GitHub
338337792,338338303,GitHub
338339840,338341887,GitHub
338341888,338345983,GitHub
338362368,338370559,GitHub
338411520,338427903,GitHub
338429952,338431999,GitHub
338432000,338434047,GitHub
338444288,338460671,GitHub
338493440,338509823,GitHub
338524160,338526207,GitHub
338616320,338624511,GitHub
338624512,338624767,GitHub
338624768,338625023,GitHub
338625024,338625279,GitHub
338625280,338625535,GitHub
338625536,338625791,GitHub
338626304,338626559,GitHub
338626560,338626815,GitHub
338628352,338628607,GitHub
338628608,338629119,GitHub
338629120,338629631,GitHub
338629632,338630143,GitHub
338630144,338630655,GitHub
338630656,338631167,GitHub
338631936,338632191,GitHub
338632192,338632447,GitHub
338632448,338632703,GitHub
338632704,338632959,GitHub
338634752,338635007,GitHub
338635008,338635263,GitHub
338639360,338639871,GitHub
338639872,338640383,GitHub
338640384,338640895,GitHub
338642176,338642431,GitHub
338642432,338642687,GitHub
338643968,338644479,GitHub
338644480,338644991,GitHub
338646784,338647039,GitHub
338647040,338647295,GitHub
338649088,338649599,GitHub
338650112,338650367,GitHub
338651136,338651391,GitHub
338651904,338652159,GitHub
338652160,338652671,GitHub
338652672,338652927,GitHub
338652928,338653183,GitHub
338653440,338653695,GitHub
338653952,338654207,GitHub
338654208,338654463,GitHub
338654464,338654719,GitHub
338654720,338654975,GitHub
338654976,338655231,GitHub
338655232,338655743,GitHub
338722816,338739199,GitHub
338739200,338743295,GitHub
338743296,338745343,GitHub
338747392,338755583,GitHub
338755584,338771967,GitHub
338778112,338780159,GitHub
338780160,338782207,GitHub
338782208,338784255,GitHub
338784256,338786303,GitHub
338786304,338788351,GitHub
338821120,338837503,GitHub
338837504,338841599,GitHub
338841600,338843647,GitHub
338843648,338845695,GitHub
338853888,338886655,GitHub
338886656,338888703,GitHub
338888704,338890751,GitHub
338894848,338903039,GitHub
338903040,338919423,GitHub
338908992,338909007,GitHub
338919424,338952191,GitHub
339083264,339116031,GitHub
339116032,339148799,GitHub
339148800,339181567,GitHub
339181568,339197951,GitHub
339197952,339214335,GitHub
339214336,339279871,GitHub
339279872,339312639,GitHub
339312640,339329023,GitHub
339329024,339337215,GitHub
339337216,339345407,GitHub
339410944,339427327,GitHub
339427328,339443711,GitHub
339443712,339460095,GitHub
339460096,339476479,GitHub
339476480,339476735,GitHub
339476736,339476991,GitHub
339476992,339477503,GitHub
339477504,339477759,GitHub
339478016,339478527,GitHub
339480064,339480319,GitHub
339481088,339481343,GitHub
339481344,339481599,GitHub
339481600,339481855,GitHub
339483136,339483647,GitHub
339483648,339484159,GitHub
339484160,339484671,GitHub
339485184,339485695,GitHub
339486208,339486719,GitHub
339486720,339487231,GitHub
339487232,339487743,GitHub
339487872,339487999,GitHub
339488768,339489791,GitHub
339489792,339490303,GitHub
339490816,339491839,GitHub
339491840,339492863,GitHub
339492864,339493887,GitHub
339493888,339494911,GitHub
339496960,339497471,GitHub
339497472,339497983,GitHub
339499008,339500031,GitHub
339506944,339507199,GitHub
339507200,339507711,GitHub
339507712,339507967,GitHub
339509248,339509759,GitHub
339509760,339510015,GitHub
339510272,339510783,GitHub
339510784,339511295,GitHub
339511552,339511807,GitHub
339512320,339512831,GitHub
339512832,339513343,GitHub
339513344,339513855,GitHub
339513856,339514367,GitHub
339514368,339514879,GitHub
339514880,339515391,GitHub
339515392,339515903,GitHub
339517440,339517951,GitHub
339517952,339518463,GitHub
339519488,339519999,GitHub
339522048,339522559,GitHub
339522560,339523071,GitHub
339526144,339526655,GitHub
339526656,339527167,GitHub
339528704,339529215,GitHub
339532288,339532799,GitHub
339532800,339533311,GitHub
339533312,339533823,GitHub
339533824,339534335,GitHub
339534848,339535359,GitHub
339535360,339535871,GitHub
339535872,339536383,GitHub
339536896,339537407,GitHub
339537920,339538431,GitHub
339538432,339538943,GitHub
339538944,339539455,GitHub
339539456,339539967,GitHub
339540480,339540991,GitHub
339542016,339607551,GitHub
339607552,339640319,GitHub
339640320,339673087,GitHub
339673088,339705855,GitHub
339738624,339771391,GitHub
339771392,339804159,GitHub
339804160,339836927,GitHub
339836928,339869695,GitHub
339869696,339902463,GitHub
339902464,339935231,GitHub
339935232,339967999,GitHub
339968000,340000767,GitHub
340066304,340082687,GitHub
340082688,340099071,GitHub
340099072,340115455,GitHub
340115456,340131839,GitHub
340197376,340262911,GitHub
340271104,340279295,GitHub
340279296,340295679,GitHub
340295680,340312063,GitHub
340312064,340328447,GitHub
340328448,340393983,GitHub
340459520,340492287,GitHub
340492288,340525055,GitHub
340525056,340590591,GitHub
340787200,340803583,GitHub
340803584,340819967,GitHub
340819968,340836351,GitHub
340836352,340852735,GitHub
340852736,340885503,GitHub
340885504,340918271,GitHub
340918272,340951039,GitHub
340951040,340983807,GitHub
340983808,341000191,GitHub
341000192,341016575,GitHub
341016576,341032959,GitHub
341032960,341049343,GitHub
341049344,341082111,GitHub
341082112,341114879,GitHub
341114880,341147647,GitHub
341147648,341180415,GitHub
341180416,341245951,GitHub
341308672,341308672,GitHub
341308673,341308673,GitHub
341308676,341308676,GitHub
341308678,341308678,GitHub
341311488,341327871,GitHub
341336064,341344255,GitHub
341344256,341360639,GitHub
341360640,341377023,GitHub
341639168,341671935,GitHub
341671936,341704703,GitHub
341704704,341737471,GitHub
341737472,341753855,GitHub
341753856,341770239,GitHub
341770240,341770495,GitHub
341770496,341770751,GitHub
341770752,341771007,GitHub
341771008,341771263,GitHub
341771264,341771519,GitHub
341771520,341771775,GitHub
341771776,341772031,GitHub
341772032,341772287,GitHub
341772288,341774335,GitHub
341774336,341774591,GitHub
341774592,341774847,GitHub
341774848,341775103,GitHub
341775104,341775359,GitHub
341775360,341775615,GitHub
341775616,341775871,GitHub
341775872,341776127,GitHub
341776128,341776383,GitHub
341776384,341776639,GitHub
341776640,341776895,GitHub
341776896,341777151,GitHub
341777152,341777407,GitHub
341777408,341777663,GitHub
341777664,341777919,GitHub
341777920,341778175,GitHub
341778176,341778431,GitHub
341778432,341778687,GitHub
341778688,341778943,GitHub
341778944,341779199,GitHub
341779200,341779455,GitHub
341779456,341779711,GitHub
341779712,341779967,GitHub
341779968,341780479,GitHub
341780480,341782527,GitHub
341782528,341782783,GitHub
341782784,341783039,GitHub
341783040,341783295,GitHub
341783296,341783551,GitHub
341783552,341783807,GitHub
341783808,341784063,GitHub
341784064,341784319,GitHub
341784320,341784575,GitHub
341784576,341784831,GitHub
341784832,341785087,GitHub
341785088,341785343,GitHub
341785344,341785599,GitHub
341785600,341785855,GitHub
341785856,341786111,GitHub
341786112,341786367,GitHub
341786368,341786623,GitHub
341786624,341786879,GitHub
341787136,341787391,GitHub
341787648,341788159,GitHub
341788672,341789183,GitHub
341789696,341790207,GitHub
341790976,341791231,GitHub
341792768,341794815,GitHub
341795328,341795583,GitHub
341796608,341796863,GitHub
341797632,341797887,GitHub
341801216,341801471,GitHub
341801472,341801727,GitHub
341802496,341802751,GitHub
341833728,341833983,GitHub
341833984,341834239,GitHub
341834240,341834495,GitHub
341834496,341834751,GitHub
341835520,341835527,GitHub
341835776,341901311,GitHub
341901312,341934079,GitHub
341934080,341966847,GitHub
341966848,341983231,GitHub
341983232,341999615,GitHub
341999616,342015999,GitHub
342016000,342032383,GitHub
342065152,342097919,GitHub
342163456,342228991,GitHub
342228992,342261759,GitHub
342278144,342294527,GitHub
342294528,342360063,GitHub
342360064,342392831,GitHub
342392832,342409215,GitHub
342409216,342425599,GitHub
342425600,342458367,GitHub
342458368,342491135,GitHub
342491136,342507519,GitHub
342507520,342523903,GitHub
342523904,342556671,GitHub
342556672,342589439,GitHub
342589440,342622207,GitHub
342687744,342720511,GitHub
342720512,342736895,GitHub
342736896,342753279,GitHub
342753280,342818815,GitHub
342884352,342917119,GitHub
342925312,342929407,GitHub
342929408,342931455,GitHub
342931456,342933503,GitHub
342933504,342949887,GitHub
343015424,343031807,GitHub
343031808,343048191,GitHub
343048192,343080959,GitHub
343080960,343113727,GitHub
343113728,343146495,GitHub
343146496,343212031,GitHub
343277568,343293951,GitHub
343293952,343310335,GitHub
343310336,343326719,GitHub
343326720,343343103,GitHub
343343104,343375871,GitHub
343375872,343408639,GitHub
343408640,343441407,GitHub
343441408,343474175,GitHub
343474176,343539711,GitHub
343539712,343605247,GitHub
343605248,343638015,GitHub
343638016,343670783,GitHub
343670784,343736319,GitHub
343736320,343752703,GitHub
343752704,343769087,GitHub
343769088,343777279,GitHub
343777280,343785471,GitHub
343785472,343793663,GitHub
343793664,343797759,GitHub
343797760,343801855,GitHub
343801856,343867391,GitHub
343867392,343932927,GitHub
344391680,344392703,GitHub
344392704,344393215,GitHub
344393216,344393727,GitHub
344393728,344394751,GitHub
344394752,344395775,GitHub
344395776,344396287,GitHub
344396288,344396799,GitHub
344396800,344397311,GitHub
344397312,344397823,GitHub
344397824,344398335,GitHub
344408576,344409087,GitHub
344409600,344410111,GitHub
344410112,344410623,GitHub
344410624,344411135,GitHub
344425984,344426495,GitHub
344426496,344427519,GitHub
344427520,344428543,GitHub
344428544,344429055,GitHub
344438272,344438783,GitHub
344438784,344439807,GitHub
344439808,344440831,GitHub
344440832,344441343,GitHub
344441344,344441855,GitHub
344441856,344442879,GitHub
344442880,344443903,GitHub
344443904,344444415,GitHub
344446976,344447999,GitHub
344448000,344448511,GitHub
344448512,344449023,GitHub
344449024,344450047,GitHub
344450048,344451071,GitHub
344451072,344451583,GitHub
344456704,344457215,GitHub
344457216,344457343,GitHub
344457344,344457471,GitHub
344457472,344457727,GitHub
344457728,344457983,GitHub
344457984,344458111,GitHub
344458112,344458239,GitHub
344458240,344458495,GitHub
344458496,344458751,GitHub
344459008,344459135,GitHub
344915968,344916223,GitHub
344916224,344916479,GitHub
344916480,344916735,GitHub
344916736,344916991,GitHub
344916992,344917247,GitHub
344917248,344917503,GitHub
344918016,344918527,GitHub
344918528,344919039,GitHub
344919040,344919295,GitHub
344919296,344919551,GitHub
344924160,344924671,GitHub
344924672,344925183,GitHub
344925696,344925951,GitHub
344925952,344926207,GitHub
344927744,344928255,GitHub
344928768,344929279,GitHub
344929280,344929791,GitHub
344932352,344932863,GitHub
344932864,344933375,GitHub
344933376,344934399,GitHub
344934400,344934911,GitHub
344934912,344935423,GitHub
344935424,344936447,GitHub
344936448,344937471,GitHub
344937472,344938495,GitHub
344938496,344939007,GitHub
344939008,344939519,GitHub
344945152,344945663,GitHub
344946176,344946687,GitHub
344947712,344948223,GitHub
344948224,344948735,GitHub
344950784,344951295,GitHub
344953344,344953855,GitHub
344957952,344958463,GitHub
344959488,344959999,GitHub
344960000,344960511,GitHub
344961536,344962047,GitHub
344962560,344963071,GitHub
344963584,344964095,GitHub
344964096,344964607,GitHub
344965120,344965631,GitHub
344965632,344966143,GitHub
344966144,344966655,GitHub
344966656,344967167,GitHub
344968192,344968703,GitHub
344969216,344969727,GitHub
345374976,345375103,GitHub
345376768,345377279,GitHub
345378816,345379071,GitHub
345379072,345379199,GitHub
345379968,345380095,GitHub
345381120,345381375,GitHub
345381376,345381631,GitHub
345382144,345382399,GitHub
345382400,345382655,GitHub
345382656,345382911,GitHub
345382912,345383423,GitHub
345383424,345383935,GitHub
345383936,345384191,GitHub
345384192,345384447,GitHub
345384448,345384959,GitHub
345385088,345385215,GitHub
345385472,345385727,GitHub
345385856,345385983,GitHub
345386880,345387007,GitHub
345387008,345387263,GitHub
345387264,345387519,GitHub
345387520,345388031,GitHub
345389568,345389823,GitHub
345390848,345391103,GitHub
345391872,345392127,GitHub
345392128,345392383,GitHub
345392640,345392895,GitHub
345392896,345393151,GitHub
345393152,345393407,GitHub
345393664,345393919,GitHub
345393920,345394175,GitHub
345394176,345394431,GitHub
345394432,345394687,GitHub
345394688,345394943,GitHub
345394944,345395199,GitHub
345395456,345395711,GitHub
345395712,345395967,GitHub
345395968,345396223,GitHub
345396224,345396479,GitHub
345396992,345397247,GitHub
345397248,345397503,GitHub
345397504,345397759,GitHub
345397760,345398015,GitHub
345398016,345398271,GitHub
345398528,345398783,GitHub
345398784,345399039,GitHub
345399040,345399295,GitHub
345399808,345400063,GitHub
345400320,345400575,GitHub
345400832,345401087,GitHub
345401344,345401599,GitHub
345402112,345402367,GitHub
345403648,345403903,GitHub
345405952,345406207,GitHub
345406976,345407231,GitHub
345407488,345440255,GitHub
345440256,345505791,GitHub
345505792,345506303,GitHub
345506304,345506815,GitHub
345506816,345507327,GitHub
345507328,345507839,GitHub
345509888,345510911,GitHub
345512960,345513471,GitHub
345515008,345516031,GitHub
345516032,345517055,GitHub
345517056,345517567,GitHub
345517568,345518079,GitHub
345522688,345523199,GitHub
345523200,345523711,GitHub
345524736,345525247,GitHub
345525248,345526271,GitHub
345526272,345526783,GitHub
345526784,345527295,GitHub
345527296,345527807,GitHub
345527808,345528319,GitHub
345528320,345528831,GitHub
345528832,345529343,GitHub
345529344,345529855,GitHub
345530368,345530879,GitHub
345530880,345531391,GitHub
345531392,345531903,GitHub
345531904,345532415,GitHub
345532416,345532927,GitHub
345532928,345533439,GitHub
345533440,345533951,GitHub
345533952,345534463,GitHub
345534464,345534975,GitHub
345571328,345571583,GitHub
345571584,345571839,GitHub
345571840,345572095,GitHub
345572096,345572351,GitHub
345572352,345572607,GitHub
345572608,345572863,GitHub
345574400,345574655,GitHub
345574656,345574911,GitHub
345575168,345575423,GitHub
345575680,345575935,GitHub
345575936,345576191,GitHub
345576960,345577215,GitHub
345577472,345577727,GitHub
345577728,345577983,GitHub
345578752,345579007,GitHub
345579008,345579263,GitHub
345579264,345579519,GitHub
345579520,345579775,GitHub
345580032,345580287,GitHub
345580288,345580543,GitHub
345580544,345580799,GitHub
345581568,345581823,GitHub
345581824,345582079,GitHub
345583360,345583615,GitHub
345583872,345584127,GitHub
345584128,345584383,GitHub
345584384,345584639,GitHub
345585408,345585663,GitHub
345585920,345586175,GitHub
345586944,345587199,GitHub
345587456,345587711,GitHub
345587712,345587967,GitHub
345587968,345588223,GitHub
345588224,345588351,GitHub
345588352,345588479,GitHub
345588480,345588735,GitHub
345588736,345588991,GitHub
345588992,345589119,GitHub
345589120,345589183,GitHub
345589504,345589759,GitHub
345589760,345590271,GitHub
345590272,345590527,GitHub
345590528,345590783,GitHub
345590784,345591039,GitHub
345591296,345591551,GitHub
345591552,345591807,GitHub
345592064,345592319,GitHub
345592832,345593343,GitHub
345593344,345593599,GitHub
345593600,345593855,GitHub
345593856,345594111,GitHub
345594112,345594367,GitHub
345594368,345594623,GitHub
345595648,345595903,GitHub
345596160,345596415,GitHub
345596416,345596671,GitHub
345596672,345596927,GitHub
345598208,345598463,GitHub
345598464,345598719,GitHub
345598720,345598975,GitHub
345598976,345599231,GitHub
345599488,345599743,GitHub
345600256,345600511,GitHub
345600768,345601023,GitHub
345601280,345601535,GitHub
345601536,345601791,GitHub
345603072,345603327,GitHub
345603328,345603583,GitHub
345603584,345603839,GitHub
345603840,345604095,GitHub
345604608,345604863,GitHub
345605632,345605887,GitHub
345605888,345606143,GitHub
345606144,345606399,GitHub
345606400,345606655,GitHub
345607424,345607679,GitHub
345608192,345608447,GitHub
345608448,345608703,GitHub
345608704,345608959,GitHub
345609728,345610239,GitHub
345610240,345610495,GitHub
345610752,345611007,GitHub
345611008,345611263,GitHub
345611264,345611519,GitHub
345611520,345611775,GitHub
345612032,345612287,GitHub
345612288,345613311,GitHub
345613312,345613567,GitHub
345613568,345613823,GitHub
345613824,345614335,GitHub
345614336,345616383,GitHub
345616384,345617407,GitHub
345617408,345617663,GitHub
345619456,345619967,GitHub
345619968,345620223,GitHub
345624064,345624575,GitHub
345624576,345625599,GitHub
345625600,345626111,GitHub
345626112,345626367,GitHub
345628160,345628671,GitHub
345628672,345629183,GitHub
345834496,345835007,GitHub
345835008,345835519,GitHub
345835520,345836543,GitHub
345837824,345838079,GitHub
345838080,345838335,GitHub
345838336,345838591,GitHub
345838848,345839103,GitHub
345839104,345839359,GitHub
345839616,345839871,GitHub
345839872,345840127,GitHub
345840128,345840383,GitHub
345840384,345840639,GitHub
345840896,345841151,GitHub
345841152,345841407,GitHub
345841664,345841919,GitHub
345841920,345842175,GitHub
345842176,345842687,GitHub
345842688,345843199,GitHub
345843456,345843711,GitHub
345843712,345843967,GitHub
345843968,345844223,GitHub
345844480,345844735,GitHub
345845504,345845759,GitHub
345845760,345846271,GitHub
345846272,345846783,GitHub
345846784,345847039,GitHub
345847296,345847551,GitHub
345848064,345848319,GitHub
345848576,345848831,GitHub
345848832,345849087,GitHub
345849088,345849343,GitHub
345849344,345849855,GitHub
345849856,345851903,GitHub
345851904,345852159,GitHub
345852160,345852415,GitHub
345852928,345853951,GitHub
345853952,345854975,GitHub
345854976,345855231,GitHub
345855488,345855743,GitHub
345855744,345855999,GitHub
345856000,345856255,GitHub
345856512,345856767,GitHub
345856768,345857023,GitHub
345857280,345857535,GitHub
345857792,345858047,GitHub
345858304,345858559,GitHub
345858816,345859071,GitHub
345859072,345859327,GitHub
345860096,345860351,GitHub
345860352,345860607,GitHub
345860608,345860863,GitHub
345861376,345861631,GitHub
345861632,345861887,GitHub
345861888,345862143,GitHub
345862400,345862655,GitHub
345862656,345862911,GitHub
345862912,345863167,GitHub
345863168,345863423,GitHub
345863680,345863935,GitHub
345863936,345864191,GitHub
345864448,345864703,GitHub
345864704,345864959,GitHub
345864960,345865215,GitHub
345865216,345865471,GitHub
345865472,345865727,GitHub
345865984,345866239,GitHub
345866752,345867007,GitHub
345867264,345867519,GitHub
345867776,345868031,GitHub
345869824,345870335,GitHub
345870592,345870847,GitHub
345870848,345871103,GitHub
345871104,345871359,GitHub
345871360,345871615,GitHub
345873920,345874175,GitHub
345874176,345874431,GitHub
345874688,345874943,GitHub
345875200,345875455,GitHub
345875456,345875711,GitHub
345875968,345876223,GitHub
345876224,345876479,GitHub
345876992,345877247,GitHub
345877248,345877503,GitHub
345877504,345877759,GitHub
345879296,345879551,GitHub
345879552,345879807,GitHub
345879808,345880063,GitHub
345880576,345880831,GitHub
345880832,345881087,GitHub
345881088,345881343,GitHub
345882368,345882623,GitHub
345883136,345883391,GitHub
345886976,345887231,GitHub
345887744,345887999,GitHub
345888512,345888767,GitHub
345888768,345889023,GitHub
345889024,345889279,GitHub
345890048,345890303,GitHub
345890560,345890815,GitHub
345892352,345892607,GitHub
345892608,345892863,GitHub
345893888,345894143,GitHub
345894656,345894911,GitHub
345894912,345895167,GitHub
345895936,345896191,GitHub
345896192,345896447,GitHub
345896704,345896959,GitHub
345896960,345897215,GitHub
345897216,345897471,GitHub
345897472,345897727,GitHub
345897728,345897983,GitHub
345897984,345898239,GitHub
345898240,345898495,GitHub
346030080,346095615,GitHub
346095616,346161151,GitHub
346226688,346259455,GitHub
346259456,346292223,GitHub
346357760,346390527,GitHub
346390528,346423295,GitHub
346423296,346488831,GitHub
346554368,346587135,GitHub
346587136,346595327,GitHub
346595328,346597375,GitHub
346599424,346603519,GitHub
346603520,346619903,GitHub
346619904,346652671,GitHub
346652672,346685439,GitHub
346750976,346816511,GitHub
346816512,346849279,GitHub
346849280,346882047,GitHub
347013120,347045887,GitHub
347045888,347078655,GitHub
347062418,347062418,GitHub
347062419,347062419,GitHub
347062421,347062421,GitHub
347062422,347062422,GitHub
347619328,347635711,GitHub
347635712,347668479,GitHub
347668480,347734015,GitHub
347734016,347766783,GitHub
347766784,347783167,GitHub
347783168,347799551,GitHub
347799552,347815935,GitHub
347881472,347889663,GitHub
347930624,347947007,GitHub
347963392,347979775,GitHub
347996160,348012543,GitHub
348028928,348029183,GitHub
348029184,348029439,GitHub
348029440,348029695,GitHub
348029696,348029951,GitHub
348029952,348030207,GitHub
348030208,348030463,GitHub
348030464,348030719,GitHub
348030720,348030975,GitHub
348030976,348031231,GitHub
348031232,348031487,GitHub
348031744,348031871,GitHub
348031872,348031999,GitHub
348034816,348035071,GitHub
348035072,348035327,GitHub
348035328,348035583,GitHub
348035584,348035839,GitHub
348035840,348036095,GitHub
348036096,348036351,GitHub
348036352,348036607,GitHub
348036608,348036863,GitHub
348036864,348037119,GitHub
348037120,348037375,GitHub
348037376,348037631,GitHub
348037632,348037887,GitHub
348044928,348045055,GitHub
348045312,348061695,GitHub
348061696,348078079,GitHub
348078080,348094463,GitHub
348596195,348596195,GitHub
348596196,348596196,GitHub
348596199,348596199,GitHub
348596200,348596200,GitHub
348651520,348667903,GitHub
348667904,348684287,GitHub
348714481,348714481,GitHub
348714485,348714485,GitHub
348714487,348714487,GitHub
348714488,348714488,GitHub
348724368,348724368,GitHub
348724372,348724372,GitHub
348724375,348724375,GitHub
348724376,348724376,GitHub
348751616,348751871,GitHub
348751872,348752127,GitHub
348754688,348754943,GitHub
348754944,348755199,GitHub
348758528,348759039,GitHub
348759296,348759551,GitHub
348762624,348762879,GitHub
348762880,348763135,GitHub
348765696,348765951,GitHub
348766208,348768255,GitHub
348768256,348769279,GitHub
348769280,348769535,GitHub
348769536,348769791,GitHub
348769792,348770047,GitHub
348770048,348770303,GitHub
348772352,348772607,GitHub
348772608,348772863,GitHub
348773376,348773631,GitHub
348773632,348773887,GitHub
348774144,348774399,GitHub
348774400,348775423,GitHub
348775424,348775935,GitHub
348775936,348776191,GitHub
348776192,348776447,GitHub
348782848,348783103,GitHub
348783104,348783359,GitHub
348785664,348786687,GitHub
348786688,348787711,GitHub
348787712,348787967,GitHub
348787968,348788223,GitHub
348788224,348788479,GitHub
348788480,348788735,GitHub
348788736,348788991,GitHub
348788992,348789247,GitHub
348789248,348789759,GitHub
348789760,348790271,GitHub
348790272,348790527,GitHub
348790528,348790783,GitHub
348790784,348791295,GitHub
348791296,348791551,GitHub
348791552,348791807,GitHub
348791808,348792319,GitHub
348792320,348792575,GitHub
348792576,348792831,GitHub
348804096,348804351,GitHub
348804352,348804607,GitHub
348805376,348805631,GitHub
348805632,348805887,GitHub
348806400,348806655,GitHub
348806656,348806911,GitHub
348807424,348807679,GitHub
348807680,348807935,GitHub
348809472,348809727,GitHub
348809728,348809983,GitHub
348810496,348810751,GitHub
348810752,348811007,GitHub
348811520,348811775,GitHub
348811776,348812031,GitHub
348812544,348812799,GitHub
348812800,348813055,GitHub
348813056,348813311,GitHub
348813312,348814335,GitHub
348814336,348814591,GitHub
348814592,348814847,GitHub
348814848,348815103,GitHub
348815616,348815871,GitHub
348815872,348816127,GitHub
348816640,348816895,GitHub
348816896,348817151,GitHub
348817664,348817919,GitHub
348817920,348818175,GitHub
348818432,348818687,GitHub
348818688,348818943,GitHub
348818944,348819455,GitHub
348819456,348820479,GitHub
348820480,348820991,GitHub
348820992,348821247,GitHub
348821248,348821503,GitHub
348821504,348821759,GitHub
348821760,348822015,GitHub
348822016,348822271,GitHub
348822272,348822527,GitHub
348822528,348822783,GitHub
348822784,348823039,GitHub
348823040,348823295,GitHub
348823296,348823551,GitHub
348823552,348823807,GitHub
348823808,348824063,GitHub
348824064,348824319,GitHub
348824320,348824575,GitHub
348824576,348824831,GitHub
348824832,348825087,GitHub
348825088,348825343,GitHub
348825344,348825599,GitHub
348825600,348825855,GitHub
348829696,348831743,GitHub
348831744,348832255,GitHub
348832256,348832767,GitHub
348832768,348833791,GitHub
348833792,348834303,GitHub
348834304,348834815,GitHub
348834816,348835839,GitHub
348835840,348836095,GitHub
348836096,348836351,GitHub
348836352,348836607,GitHub
348840448,348840703,GitHub
348840704,348840959,GitHub
348840960,348841215,GitHub
348843008,348843263,GitHub
348846080,348846335,GitHub
348846336,348846591,GitHub
348846592,348847103,GitHub
349041568,349041568,GitHub
349041572,349041572,GitHub
349041574,349041574,GitHub
349041576,349041576,GitHub
349129042,349129042,GitHub
349129043,349129043,GitHub
349129045,349129045,GitHub
349129046,349129046,GitHub
349241344,349241855,GitHub
349242368,349242879,GitHub
349243904,349244415,GitHub
349244928,349245439,GitHub
349245952,349246463,GitHub
349248000,349248511,GitHub
349250048,349250559,GitHub
349250560,349251071,GitHub
349251072,349251583,GitHub
349251584,349252095,GitHub
349253632,349254143,GitHub
349254656,349255167,GitHub
349256192,349256703,GitHub
349257216,349257727,GitHub
349257728,349258239,GitHub
349258752,349259263,GitHub
349259264,349259775,GitHub
349259776,349260287,GitHub
349260288,349260799,GitHub
349260800,349261311,GitHub
349262848,349263359,GitHub
349264384,349264895,GitHub
349264896,349265407,GitHub
349265920,349266431,GitHub
349266432,349266943,GitHub
349266944,349267455,GitHub
349267456,349267967,GitHub
349267968,349268479,GitHub
349268480,349268991,GitHub
349268992,349269503,GitHub
349269504,349270015,GitHub
349270016,349270527,GitHub
349270528,349271039,GitHub
349271040,349271551,GitHub
349276672,349277183,GitHub
349277696,349278207,GitHub
349278720,349279231,GitHub
349280768,349281279,GitHub
349282304,349282815,GitHub
349282816,349283327,GitHub
349284352,349284863,GitHub
349286912,349287423,GitHub
349287424,349287935,GitHub
349288448,349288959,GitHub
349288960,349289471,GitHub
349289984,349290495,GitHub
349290496,349291007,GitHub
349291008,349291519,GitHub
349291520,349292031,GitHub
349297152,349297407,GitHub
349297664,349298175,GitHub
349298688,349299199,GitHub
349299200,349299711,GitHub
349300224,349300735,GitHub
349303808,349304319,GitHub
349800192,349800192,GitHub
349800193,349800193,GitHub
349800196,349800196,GitHub
349800197,349800197,GitHub
349962240,349978623,GitHub
349978624,349995007,GitHub
349995008,350027775,GitHub
350027776,350060543,GitHub
350076928,350093311,GitHub
350158848,350224383,GitHub
350224384,350289919,GitHub
350289920,350355455,GitHub
350502912,350519295,GitHub
350519296,350552063,GitHub
350552064,350617599,GitHub
350617600,350650367,GitHub
350650368,350683135,GitHub
350683136,350715903,GitHub
350721440,350721471,GitHub
350721472,350721535,GitHub
350721920,350721951,GitHub
350732288,350748671,GitHub
350748672,350814207,GitHub
350835601,350835601,GitHub
350835602,350835602,GitHub
350835603,350835603,GitHub
350835605,350835605,GitHub
350879744,350912511,GitHub
350912512,350945279,GitHub
351010816,351027199,GitHub
351027200,351043583,GitHub
351043584,351059967,GitHub
351059968,351076351,GitHub
351076352,351109119,GitHub
351109120,351141887,GitHub
351141888,351174655,GitHub
351174656,351207423,GitHub
351338496,351371263,GitHub
351371264,351404031,GitHub
351404032,351436799,GitHub
351436800,351469567,GitHub
351600640,351666175,GitHub
351666176,351698943,GitHub
351698944,351731711,GitHub
352059392,352092159,GitHub
352124928,352157695,GitHub
352157696,352190463,GitHub
387186688,387448831,Amazon AWS
391839744,391847935,Amazon AWS
391909376,391909631,Linode
391909632,391909887,Linode
391909888,391910143,Linode
391910144,391910399,Linode
391910400,391910655,Linode
391910656,391910911,Linode
391910912,391911167,Linode
391911168,391911423,Linode
391911424,391911679,Linode
391911680,391911935,Linode
391911936,391912191,Linode
391912192,391912447,Linode
391912448,391912703,Linode
391912704,391912959,Linode
391912960,391913215,Linode
391913216,391913471,Linode
392167424,392200191,GitHub
392200192,392232959,GitHub
392265728,392298495,GitHub
392310016,392310271,GitHub
392310272,392310527,GitHub
392310528,392310783,GitHub
392310784,392312831,GitHub
392331264,392364031,GitHub
392364032,392380415,GitHub
392380416,392388607,GitHub
392396800,392429567,GitHub
392429568,392433663,GitHub
392433664,392437759,GitHub
392437760,392441855,GitHub
392441856,392445951,GitHub
392445952,392447999,GitHub
392448000,392450047,GitHub
392450048,392452095,GitHub
392460288,392462335,GitHub
392462336,392478719,GitHub
392486912,392491007,GitHub
392491008,392495103,GitHub
392503296,392505343,GitHub
392507392,392511487,GitHub
392511488,392515583,GitHub
392515584,392517631,GitHub
392523776,392527871,GitHub
392527872,392531967,GitHub
392531968,392536063,GitHub
392536064,392540159,GitHub
392540160,392544255,GitHub
392544256,392548351,GitHub
392560640,392577023,GitHub
392585216,392593407,GitHub
392593408,392609791,GitHub
392609792,392611839,GitHub
392612352,392612607,GitHub
392612608,392612863,GitHub
392612864,392613887,GitHub
392613888,392617983,GitHub
396361728,396361983,Amazon AWS
400868352,400868607,Amazon AWS
400868608,400868863,Amazon AWS
400868864,400869119,Amazon AWS
400872448,400872703,Amazon AWS
400872704,400872959,Amazon AWS
400872960,400873215,Amazon AWS
400874240,400874495,Amazon AWS
400874496,400874751,Amazon AWS
400874752,400875007,Amazon AWS
400875008,400875263,Amazon AWS
400875264,400875519,Amazon AWS
400876544,400877567,Amazon AWS
400880640,400880895,Amazon AWS
400881664,400881919,Amazon AWS
400881920,400882175,Amazon AWS
400882176,400882431,Amazon AWS
400882432,400882687,Amazon AWS
401260544,401276927,Amazon AWS
401285120,401289215,Fastly
401354752,401358847,Google Cloud
401506304,401539071,Amazon AWS
401539072,401539327,Linode
401539328,401539583,Linode
401539584,401539839,Linode
401539840,401540095,Linode
401540096,401540351,Linode
401540352,401540607,Linode
401540608,401540863,Linode
401540864,401541119,Linode
401541120,401541375,Linode
401541376,401541631,Linode
401541632,401541887,Linode
401541888,401542143,Linode
401542144,401542399,Linode
401542400,401542655,Linode
401542656,401542911,Linode
401542912,401543167,Linode
401543168,401543423,Linode
401543424,401543679,Linode
401543680,401543935,Linode
401543936,401544191,Linode
401544192,401544447,Linode
401544448,401544703,Linode
401544704,401544959,Linode
401544960,401545215,Linode
401545216,401545471,Linode
401545472,401545727,Linode
401545728,401545983,Linode
401545984,401546239,Linode
401546240,401546495,Linode
401546496,401546751,Linode
401546752,401547007,Linode
401547008,401547263,Linode
402358272,402362367,Google Cloud
402358272,402366463,Google
402362368,402366463,Google Cloud
402522112,402524159,Amazon AWS
402524160,402526207,Amazon AWS
402526208,402528255,Amazon AWS
402528256,402528767,Amazon AWS
402530304,402532351,Amazon AWS
402552832,402554879,Amazon AWS
409862144,409864191,Amazon AWS
409864192,409864703,Amazon AWS
409866240,409870335,Amazon AWS
409870336,409878527,Amazon AWS
409894912,409927679,Amazon AWS
412106752,412107775,DigitalOcean
412107776,412108799,DigitalOcean
412109312,412109823,DigitalOcean
412109824,412110847,DigitalOcean
412110848,412114943,DigitalOcean
412114944,412123135,DigitalOcean
415711232,415712255,DigitalOcean
415712256,415713279,DigitalOcean
415713280,415715327,DigitalOcean
415715328,415719423,DigitalOcean
415719424,415723519,DigitalOcean
415723520,415727615,DigitalOcean
452984832,452985855,Amazon AWS
534567936,534568959,Amazon AWS
534571776,534572031,Amazon AWS
534572032,534572287,Amazon AWS
534574848,534575103,Amazon AWS
534576128,534576383,Amazon AWS
548929536,549453823,Amazon AWS
548978176,548978687,Amazon AWS
549453824,549978111,Amazon AWS
549480452,549480455,Amazon AWS
549480472,549480479,Amazon AWS
549480576,549480583,Amazon AWS
549621760,549622271,Amazon AWS
549794816,549795327,Amazon AWS
549810688,549811199,Amazon AWS
549978112,550502399,Amazon AWS
552075264,552140799,Amazon AWS
552337408,552468479,Amazon AWS
552388096,552388607,Amazon AWS
552599552,552730623,Amazon AWS
570425344,570429439,Google Cloud
570425344,570556415,Google
570429440,570433535,Google Cloud
570433536,570437631,Google Cloud
570437632,570441727,Google Cloud
570441728,570449919,Google Cloud
570449920,570458111,Google Cloud
570458112,570466303,Google Cloud
570466304,570474495,Google Cloud
570474496,570482687,Google Cloud
570482688,570482943,Google Cloud
570482944,570483199,Google Cloud
570483200,570483455,Google Cloud
570483456,570483711,Google Cloud
570486784,570490879,Google Cloud
570490880,570494975,Google Cloud
570494976,570499071,Google Cloud
570499072,570503167,Google Cloud
570503168,570507263,Google Cloud
570523648,570527743,Google Cloud
570527744,570531839,Google Cloud
570531840,570535935,Google Cloud
570535936,570540031,Google Cloud
570540032,570544127,Google Cloud
570544128,570548223,Google Cloud
570548224,570556415,Google Cloud
570556416,570560511,Google Cloud
570556416,570621951,Google
570560512,570564607,Google Cloud
570564608,570568703,Google Cloud
570568704,570572799,Google Cloud
570575872,570576383,Google Cloud
570580992,570585087,Google Cloud
570589184,570621951,Google Cloud
570621952,570622463,Google
570622720,570622975,Google
570622976,570623231,Google
570624000,570626047,Google
570626048,570630143,Google
570630144,570634239,Google Cloud
570630144,570638335,Google
570638336,570654719,Google
570641408,570642431,Google Cloud
570642432,570646527,Google Cloud
570646528,570650623,Google Cloud
570687488,570949631,Google
570691584,570692607,Google Cloud
570693632,570694655,Google Cloud
570694656,570695679,Google Cloud
570695680,570699775,Google Cloud
570699776,570703871,Google Cloud
570703872,570707967,Google Cloud
570707968,570712063,Google Cloud
570712064,570713087,Google Cloud
570713600,570714111,Google Cloud
570714112,570716159,Google Cloud
570720256,570736639,Google Cloud
570736640,570736895,Google Cloud
570818560,570949631,Google Cloud
570949632,571015167,Google Cloud
570949632,571473919,Google
571015168,571080703,Google Cloud
571080704,571146239,Google Cloud
571146240,571179007,Google Cloud
571179008,571211775,Google Cloud
571211776,571277311,Google Cloud
571277312,571293695,Google Cloud
571294720,571295743,Google Cloud
571295744,571297791,Google Cloud
571305984,571310079,Google Cloud
571310080,571342847,Google Cloud
571342848,571375615,Google Cloud
571375616,571391999,Google Cloud
571392000,571400191,Google Cloud
571408384,571441151,Google Cloud
571441152,571473919,Google Cloud
571473920,571506687,Google Cloud
571473920,572522495,Google
571506688,571539455,Google Cloud
571539456,571604991,Google Cloud
571604992,571670527,Google Cloud
571670528,571703295,Google Cloud
571703296,571736063,Google Cloud
571736064,571768831,Google Cloud
571768832,571801599,Google Cloud
571801600,571834367,Google Cloud
571834368,571867135,Google Cloud
571867136,571875327,Google Cloud
571875328,571883519,Google Cloud
571883520,571891711,Google Cloud
571891712,571895807,Google Cloud
571895808,571899903,Google Cloud
571899904,571932671,Google Cloud
571932672,571998207,Google Cloud
571998208,572129279,Google Cloud
572129280,572194815,Google Cloud
572194816,572260351,Google Cloud
572260352,572522495,Google Cloud
572522496,572555263,Google Cloud
572522496,574619647,Google
572555264,572588031,Google Cloud
572588032,572653567,Google Cloud
572653568,572686335,Google Cloud
572686336,572702719,Google Cloud
572708864,572710911,Google Cloud
572719104,572784639,Google Cloud
572784640,572850175,Google Cloud
572850176,572915711,Google Cloud
572915712,572981247,Google Cloud
572981248,573014015,Google Cloud
573014016,573046783,Google Cloud
573046784,573079551,Google Cloud
573079552,573112319,Google Cloud
573112320,573177855,Google Cloud
573177856,573243391,Google Cloud
573308928,573439999,Google Cloud
573440000,573505535,Google Cloud
573505536,573521919,Google Cloud
573521920,573538303,Google Cloud
573538304,573571071,Google Cloud
573571072,573636607,Google Cloud
573636608,573702143,Google Cloud
573702144,573718527,Google Cloud
573718528,573734911,Google Cloud
573739008,573743103,Google Cloud
573743104,573751295,Google Cloud
573751296,573767679,Google Cloud
573767680,573800447,Google Cloud
573800448,573833215,Google Cloud
573865984,573898751,Google Cloud
573898752,573931519,Google Cloud
573931520,573964287,Google Cloud
573964288,574029823,Google Cloud
574029824,574095359,Google Cloud
574095360,574357503,Google Cloud
574357504,574488575,Google Cloud
574488576,574554111,Google Cloud
574554112,574619647,Google Cloud
574619648,578813951,Google
574627840,574636031,Google Cloud
574636032,574637055,Google Cloud
574637056,574638079,Google Cloud
574638080,574640127,Google Cloud
574640128,574644223,Google Cloud
574644224,574652415,Google Cloud
574652416,574653439,Google Cloud
574653440,574654463,Google Cloud
574654464,574656511,Google Cloud
574656512,574660607,Google Cloud
574660608,574668799,Google Cloud
574668800,574685183,Google Cloud
574685184,574750719,Google Cloud
574750720,574881791,Google Cloud
574881792,575143935,Google Cloud
575143936,575209471,Google Cloud
575209472,575275007,Google Cloud
575275008,575406079,Google Cloud
575406080,575668223,Google Cloud
575668224,575799295,Google Cloud
575799296,575930367,Google Cloud
575930368,575995903,Google Cloud
575995904,576028671,Google Cloud
576028672,576061439,Google Cloud
576061440,576126975,Google Cloud
576126976,576159743,Google Cloud
576159744,576176127,Google Cloud
576176128,576192511,Google Cloud
576192512,576258047,Google Cloud
576258048,576290815,Google Cloud
576290816,576323583,Google Cloud
576323584,576454655,Google Cloud
576454656,576520191,Google Cloud
576520192,576585727,Google Cloud
576585728,576651263,Google Cloud
576651264,576667647,Google Cloud
576667648,576684031,Google Cloud
576684032,576716799,Google Cloud
576733184,576749567,Google Cloud
576749568,576782335,Google Cloud
576782336,576847871,Google Cloud
576864256,576880639,Google Cloud
576880640,576882687,Google Cloud
577011712,577044479,Google Cloud
577049088,577049343,Google Cloud
577049600,577050623,Google Cloud
577050624,577051647,Google Cloud
577052672,577060863,Google Cloud
577060864,577077247,Google Cloud
577077248,577110015,Google Cloud
577110016,577142783,Google Cloud
577142784,577175551,Google Cloud
577248000,577248255,Google Cloud
577253632,577253887,Google Cloud
577253888,577254399,Google Cloud
577254400,577254655,Google Cloud
577255424,577255935,Google Cloud
577255936,577256447,Google Cloud
577256448,577256959,Google Cloud
577256960,577257471,Google Cloud
577257472,577259519,Google Cloud
577259520,577260543,Google Cloud
577260544,577261567,Google Cloud
577261568,577263615,Google Cloud
577263616,577265663,Google Cloud
577265664,577267711,Google Cloud
577267712,577268223,Google Cloud
577268224,577268735,Google Cloud
577268736,577269247,Google Cloud
577269248,577269759,Google Cloud
577269760,577270271,Google Cloud
577270272,577270783,Google Cloud
577270784,577271807,Google Cloud
577271808,577272319,Google Cloud
577272320,577272831,Google Cloud
577272832,577273343,Google Cloud
577273344,577273855,Google Cloud
577273856,577306623,Google Cloud
577306624,577339391,Google Cloud
577339392,577372159,Google Cloud
577372160,577437695,Google Cloud
577437696,577470463,Google Cloud
577470464,577503231,Google Cloud
577503232,577568767,Google Cloud
577667072,577699839,Google Cloud
577699840,577765375,Google Cloud
577765376,577830911,Google Cloud
577830912,577896447,Google Cloud
578027520,578029567,Google Cloud
578043904,578060287,Google Cloud
578060288,578093055,Google Cloud
578093056,578158591,Google Cloud
578158592,578191359,Google Cloud
578191360,578207743,Google Cloud
578207744,578209791,Google Cloud
578209792,578211839,Google Cloud
578220032,578221055,Google Cloud
578221056,578222079,Google Cloud
578222080,578222591,Google Cloud
578222592,578223103,Google Cloud
578223104,578223615,Google Cloud
578223616,578224127,Google Cloud
578289664,578355199,Google Cloud
578355200,578420735,Google Cloud
578420736,578551807,Google Cloud
578551808,578553855,Google Cloud
578553856,578554879,Google Cloud
578554880,578555903,Google Cloud
578555904,578557951,Google Cloud
578557952,578559999,Google Cloud
578560000,578562047,Google Cloud
578562048,578562559,Google Cloud
578562560,578563071,Google Cloud
578563072,578563583,Google Cloud
578563584,578564095,Google Cloud
578564096,578564607,Google Cloud
578564608,578565119,Google Cloud
578565120,578566143,Google Cloud
578566144,578566655,Google Cloud
578566656,578567167,Google Cloud
578567168,578567679,Google Cloud
578567680,578568191,Google Cloud
578580480,578584575,Google Cloud
578584576,578617343,Google Cloud
578617344,578682879,Google Cloud
578699264,578715647,Google Cloud
578715648,578732031,Google Cloud
578732032,578736127,Google Cloud
578736128,578740223,Google Cloud
578748416,578781183,Google Cloud
578788352,578789375,Google Cloud
578789376,578793471,Google Cloud
578793728,578793983,Google Cloud
578793984,578794495,Google Cloud
578794496,578794751,Google Cloud
578795520,578796031,Google Cloud
578796032,578796543,Google Cloud
578796544,578797055,Google Cloud
578797056,578797567,Google Cloud
578813952,583008255,Google
578822144,578823167,Google Cloud
578823168,578823423,Google Cloud
578823424,578823679,Google Cloud
578824704,578825215,Google Cloud
578825216,578825727,Google Cloud
578825728,578826239,Google Cloud
578826240,578826495,Google Cloud
578826496,578826751,Google Cloud
578827264,578828287,Google Cloud
578828800,578829311,Google Cloud
578829312,578829823,Google Cloud
578829824,578830335,Google Cloud
578830336,578846719,Google Cloud
578846720,578863103,Google Cloud
578867200,578871295,Google Cloud
578871296,578875391,Google Cloud
578879488,578945023,Google Cloud
578945024,579010559,Google Cloud
579010560,579076095,Google Cloud
579076096,579338239,Google Cloud
579338240,579403775,Google Cloud
579403776,579469311,Google Cloud
579469312,579600383,Google Cloud
579600384,579665919,Google Cloud
579665920,579698687,Google Cloud
579698688,579731455,Google Cloud
579731456,579764223,Google Cloud
579764224,579796991,Google Cloud
579813376,579815423,Google Cloud
579829760,579862527,Google Cloud
579907584,579911679,Google Cloud
579911680,579928063,Google Cloud
579928064,579960831,Google Cloud
579960832,579993599,Google Cloud
579993600,580059135,Google Cloud
580059136,580091903,Google Cloud
580091904,580124671,Google Cloud
580124672,580190207,Google Cloud
580190208,580255743,Google Cloud
580255744,580288511,Google Cloud
580288512,580321279,Google Cloud
580321280,580337663,Google Cloud
580337664,580354047,Google Cloud
580354048,580370431,Google Cloud
580370432,580386815,Google Cloud
580386816,580403199,Google Cloud
580403200,580404223,Google Cloud
580404224,580404479,Google Cloud
580404480,580404735,Google Cloud
580405248,580407295,Google Cloud
580407296,580407807,Google Cloud
580408320,580408831,Google Cloud
580408832,580409343,Google Cloud
580411392,580411647,Google Cloud
580411648,580411775,Google Cloud
580411776,580411903,Google Cloud
580411904,580412031,Google Cloud
580412032,580412159,Google Cloud
580412416,580412671,Google Cloud
580412672,580412927,Google Cloud
580412928,580413183,Google Cloud
580413184,580413439,Google Cloud
580413440,580413951,Google Cloud
580413952,580414463,Google Cloud
580414464,580414975,Google Cloud
580414976,580415103,Google Cloud
580415104,580415167,Google Cloud
580415168,580415231,Google Cloud
580415232,580415487,Google Cloud
580415488,580419583,Google Cloud
580456448,580460543,Google Cloud
580460544,580460799,Google Cloud
580460800,580461055,Google Cloud
580462080,580462335,Google Cloud
580462592,580463103,Google Cloud
580463104,580463615,Google Cloud
580463616,580463871,Google Cloud
580463872,580464127,Google Cloud
580464128,580464639,Google Cloud
580464640,580466687,Google Cloud
580467200,580467711,Google Cloud
580468224,580468351,Google Cloud
580468352,580468479,Google Cloud
580468480,580468735,Google Cloud
580485120,580501503,Google Cloud
580501504,580509695,Google Cloud
580509696,580509951,Google Cloud
580509952,580510207,Google Cloud
580511232,580511487,Google Cloud
580511744,580512255,Google Cloud
580512256,580512767,Google Cloud
580512768,580513023,Google Cloud
580513024,580513279,Google Cloud
580513280,580513791,Google Cloud
580513792,580515839,Google Cloud
580516352,580516863,Google Cloud
580516864,580516991,Google Cloud
580516992,580517119,Google Cloud
580517120,580517375,Google Cloud
580517376,580517887,Google Cloud
580517888,580583423,Google Cloud
580583424,580648959,Google Cloud
580648960,580714495,Google Cloud
580714496,580716543,Google Cloud
580716544,580717055,Google Cloud
580717568,580718591,Google Cloud
580718592,580722687,Google Cloud
580722688,580723711,Google Cloud
580723712,580724735,Google Cloud
580724736,580725759,Google Cloud
580725760,580726271,Google Cloud
580726272,580726783,Google Cloud
580726784,580730879,Google Cloud
580730880,580734975,Google Cloud
580734976,580735487,Google Cloud
580735488,580735999,Google Cloud
580736000,580736511,Google Cloud
580736768,580737023,Google Cloud
580737024,580737535,Google Cloud
580737536,580738047,Google Cloud
580738048,580739071,Google Cloud
580739072,580743167,Google Cloud
580743168,580745215,Google Cloud
580745472,580745727,Google Cloud
580745728,580745855,Google Cloud
580745856,580745983,Google Cloud
580745984,580746111,Google Cloud
580746240,580746751,Google Cloud
580746752,580747263,Google Cloud
580747264,580749311,Google Cloud
580749312,580749823,Google Cloud
580750336,580751359,Google Cloud
580751360,580755455,Google Cloud
580755456,580756479,Google Cloud
580756480,580757503,Google Cloud
580757504,580758527,Google Cloud
580758528,580759039,Google Cloud
580759040,580759551,Google Cloud
580759552,580763647,Google Cloud
580763648,580767743,Google Cloud
580767744,580768255,Google Cloud
580768256,580768767,Google Cloud
580768768,580769279,Google Cloud
580769536,580769791,Google Cloud
580769792,580770303,Google Cloud
580770304,580770431,Google Cloud
580770432,580770559,Google Cloud
580770560,580770687,Google Cloud
580770688,580770751,Google Cloud
580770752,580770815,Google Cloud
580770816,580771839,Google Cloud
580771840,580775935,Google Cloud
580775936,580777983,Google Cloud
580778240,580778495,Google Cloud
580778496,580779007,Google Cloud
580779008,580779519,Google Cloud
580779520,580779775,Google Cloud
580779776,580780031,Google Cloud
580782080,580784127,Google Cloud
580784128,580788223,Google Cloud
580788224,580796415,Google Cloud
580796416,580812799,Google Cloud
580812800,580829183,Google Cloud
580829184,580837375,Google Cloud
580837376,580841471,Google Cloud
580841472,580843519,Google Cloud
580845568,580911103,Google Cloud
580911104,580976639,Google Cloud
580976640,581042175,Google Cloud
581042176,581107711,Google Cloud
581107712,581173247,Google Cloud
581173248,581238783,Google Cloud
581238784,581304319,Google Cloud
581304320,581369855,Google Cloud
581435392,581566463,Google Cloud
581566464,581697535,Google Cloud
581697536,581828607,Google Cloud
581828608,581894143,Google Cloud
581894144,581959679,Google Cloud
581959680,582025215,Google Cloud
582033408,582034431,Google Cloud
582034432,582034943,Google Cloud
582035456,582037503,Google Cloud
582037504,582038015,Google Cloud
582038016,582038527,Google Cloud
582038528,582039551,Google Cloud
582041600,582041855,Google Cloud
582041856,582041983,Google Cloud
582041984,582042111,Google Cloud
582042112,582042239,Google Cloud
582042240,582042367,Google Cloud
582042624,582042879,Google Cloud
582042880,582043135,Google Cloud
582043136,582043391,Google Cloud
582043392,582043647,Google Cloud
582043648,582044159,Google Cloud
582044160,582044671,Google Cloud
582044672,582045183,Google Cloud
582045184,582045311,Google Cloud
582045440,582045695,Google Cloud
582045696,582049791,Google Cloud
582049792,582053887,Google Cloud
582053888,582055935,Google Cloud
582090752,582156287,Google Cloud
582156288,582221823,Google Cloud
582221824,582238207,Google Cloud
582238208,582254591,Google Cloud
582287360,582320127,Google Cloud
582320128,582352895,Google Cloud
582352896,582385663,Google Cloud
582385664,582418431,Google Cloud
582418432,582418687,Google Cloud
582418688,582418943,Google Cloud
582418944,582419199,Google Cloud
582419200,582419327,Google Cloud
582419328,582419455,Google Cloud
582419456,582419967,Google Cloud
582419968,582420479,Google Cloud
582420480,582420991,Google Cloud
582421504,582422527,Google Cloud
582422528,582423551,Google Cloud
582423680,582423807,Google Cloud
582423808,582424063,Google Cloud
582424576,582425599,Google Cloud
582425600,582425855,Google Cloud
582425856,582426111,Google Cloud
582426624,582426879,Google Cloud
582426880,582427135,Google Cloud
582427136,582427647,Google Cloud
582427648,582427903,Google Cloud
582427904,582428159,Google Cloud
582428672,582430719,Google Cloud
582431232,582431743,Google Cloud
582431744,582432767,Google Cloud
582432768,582433279,Google Cloud
582433280,582433535,Google Cloud
582433536,582433791,Google Cloud
582433792,582434047,Google Cloud
582434048,582434303,Google Cloud
582435328,582435583,Google Cloud
582435584,582435839,Google Cloud
582435840,582436095,Google Cloud
582436096,582436351,Google Cloud
582436352,582436607,Google Cloud
582436608,582436863,Google Cloud
582436864,582437119,Google Cloud
582437120,582437375,Google Cloud
582437376,582437631,Google Cloud
582437632,582437887,Google Cloud
582437888,582438911,Google Cloud
582438912,582439167,Google Cloud
582439168,582439423,Google Cloud
582439424,582439679,Google Cloud
582439680,582439935,Google Cloud
582439936,582440959,Google Cloud
582440960,582443007,Google Cloud
582443008,582445055,Google Cloud
582445056,582445311,Google Cloud
582445312,582445567,Google Cloud
582445568,582446079,Google Cloud
582446080,582446335,Google Cloud
582446336,582446591,Google Cloud
582446592,582446847,Google Cloud
582446848,582447103,Google Cloud
582447104,582447359,Google Cloud
582447360,582447615,Google Cloud
582447616,582447871,Google Cloud
582447872,582448127,Google Cloud
582448128,582448639,Google Cloud
582448640,582448895,Google Cloud
582448896,582449151,Google Cloud
582449152,582449663,Google Cloud
582449664,582449919,Google Cloud
582449920,582450175,Google Cloud
582450176,582450431,Google Cloud
582483968,582484223,Google Cloud
582484224,582484479,Google Cloud
582484480,582484735,Google Cloud
582484736,582484863,Google Cloud
582484864,582484991,Google Cloud
582484992,582485503,Google Cloud
582485504,582486015,Google Cloud
582486016,582486527,Google Cloud
582487040,582488063,Google Cloud
582488064,582489087,Google Cloud
582489600,582489855,Google Cloud
582489856,582490111,Google Cloud
582490112,582491135,Google Cloud
582491648,582491903,Google Cloud
582491904,582492159,Google Cloud
582492160,582492671,Google Cloud
582492672,582492927,Google Cloud
582492928,582493183,Google Cloud
582494208,582496255,Google Cloud
582496256,582497279,Google Cloud
582497280,582497791,Google Cloud
582497792,582498047,Google Cloud
582498048,582498303,Google Cloud
582498304,582498815,Google Cloud
582498816,582499071,Google Cloud
582499072,582499327,Google Cloud
582500352,582500607,Google Cloud
582500608,582500863,Google Cloud
582500864,582501119,Google Cloud
582501120,582501375,Google Cloud
582501376,582501631,Google Cloud
582501632,582501887,Google Cloud
582501888,582502143,Google Cloud
582502144,582502399,Google Cloud
582502400,582502655,Google Cloud
582502656,582502911,Google Cloud
582502912,582503167,Google Cloud
582503168,582503423,Google Cloud
582503424,582504447,Google Cloud
582504448,582504703,Google Cloud
582504704,582504959,Google Cloud
582504960,582505215,Google Cloud
582505216,582505471,Google Cloud
582505472,582506495,Google Cloud
582506496,582508543,Google Cloud
582508544,582510591,Google Cloud
582510592,582510847,Google Cloud
582510848,582511103,Google Cloud
582511104,582511615,Google Cloud
582511616,582511871,Google Cloud
582511872,582512127,Google Cloud
582512128,582512383,Google Cloud
582512384,582512639,Google Cloud
582512640,582512895,Google Cloud
582512896,582513151,Google Cloud
582513152,582513663,Google Cloud
582513664,582513919,Google Cloud
582513920,582514175,Google Cloud
582514176,582514431,Google Cloud
582514432,582514687,Google Cloud
582514688,582515199,Google Cloud
582515200,582515455,Google Cloud
582515456,582515711,Google Cloud
582565888,582582271,Google Cloud
582582272,582615039,Google Cloud
582615040,582623231,Google Cloud
582623232,582631423,Google Cloud
582631424,582647807,Google Cloud
582647808,582664191,Google Cloud
582664192,582672383,Google Cloud
582672384,582680575,Google Cloud
582680576,582713343,Google Cloud
582713344,582746111,Google Cloud
583008256,584056831,Amazon AWS
583269376,583269631,Amazon AWS
584056832,585105407,Amazon AWS
584594176,584594303,Amazon AWS
584639112,584639119,Amazon AWS
584639120,584639135,Amazon AWS
584639168,584639183,Amazon AWS
584639184,584639199,Amazon AWS
584639200,584639207,Amazon AWS
584639208,584639215,Amazon AWS
584639216,584639231,Amazon AWS
584682752,584682767,Amazon AWS
584682768,584682783,Amazon AWS
584682784,584682799,Amazon AWS
584682976,584683007,Amazon AWS
584683008,584683263,Amazon AWS
584683264,584683519,Amazon AWS
584742688,584742719,Amazon AWS
584742736,584742751,Amazon AWS
584742752,584742767,Amazon AWS
584742768,584742783,Amazon AWS
584742784,584742799,Amazon AWS
584742800,584742815,Amazon AWS
584767648,584767663,Amazon AWS
584767664,584767679,Amazon AWS
584767696,584767711,Amazon AWS
584767728,584767743,Amazon AWS
584955680,584955711,Amazon AWS
584955872,584955903,Amazon AWS
584991296,584991327,Amazon AWS
585043168,585043199,Amazon AWS
585045440,585045503,Amazon AWS
585045680,585045687,Amazon AWS
585046016,585047039,Amazon AWS
585049568,585049599,Amazon AWS
585051392,585051519,Amazon AWS
585051520,585051647,Amazon AWS
585051648,585051775,Amazon AWS
585051776,585051903,Amazon AWS
585051904,585051935,Amazon AWS
585052032,585052159,Amazon AWS
585052544,585052671,Amazon AWS
585052928,585052991,Amazon AWS
585056480,585056511,Amazon AWS
585057280,585058303,Amazon AWS
585058304,585058815,Amazon AWS
585058816,585058943,Amazon AWS
585060544,585060607,Amazon AWS
585063424,585063551,Amazon AWS
585064368,585064383,Amazon AWS
585064448,585065471,Amazon AWS
585068544,585068607,Amazon AWS
585068608,585068639,Amazon AWS
585068672,585068799,Amazon AWS
585105408,586153983,Amazon AWS
585240064,585240319,Amazon AWS
585263796,585263796,Amazon AWS
585368784,585368799,Amazon AWS
585593549,585593549,Amazon AWS
585618709,585618709,Amazon AWS
585953580,585953583,Amazon AWS
586071040,586071047,Amazon AWS
586153984,586678271,Amazon AWS
586324352,586324415,Amazon AWS
586324448,586324463,Amazon AWS
586324464,586324479,Amazon AWS
586502656,586502671,Amazon AWS
586502672,586502687,Amazon AWS
586502688,586502703,Amazon AWS
586502704,586502719,Amazon AWS
586534144,586534175,Amazon AWS
586534208,586534239,Amazon AWS
586534240,586534271,Amazon AWS
586534272,586534287,Amazon AWS
586534304,586534335,Amazon AWS
586678272,587202559,Amazon AWS
586825720,586825727,Amazon AWS
588382208,588513279,Amazon AWS
588906496,589037567,Amazon AWS
589037568,589168639,Amazon AWS
589168640,589299711,Amazon AWS
589455360,589455615,Amazon AWS
589455616,589455871,Amazon AWS
589455872,589456127,Amazon AWS
589456128,589456383,Amazon AWS
589456384,589456639,Amazon AWS
589456640,589456895,Amazon AWS
589456896,589457151,Amazon AWS
589457152,589457407,Amazon AWS
589457408,589457663,Amazon AWS
589457664,589457919,Amazon AWS
589955072,590020607,Amazon AWS
589965056,589965311,Amazon AWS
589965312,589965567,Amazon AWS
590020608,590086143,Amazon AWS
590086144,590217215,Amazon AWS
590348288,590479359,Amazon AWS
590512128,590512383,Amazon AWS
590512384,590512639,Amazon AWS
590512640,590512895,Amazon AWS
590512896,590513151,Amazon AWS
590513152,590513407,Amazon AWS
590513408,590513663,Amazon AWS
590513664,590513919,Amazon AWS
590513920,590514175,Amazon AWS
590514432,590514687,Amazon AWS
590514944,590515199,Amazon AWS
590515456,590515711,Amazon AWS
590515712,590515967,Amazon AWS
590515968,590516223,Amazon AWS
590516224,590516479,Amazon AWS
590520320,590520575,Amazon AWS
590520576,590520831,Amazon AWS
590524416,590524671,Amazon AWS
590524672,590524927,Amazon AWS
590524928,590525183,Amazon AWS
590528512,590528767,Amazon AWS
590528768,590529023,Amazon AWS
590529024,590529279,Amazon AWS
590529280,590529535,Amazon AWS
590529536,590529791,Amazon AWS
590529792,590530047,Amazon AWS
590532608,590532863,Amazon AWS
590532864,590533119,Amazon AWS
590533120,590533375,Amazon AWS
590533376,590533631,Amazon AWS
590533632,590533887,Amazon AWS
590533888,590534143,Amazon AWS
590534144,590534399,Amazon AWS
590536704,590536959,Amazon AWS
590537216,590537471,Amazon AWS
590537472,590537727,Amazon AWS
590537728,590537983,Amazon AWS
590537984,590538239,Amazon AWS
590538240,590538495,Amazon AWS
590538496,590538751,Amazon AWS
590538752,590539007,Amazon AWS
590539008,590539263,Amazon AWS
590539264,590539519,Amazon AWS
590539520,590539775,Amazon AWS
590539776,590540031,Amazon AWS
590540032,590540287,Amazon AWS
590540288,590540543,Amazon AWS
590540544,590540799,Amazon AWS
590610432,590741503,Amazon AWS
590749696,590751743,Amazon AWS
590751744,590752767,Amazon AWS
590752768,590753279,Amazon AWS
590753280,590753791,Amazon AWS
590753792,590754303,Amazon AWS
590754304,590754559,Amazon AWS
590754560,590754815,Amazon AWS
590754816,590755071,Amazon AWS
590755072,590755327,Amazon AWS
590755328,590755583,Amazon AWS
590755584,590755839,Amazon AWS
590755840,590756095,Amazon AWS
590756096,590756351,Amazon AWS
590756352,590756607,Amazon AWS
590756608,590756863,Amazon AWS
590756864,590757119,Amazon AWS
590757120,590757375,Amazon AWS
590757376,590757631,Amazon AWS
590757888,590774271,Amazon AWS
590807040,590839807,Amazon AWS
590807296,590807551,Amazon AWS
590807552,590807807,Amazon AWS
590807808,590808063,Amazon AWS
590808064,590808319,Amazon AWS
590808320,590808575,Amazon AWS
590808576,590808831,Amazon AWS
590808832,590809087,Amazon AWS
590809088,590809343,Amazon AWS
590809344,590809599,Amazon AWS
590809600,590809855,Amazon AWS
590809856,590810111,Amazon AWS
590810112,590810367,Amazon AWS
590810368,590810623,Amazon AWS
590810624,590810879,Amazon AWS
590810880,590811135,Amazon AWS
590811136,590811391,Amazon AWS
590811392,590811647,Amazon AWS
590811648,590811903,Amazon AWS
590811904,590812159,Amazon AWS
590812160,590812415,Amazon AWS
590812416,590812671,Amazon AWS
590812672,590812927,Amazon AWS
590812928,590813183,Amazon AWS
590813184,590813439,Amazon AWS
590813440,590813695,Amazon AWS
590813696,590813951,Amazon AWS
590813952,590814207,Amazon AWS
590814464,590814719,Amazon AWS
590814720,590814975,Amazon AWS
590815232,590815487,Amazon AWS
590815488,590815743,Amazon AWS
590815744,590815999,Amazon AWS
590816000,590816255,Amazon AWS
590816256,590816511,Amazon AWS
590816512,590816767,Amazon AWS
590816768,590817023,Amazon AWS
590817024,590817279,Amazon AWS
590817280,590817535,Amazon AWS
590817536,590817791,Amazon AWS
590817792,590818047,Amazon AWS
590839296,590839551,Amazon AWS
590839552,590839807,Amazon AWS
590872576,591003647,Amazon AWS
591134720,591265791,Amazon AWS
591872000,591873023,Amazon AWS
591873024,591874047,Amazon AWS
591874048,591875071,Amazon AWS
591875072,591876095,Amazon AWS
591879168,591879423,Amazon AWS
591879424,591879679,Amazon AWS
591879680,591879935,Amazon AWS
591880192,591880447,Amazon AWS
591880448,591880703,Amazon AWS
591880704,591880959,Amazon AWS
591880960,591881215,Amazon AWS
591881216,591881471,Amazon AWS
591881472,591881727,Amazon AWS
591881728,591881983,Amazon AWS
591881984,591882239,Amazon AWS
591882240,591882495,Amazon AWS
591882496,591882751,Amazon AWS
591882752,591883007,Amazon AWS
591883008,591883263,Amazon AWS
591883264,591883519,Amazon AWS
591883520,591883775,Amazon AWS
591883776,591884031,Amazon AWS
591884032,591884287,Amazon AWS
591884288,591884543,Amazon AWS
591884544,591884799,Amazon AWS
591884800,591885055,Amazon AWS
591885056,591885311,Amazon AWS
591885312,591885567,Amazon AWS
591885568,591885823,Amazon AWS
591885824,591886079,Amazon AWS
591886080,591886335,Amazon AWS
591886336,591886591,Amazon AWS
591886592,591886847,Amazon AWS
591886848,591887103,Amazon AWS
591887104,591887359,Amazon AWS
591887360,591887615,Amazon AWS
591887616,591887871,Amazon AWS
591887872,591888127,Amazon AWS
591888128,591888383,Amazon AWS
591888384,591921151,Amazon AWS
591921152,592445439,Amazon AWS
591930508,591930509,Amazon AWS
591930510,591930511,Amazon AWS
591930512,591930515,Amazon AWS
591930516,591930519,Amazon AWS
591930560,591930591,Amazon AWS
591930592,591930623,Amazon AWS
591930624,591930751,Amazon AWS
591930752,591930879,Amazon AWS
591963348,591963351,Amazon AWS
591963368,591963375,Amazon AWS
591963376,591963391,Amazon AWS
591986432,591986687,Amazon AWS
591986688,591987711,Amazon AWS
591987712,591987967,Amazon AWS
591988736,591989759,Amazon AWS
592016128,592016143,Amazon AWS
592016256,592016383,Amazon AWS
592072176,592072179,Amazon AWS
592151040,592151295,Amazon AWS
592151296,592151359,Amazon AWS
592151376,592151383,Amazon AWS
592247808,592248319,Amazon AWS
592248960,592249023,Amazon AWS
592277504,592278527,Amazon AWS
592280576,592281087,Amazon AWS
592445440,593494015,Amazon AWS
592454400,592454655,Amazon AWS
592454848,592454863,Amazon AWS
592454864,592454879,Amazon AWS
592454880,592454895,Amazon AWS
592467968,592468991,Amazon AWS
592468992,592470015,Amazon AWS
592611520,592611527,Amazon AWS
592705576,592705583,Amazon AWS
592716800,592716803,Amazon AWS
592855552,592856063,Amazon AWS
592886656,592886719,Amazon AWS
593053696,593053823,Amazon AWS
593127360,593127423,Amazon AWS
593134592,593135103,Amazon AWS
593238528,593238783,Amazon AWS
593263808,593263871,Amazon AWS
593329152,593330175,Amazon AWS
593340416,593340927,Amazon AWS
593340928,593341439,Amazon AWS
593341440,593341951,Amazon AWS
593342212,593342213,Amazon AWS
593342216,593342219,Amazon AWS
593381376,593382399,Amazon AWS
593395956,593395957,Amazon AWS
593395960,593395963,Amazon AWS
593467392,593467519,Amazon AWS
593494016,593494271,Amazon AWS
593494272,593494527,Amazon AWS
593494528,593494783,Amazon AWS
593494784,593495039,Amazon AWS
593495040,593495295,Amazon AWS
593495296,593495551,Amazon AWS
593495552,593495807,Amazon AWS
593495808,593496063,Amazon AWS
593496064,593496319,Amazon AWS
593496320,593496575,Amazon AWS
593496576,593496831,Amazon AWS
593496832,593497087,Amazon AWS
593497088,593497343,Amazon AWS
593497600,593497855,Amazon AWS
593497856,593498111,Amazon AWS
593498112,593498623,Amazon AWS
593499648,593500159,Amazon AWS
593500160,593500671,Amazon AWS
593500672,593501183,Amazon AWS
593501184,593501695,Amazon AWS
593502208,593502463,Amazon AWS
593502464,593502719,Amazon AWS
593502720,593502975,Amazon AWS
593502976,593503231,Amazon AWS
593503232,593503487,Amazon AWS
593503488,593503743,Amazon AWS
593503744,593503999,Amazon AWS
593504000,593504255,Amazon AWS
593504256,593504511,Amazon AWS
593504512,593504767,Amazon AWS
593504768,593505023,Amazon AWS
593505024,593505279,Amazon AWS
593505280,593505535,Amazon AWS
593505536,593505791,Amazon AWS
593505792,593506047,Amazon AWS
593506048,593506303,Amazon AWS
593506304,593508351,Amazon AWS
593508352,593508607,Amazon AWS
593508864,593509375,Amazon AWS
593509376,593509887,Amazon AWS
593510400,593514495,Amazon AWS
593514496,593518591,Amazon AWS
593518592,593522687,Amazon AWS
593522688,593526783,Amazon AWS
593526784,593530879,Amazon AWS
593530880,593534975,Amazon AWS
593555456,593555711,Amazon AWS
593555712,593555967,Amazon AWS
593555968,593556223,Amazon AWS
593556224,593556479,Amazon AWS
593556480,593556735,Amazon AWS
593556736,593556991,Amazon AWS
593556992,593557247,Amazon AWS
593557504,593557759,Amazon AWS
593557760,593558015,Amazon AWS
593558016,593558271,Amazon AWS
593558272,593558527,Amazon AWS
593558528,593558783,Amazon AWS
593558784,593559039,Amazon AWS
593559040,593559295,Amazon AWS
593559296,593559551,Amazon AWS
593559552,593563647,Amazon AWS
593563648,593567743,Amazon AWS
593592320,593592575,Amazon AWS
593592576,593592831,Amazon AWS
593592832,593593087,Amazon AWS
593593088,593593343,Amazon AWS
593596416,593600511,Amazon AWS
593600512,593604607,Amazon AWS
593604608,593608703,Amazon AWS
593608704,593608959,Amazon AWS
593608960,593609215,Amazon AWS
593609216,593609471,Amazon AWS
593612800,593616895,Amazon AWS
593616896,593620991,Amazon AWS
593620992,593625087,Amazon AWS
593625088,593629183,Amazon AWS
593629184,593633279,Amazon AWS
593633280,593637375,Amazon AWS
593637376,593641471,Amazon AWS
593641472,593645567,Amazon AWS
593645568,593649663,Amazon AWS
593649664,593653759,Amazon AWS
593653760,593657855,Amazon AWS
593657856,593661951,Amazon AWS
593661952,593666047,Amazon AWS
593666048,593670143,Amazon AWS
593670144,593674239,Amazon AWS
594509824,594510847,Amazon AWS
594510848,594511871,Amazon AWS
594511872,594512895,Amazon AWS
594541568,594541823,Amazon AWS
594541824,594542079,Amazon AWS
594542080,594542335,Amazon AWS
594542336,594542591,Amazon AWS
597164032,597229567,Amazon AWS
597183104,597183111,Amazon AWS
597183112,597183115,Amazon AWS
597183120,597183135,Amazon AWS
597183136,597183151,Amazon AWS
597186048,597186303,Amazon AWS
597186304,597186559,Amazon AWS
597186560,597186815,Amazon AWS
597223424,597224447,Amazon AWS
597229568,597295103,Amazon AWS
597295104,597360639,Amazon AWS
597360640,597426175,Amazon AWS
597426176,597688319,Amazon AWS
597524472,597524479,Amazon AWS
597589824,597589887,Amazon AWS
597592064,597592319,Amazon AWS
597663232,597663743,Amazon AWS
597675520,597676031,Amazon AWS
597676288,597676543,Amazon AWS
597679088,597679095,Amazon AWS
597679096,597679103,Amazon AWS
597688320,598212607,Amazon AWS
597835712,597835775,Amazon AWS
598196096,598196159,Amazon AWS
598212608,598736895,Amazon AWS
598271960,598271967,Amazon AWS
598364928,598365055,Amazon AWS
598365072,598365087,Amazon AWS
598365088,598365103,Amazon AWS
598365104,598365119,Amazon AWS
598365120,598365183,Amazon AWS
598434816,598434831,Amazon AWS
598434880,598434943,Amazon AWS
598434944,598435007,Amazon AWS
598435024,598435039,Amazon AWS
598435040,598435071,Amazon AWS
598514528,598514559,Amazon AWS
598514624,598514655,Amazon AWS
598736896,598867967,Amazon AWS
598745088,598745343,Amazon AWS
598760480,598760487,Amazon AWS
598841984,598841999,Amazon AWS
598842000,598842015,Amazon AWS
598842016,598842031,Amazon AWS
598842032,598842039,Amazon AWS
598842040,598842047,Amazon AWS
598842048,598842055,Amazon AWS
598867968,598999039,Amazon AWS
598944256,598944767,Amazon AWS
598999040,599064575,Amazon AWS
598999304,598999311,Amazon AWS
598999312,598999319,Amazon AWS
598999320,598999327,Amazon AWS
598999328,598999335,Amazon AWS
598999336,598999343,Amazon AWS
598999344,598999351,Amazon AWS
598999352,598999359,Amazon AWS
599027792,599027799,Amazon AWS
599027840,599027871,Amazon AWS
599027872,599027903,Amazon AWS
599061504,599062015,Amazon AWS
599064576,599130111,Amazon AWS
599097344,599097599,Amazon AWS
599130112,599261183,Amazon AWS
599133744,599133751,Amazon AWS
599133904,599133911,Amazon AWS
599133912,599133919,Amazon AWS
599205376,599205407,Amazon AWS
599205408,599205415,Amazon AWS
599205416,599205423,Amazon AWS
599205424,599205431,Amazon AWS
599205432,599205439,Amazon AWS
599205440,599205447,Amazon AWS
599219376,599219383,Amazon AWS
599260928,599261183,Amazon AWS
599261184,599326719,Google Cloud
599261184,599785471,Google
599326720,599359487,Google Cloud
599359488,599367679,Google Cloud
599367680,599371775,Google Cloud
599371776,599375871,Google Cloud
599375872,599392255,Google Cloud
599392256,599425023,Google Cloud
599425024,599429119,Google Cloud
599429120,599433215,Google Cloud
599433216,599441407,Google Cloud
599441408,599457791,Google Cloud
599457792,599490559,Google Cloud
599494656,599498751,Google Cloud
599498752,599506943,Google Cloud
599506944,599515135,Google Cloud
599515136,599523327,Google Cloud
599523328,599556095,Google Cloud
599556096,599572479,Google Cloud
599572480,599580671,Google Cloud
599580672,599588863,Google Cloud
599588864,599605247,Google Cloud
599605248,599621631,Google Cloud
599621632,599629823,Google Cloud
599629824,599638015,Google Cloud
599638016,599654399,Google Cloud
599654400,599670783,Google Cloud
599670784,599678975,Google Cloud
599683072,599687167,Google Cloud
599687168,599703551,Google Cloud
599703552,599711743,Google Cloud
599711744,599715839,Google Cloud
599785472,599916543,Google Cloud
599785472,600047615,Google
599916544,599932927,Google Cloud
599932928,599941119,Google Cloud
599941120,599949311,Google Cloud
599949312,599982079,Google Cloud
599982080,600047615,Google Cloud
600047616,600113151,Google Cloud
600047616,600178687,Google
600113152,600145919,Google Cloud
600145920,600154111,Google Cloud
600154112,600162303,Google Cloud
600162304,600178687,Google Cloud
600178688,600195071,Google Cloud
600178688,600244223,Google
600195072,600211455,Google Cloud
600211456,600227839,Google Cloud
600227840,600244223,Google Cloud
600244224,600260607,Google Cloud
600244224,600276991,Google
600260608,600276991,Google Cloud
600276992,600293375,Google
600281088,600285183,Google Cloud
600285184,600293375,Google Cloud
600309760,600342527,Google Cloud
600309760,600834047,Google
600342528,600375295,Google Cloud
600375296,600383487,Google Cloud
600385792,600386047,Google Cloud
600391680,600408063,Google Cloud
600408064,600440831,Google Cloud
600440832,600506367,Google Cloud
600506368,600539135,Google Cloud
600539136,600555519,Google Cloud
600560128,600560639,Google Cloud
600560640,600561663,Google Cloud
600561664,600562687,Google Cloud
600565760,600567807,Google Cloud
600571904,600637439,Google Cloud
600637440,600702975,Google Cloud
600705536,600706047,Google Cloud
600711168,600719359,Google Cloud
600719360,600735743,Google Cloud
600735744,600752127,Google Cloud
600752128,600768511,Google Cloud
600768512,600784895,Google Cloud
600784896,600801279,Google Cloud
600801280,600817663,Google Cloud
600817664,600834047,Google Cloud
600834048,600965119,Google Cloud
600834048,601882623,Google
600965120,601030655,Google Cloud
601030656,601096191,Google Cloud
601096192,601128959,Google Cloud
601128960,601161727,Google Cloud
601161728,601194495,Google Cloud
601194496,601210879,Google Cloud
601210880,601227263,Google Cloud
601227264,601260031,Google Cloud
601260032,601292799,Google Cloud
601292800,601309183,Google Cloud
601309184,601325567,Google Cloud
601325568,601341951,Google Cloud
601341952,601358335,Google Cloud
601358336,601391103,Google Cloud
601391104,601423871,Google Cloud
601423872,601440255,Google Cloud
601440256,601456639,Google Cloud
601456640,601489407,Google Cloud
601554944,601587711,Google Cloud
601587712,601604095,Google Cloud
601612288,601620479,Google Cloud
601620480,601624575,Google Cloud
601624576,601625087,Google Cloud
601625088,601625599,Google Cloud
601625600,601626623,Google Cloud
601626624,601627135,Google Cloud
601627136,601627391,Google Cloud
601627392,601627647,Google Cloud
601628416,601628671,Google Cloud
601628672,601630719,Google Cloud
601630720,601630975,Google Cloud
601630976,601631231,Google Cloud
601631232,601631487,Google Cloud
601631488,601631743,Google Cloud
601631744,601631999,Google Cloud
601632000,601632255,Google Cloud
601632256,601632511,Google Cloud
601632512,601632767,Google Cloud
601632768,601634815,Google Cloud
601634816,601635839,Google Cloud
601635840,601636863,Google Cloud
601636864,601645055,Google Cloud
601645056,601653247,Google Cloud
601653248,601686015,Google Cloud
601686016,601702399,Google Cloud
601702400,601718783,Google Cloud
601718784,601751551,Google Cloud
601751552,601882623,Google Cloud
601882624,602013695,Google Cloud
601882624,602931199,Google
602013696,602079231,Google Cloud
602079232,602111999,Google Cloud
602112000,602128383,Google Cloud
602128384,602144767,Google Cloud
602144768,602210303,Google Cloud
602214400,602218495,Google Cloud
602218496,602226687,Google Cloud
602226688,602243071,Google Cloud
602243072,602275839,Google Cloud
602275840,602308607,Google Cloud
602308608,602316799,Google Cloud
602316800,602324991,Google Cloud
602337280,602341375,Google Cloud
602341376,602406911,Google Cloud
602406912,602472447,Google Cloud
602472448,602505215,Google Cloud
602505216,602537983,Google Cloud
602537984,602554367,Google Cloud
602554368,602570751,Google Cloud
602570752,602578943,Google Cloud
602578944,602583039,Google Cloud
602583040,602587135,Google Cloud
602587136,602591231,Google Cloud
602591232,602595327,Google Cloud
602595328,602599423,Google Cloud
602599424,602603519,Google Cloud
602603520,602607615,Google Cloud
602607616,602611711,Google Cloud
602611712,602615807,Google Cloud
602615808,602619903,Google Cloud
602619904,602636287,Google Cloud
602658816,602660863,Google Cloud
602669056,602701823,Google Cloud
602701824,602718207,Google Cloud
602718208,602734591,Google Cloud
602734592,602800127,Google Cloud
602800128,602931199,Google Cloud
602931200,602963967,Google Cloud
602931200,603455487,Google
602963968,602996735,Google Cloud
602996736,603013119,Google Cloud
603013120,603029503,Google Cloud
603029504,603062271,Google Cloud
603062272,603066367,Google Cloud
603066368,603066879,Google Cloud
603066880,603067391,Google Cloud
603067392,603068415,Google Cloud
603068416,603068927,Google Cloud
603068928,603069183,Google Cloud
603069184,603069439,Google Cloud
603070208,603070463,Google Cloud
603070464,603072511,Google Cloud
603072512,603072767,Google Cloud
603072768,603073023,Google Cloud
603073024,603073279,Google Cloud
603073280,603073535,Google Cloud
603073536,603073791,Google Cloud
603073792,603074047,Google Cloud
603074048,603074303,Google Cloud
603074304,603074559,Google Cloud
603074560,603076607,Google Cloud
603076608,603077631,Google Cloud
603077632,603078655,Google Cloud
603078656,603086847,Google Cloud
603086848,603095039,Google Cloud
603095040,603111423,Google Cloud
603111424,603127807,Google Cloud
603127808,603129855,Google Cloud
603129856,603131903,Google Cloud
603136000,603138047,Google Cloud
603138048,603140095,Google Cloud
603142144,603144191,Google Cloud
603144192,603160575,Google Cloud
603160576,603193343,Google Cloud
603193344,603209727,Google Cloud
603209728,603226111,Google Cloud
603226112,603258879,Google Cloud
603258880,603324415,Google Cloud
603324416,603357183,Google Cloud
603357184,603389951,Google Cloud
603389952,603422719,Google Cloud
603422720,603439103,Google Cloud
603439104,603455487,Google Cloud
603717632,603725823,Google Cloud
603717632,603979775,Google
603725824,603734015,Google Cloud
603734016,603750399,Google Cloud
603750400,603783167,Google Cloud
603783168,603848703,Google Cloud
603848704,603979775,Google Cloud
610789376,610789503,Amazon AWS
610789504,610789567,Amazon AWS
629866496,629874687,DigitalOcean
634100992,634101247,Amazon AWS
644389724,644389725,Oracle Cloud
673185792,673251327,Amazon AWS
673382400,673447935,Amazon AWS
673579008,673644543,Amazon AWS
673631232,673631743,Amazon AWS
673644544,673710079,Amazon AWS
675299328,675315711,GitHub
675315712,675317759,GitHub
675319808,675319839,GitHub
675319840,675319871,GitHub
675319872,675319903,GitHub
675320000,675320007,GitHub
675320064,675320079,GitHub
675320112,675320127,GitHub
675320192,675320207,GitHub
675320224,675320239,GitHub
675320240,675320255,GitHub
675320272,675320287,GitHub
675320400,675320415,GitHub
675320416,675320431,GitHub
675320480,675320495,GitHub
675320496,675320511,GitHub
675320512,675320527,GitHub
675320528,675320543,GitHub
675320640,675320655,GitHub
675320864,675320895,GitHub
675321152,675321183,GitHub
675321184,675321215,GitHub
675321248,675321279,GitHub
675321504,675321535,GitHub
675321536,675321567,GitHub
675321664,675321695,GitHub
675321696,675321727,GitHub
675321728,675321759,GitHub
675321760,675321791,GitHub
675324288,675324415,GitHub
675324416,675324543,GitHub
675324672,675324799,GitHub
675325056,675325183,GitHub
675325184,675325311,GitHub
675326080,675326207,GitHub
675326208,675326335,GitHub
675326336,675326463,GitHub
675326976,675327103,GitHub
675327104,675327231,GitHub
675327360,675327487,GitHub
675327488,675327615,GitHub
675330048,675330175,GitHub
675348480,675364863,GitHub
675364864,675381247,GitHub
675397632,675414015,GitHub
675510272,675512319,GitHub
675512320,675520511,GitHub
675520512,675528703,GitHub
675528704,675536895,GitHub
675536896,675545087,GitHub
675545088,675610623,GitHub
675610624,675627007,GitHub
675627008,675635199,GitHub
675635200,675643391,GitHub
675643392,675659775,GitHub
675659776,675667967,GitHub
675676160,675692543,GitHub
675692544,675696639,GitHub
675696640,675698687,GitHub
675708928,675741695,GitHub
675741696,675807231,GitHub
675938304,675954687,GitHub
675979264,675987455,GitHub
675987456,676003839,GitHub
676003840,676012031,GitHub
676020224,676036607,GitHub
676036608,676069375,GitHub
676069376,676134911,GitHub
676134912,676167679,GitHub
676167680,676167807,GitHub
676167808,676167935,GitHub
676167936,676168191,GitHub
676168192,676168319,GitHub
676168320,676168383,GitHub
676168384,676168447,GitHub
676168448,676168575,GitHub
676168576,676168639,GitHub
676168640,676168671,GitHub
676168672,676168687,GitHub
676168688,676168703,GitHub
676168704,676168959,GitHub
676168960,676169215,GitHub
676169472,676169727,GitHub
676169728,676169743,GitHub
676169760,676169775,GitHub
676169776,676169791,GitHub
676169792,676169807,GitHub
676169808,676169823,GitHub
676169824,676169839,GitHub
676169856,676169983,GitHub
676169984,676170111,GitHub
676170112,676170175,GitHub
676170176,676170207,GitHub
676170240,676170367,GitHub
676170368,676170495,GitHub
676170496,676170623,GitHub
676170624,676170751,GitHub
676175872,676175903,GitHub
676176192,676176255,GitHub
676176384,676176639,GitHub
676176640,676176895,GitHub
676176896,676177151,GitHub
676177152,676177407,GitHub
676177408,676177535,GitHub
676177536,676177551,GitHub
676177568,676177599,GitHub
676177600,676177663,GitHub
676177664,676177919,GitHub
676177920,676178175,GitHub
676178176,676178431,GitHub
676178432,676178687,GitHub
676178688,676178943,GitHub
676178944,676179199,GitHub
676179200,676179455,GitHub
676179456,676179711,GitHub
676179712,676179743,GitHub
676179744,676179775,GitHub
676179776,676179807,GitHub
676179808,676179839,GitHub
676179872,676179903,GitHub
676179904,676179935,GitHub
676179952,676179967,GitHub
676179968,676180223,GitHub
676180224,676180479,GitHub
676180480,676180991,GitHub
676180992,676181503,GitHub
676181504,676181519,GitHub
676181520,676181535,GitHub
676181536,676181567,GitHub
676181568,676181599,GitHub
676181600,676181631,GitHub
676181632,676181663,GitHub
676181664,676181695,GitHub
676181696,676181759,GitHub
676181760,676182015,GitHub
676182016,676182143,GitHub
676182144,676182271,GitHub
676182272,676182399,GitHub
676182400,676182527,GitHub
676182528,676183039,GitHub
676183040,676184063,GitHub
676185088,676185343,GitHub
676185344,676185599,GitHub
676185600,676185663,GitHub
676185664,676185727,GitHub
676185728,676185855,GitHub
676185856,676185983,GitHub
676185984,676186047,GitHub
676186048,676186111,GitHub
676186112,676186239,GitHub
676186240,676186367,GitHub
676186624,676186879,GitHub
676192256,676192271,GitHub
676192272,676192287,GitHub
676192288,676192319,GitHub
676192320,676192351,GitHub
676192352,676192383,GitHub
676192384,676192511,GitHub
676192512,676192767,GitHub
676192896,676193023,GitHub
676193024,676193279,GitHub
676193280,676193535,GitHub
676193536,676193791,GitHub
676193792,676194047,GitHub
676194048,676194303,GitHub
676194304,676194431,GitHub
676194432,676194559,GitHub
676194560,676194815,GitHub
676194816,676194943,GitHub
676194976,676195007,GitHub
676195008,676195039,GitHub
676195040,676195071,GitHub
676195072,676195327,GitHub
676195328,676195359,GitHub
676195360,676195391,GitHub
676195408,676195423,GitHub
676195424,676195455,GitHub
676195456,676195487,GitHub
676195488,676195503,GitHub
676195504,676195519,GitHub
676195584,676195647,GitHub
676195648,676195711,GitHub
676196352,676196479,GitHub
676196480,676196607,GitHub
676196608,676196863,GitHub
676196864,676197375,GitHub
676197376,676197503,GitHub
676197632,676197887,GitHub
676197888,676198143,GitHub
676198144,676198399,GitHub
676198400,676198527,GitHub
676198528,676198655,GitHub
676198656,676198911,GitHub
676198912,676199167,GitHub
676199168,676199423,GitHub
676199936,676199999,GitHub
676200064,676200191,GitHub
676200192,676200319,GitHub
676200320,676200383,GitHub
676200384,676200447,GitHub
676200448,676233215,GitHub
676233216,676249599,GitHub
676253728,676253731,GitHub
676253744,676253759,GitHub
676253760,676253775,GitHub
676254208,676254463,GitHub
676254464,676254719,GitHub
676255232,676255487,GitHub
676255744,676255999,GitHub
676256000,676256255,GitHub
676256256,676256511,GitHub
676256512,676256767,GitHub
676256768,676257023,GitHub
676257024,676257279,GitHub
676257280,676257535,GitHub
676257792,676259839,GitHub
676261888,676265983,GitHub
676265984,676268031,GitHub
676268032,676268063,GitHub
676268064,676268079,GitHub
676268096,676268127,GitHub
676268128,676268143,GitHub
676268288,676268543,GitHub
676270080,676274175,GitHub
676274176,676278271,GitHub
676278272,676278303,GitHub
676278304,676278319,GitHub
676278528,676278783,GitHub
676280320,676282367,GitHub
676282368,676286463,GitHub
676286464,676288511,GitHub
676289024,676289279,GitHub
676289280,676289295,GitHub
676289536,676289791,GitHub
676289792,676289807,GitHub
676290048,676290303,GitHub
676290304,676290319,GitHub
676304896,676306943,GitHub
676318208,676318239,GitHub
676318240,676318255,GitHub
676318256,676318271,GitHub
676318272,676318303,GitHub
676318304,676318335,GitHub
676318336,676318367,GitHub
676318368,676318399,GitHub
676318528,676318543,GitHub
676318560,676318591,GitHub
676318656,676318687,GitHub
676318688,676318703,GitHub
676318704,676318719,GitHub
676318720,676318751,GitHub
676318784,676318815,GitHub
676318848,676318879,GitHub
676318880,676318911,GitHub
676318912,676318943,GitHub
676318944,676318975,GitHub
676318976,676319007,GitHub
676319056,676319071,GitHub
676319104,676319231,GitHub
676321280,676321535,GitHub
676321536,676321791,GitHub
676327424,676331519,GitHub
676341760,676342783,GitHub
676342784,676343807,GitHub
676368384,676370431,GitHub
676370432,676372479,GitHub
676372480,676372735,GitHub
676372738,676372739,GitHub
676372740,676372743,GitHub
676372744,676372751,GitHub
676378624,676380671,GitHub
676380672,676388863,GitHub
676392960,676397055,GitHub
676397056,676401151,GitHub
676405248,676409343,GitHub
676463616,676464639,GitHub
676466688,676467711,GitHub
676468736,676469759,GitHub
676471808,676472831,GitHub
676473856,676474879,GitHub
676477952,676478975,GitHub
676486144,676487167,GitHub
676487168,676488191,GitHub
676503552,676511743,GitHub
676526080,676528127,GitHub
676528128,676532223,GitHub
676532224,676534271,GitHub
676534272,676534335,GitHub
676534336,676534367,GitHub
676534400,676534527,GitHub
676534528,676534783,GitHub
676534784,676535295,GitHub
676535296,676536319,GitHub
676536320,676544511,GitHub
676560896,676593663,GitHub
676593664,676626431,GitHub
676626432,676659199,GitHub
676659200,676691967,GitHub
676691968,676696063,GitHub
676696064,676700159,GitHub
676700160,676708351,GitHub
676708352,676724735,GitHub
676724736,676757503,GitHub
676757504,676765695,GitHub
676765696,676773887,GitHub
676773888,676790271,GitHub
676790272,676823039,GitHub
676823040,676831231,GitHub
676831232,676832255,GitHub
676832256,676833279,GitHub
676833280,676833283,GitHub
676833288,676833295,GitHub
676833296,676833311,GitHub
676833312,676833319,GitHub
676833328,676833331,GitHub
676833334,676833335,GitHub
676833336,676833339,GitHub
676833342,676833343,GitHub
676833350,676833351,GitHub
676833352,676833359,GitHub
676833360,676833375,GitHub
676833376,676833391,GitHub
676833392,676833393,GitHub
676833400,676833407,GitHub
676833408,676833423,GitHub
676833424,676833427,GitHub
676833430,676833431,GitHub
676833432,676833439,GitHub
676833440,676833455,GitHub
676833456,676833457,GitHub
676833460,676833463,GitHub
676833464,676833471,GitHub
676833472,676833479,GitHub
676833480,676833483,GitHub
676833490,676833491,GitHub
676833492,676833495,GitHub
676833496,676833503,GitHub
676833504,676833511,GitHub
676833524,676833527,GitHub
676833528,676833535,GitHub
676833536,676833539,GitHub
676833540,676833541,GitHub
676833544,676833551,GitHub
676833552,676833559,GitHub
676833560,676833563,GitHub
676833566,676833567,GitHub
676833568,676833575,GitHub
676833576,676833577,GitHub
676833580,676833583,GitHub
676833584,676833591,GitHub
676833592,676833593,GitHub
676833596,676833597,GitHub
676833600,676833615,GitHub
676833616,676833623,GitHub
676833624,676833627,GitHub
676833634,676833635,GitHub
676833636,676833639,GitHub
676833640,676833647,GitHub
676833648,676833663,GitHub
676833664,676833671,GitHub
676833672,676833673,GitHub
676833676,676833679,GitHub
676833696,676833727,GitHub
676833728,676833743,GitHub
676833744,676833751,GitHub
676833756,676833759,GitHub
676833760,676833775,GitHub
676833776,676833783,GitHub
676833784,676833787,GitHub
676833788,676833789,GitHub
676833792,676833855,GitHub
676833856,676833871,GitHub
676833872,676833879,GitHub
676833880,676833883,GitHub
676833884,676833885,GitHub
676833888,676833903,GitHub
676833904,676833907,GitHub
676833908,676833909,GitHub
676833912,676833919,GitHub
676833920,676833935,GitHub
676833936,676833937,GitHub
676833944,676833951,GitHub
676833952,676833967,GitHub
676833968,676833975,GitHub
676833976,676833979,GitHub
676833986,676833987,GitHub
676833988,676833991,GitHub
676833994,676833995,GitHub
676833996,676833999,GitHub
676834000,676834003,GitHub
676834006,676834007,GitHub
676834008,676834011,GitHub
676834020,676834023,GitHub
676834024,676834031,GitHub
676834032,676834039,GitHub
676834040,676834043,GitHub
676834050,676834051,GitHub
676834052,676834055,GitHub
676834056,676834063,GitHub
676834064,676834079,GitHub
676834080,676834081,GitHub
676834084,676834087,GitHub
676834088,676834089,GitHub
676834106,676834107,GitHub
676834112,676834113,GitHub
676834120,676834127,GitHub
676834128,676834143,GitHub
676834144,676834175,GitHub
676834176,676834207,GitHub
676834208,676834209,GitHub
676834214,676834215,GitHub
676834216,676834223,GitHub
676834224,676834239,GitHub
676834240,676834271,GitHub
676834272,676834273,GitHub
676834276,676834277,GitHub
676834280,676834283,GitHub
676834284,676834285,GitHub
676834288,676834295,GitHub
676834296,676834297,GitHub
676834304,676835327,GitHub
676835328,676835335,GitHub
676835336,676835339,GitHub
676835340,676835341,GitHub
676835348,676835351,GitHub
676835352,676835359,GitHub
676835360,676835391,GitHub
676835392,676835399,GitHub
676835400,676835403,GitHub
676835404,676835405,GitHub
676835412,676835415,GitHub
676835416,676835423,GitHub
676835442,676835443,GitHub
676835444,676835447,GitHub
676835448,676835449,GitHub
676835462,676835463,GitHub
676835464,676835467,GitHub
676835478,676835479,GitHub
676835480,676835487,GitHub
676835488,676835495,GitHub
676835502,676835503,GitHub
676835512,676835515,GitHub
676835520,676835535,GitHub
676835542,676835543,GitHub
676835544,676835551,GitHub
676835552,676835559,GitHub
676835560,676835561,GitHub
676835566,676835567,GitHub
676835568,676835583,GitHub
676835600,676835615,GitHub
676835616,676835647,GitHub
676835648,676835679,GitHub
676835680,676835695,GitHub
676835696,676835703,GitHub
676835704,676835705,GitHub
676835708,676835711,GitHub
676835712,676835727,GitHub
676835728,676835735,GitHub
676835736,676835737,GitHub
676835740,676835743,GitHub
676835744,676835751,GitHub
676835752,676835755,GitHub
676835764,676835767,GitHub
676835768,676835775,GitHub
676835776,676835783,GitHub
676835784,676835787,GitHub
676835788,676835789,GitHub
676835794,676835795,GitHub
676835796,676835799,GitHub
676835800,676835807,GitHub
676835808,676835839,GitHub
676835840,676835871,GitHub
676835872,676835887,GitHub
676835892,676835895,GitHub
676835896,676835903,GitHub
676835904,676835911,GitHub
676835918,676835919,GitHub
676835920,676835921,GitHub
676835930,676835931,GitHub
676835932,676835935,GitHub
676835936,676835951,GitHub
676835952,676835959,GitHub
676835978,676835979,GitHub
676835980,676835983,GitHub
676835984,676835999,GitHub
676836000,676836031,GitHub
676836032,676836063,GitHub
676836064,676836071,GitHub
676836072,676836073,GitHub
676836082,676836083,GitHub
676836084,676836087,GitHub
676836088,676836095,GitHub
676836096,676836097,GitHub
676836106,676836107,GitHub
676836108,676836111,GitHub
676836112,676836127,GitHub
676836128,676836159,GitHub
676836160,676836223,GitHub
676836224,676836255,GitHub
676836256,676836257,GitHub
676836274,676836275,GitHub
676836276,676836279,GitHub
676836280,676836287,GitHub
676836288,676836289,GitHub
676836292,676836295,GitHub
676836296,676836303,GitHub
676836304,676836319,GitHub
676836320,676836335,GitHub
676836336,676836343,GitHub
676836344,676836345,GitHub
676836352,676836359,GitHub
676836360,676836363,GitHub
676836366,676836367,GitHub
676836368,676836375,GitHub
676836376,676836377,GitHub
676836380,676836383,GitHub
676836384,676836415,GitHub
676836416,676836419,GitHub
676836426,676836427,GitHub
676836428,676836431,GitHub
676836432,676836447,GitHub
676836448,676836479,GitHub
676836480,676836495,GitHub
676836496,676836503,GitHub
676836504,676836505,GitHub
676836508,676836509,GitHub
676836512,676836515,GitHub
676836516,676836517,GitHub
676836524,676836527,GitHub
676836528,676836529,GitHub
676836536,676836543,GitHub
676836544,676836547,GitHub
676836554,676836555,GitHub
676836556,676836559,GitHub
676836560,676836575,GitHub
676836576,676836591,GitHub
676836592,676836599,GitHub
676836600,676836603,GitHub
676836608,676836609,GitHub
676836612,676836615,GitHub
676836616,676836623,GitHub
676836624,676836639,GitHub
676836640,676836655,GitHub
676836656,676836663,GitHub
676836664,676836667,GitHub
676836672,676836735,GitHub
676836736,676836751,GitHub
676836752,676836759,GitHub
676836760,676836761,GitHub
676836764,676836765,GitHub
676836770,676836771,GitHub
676836772,676836775,GitHub
676836776,676836783,GitHub
676836784,676836799,GitHub
676836800,676836863,GitHub
676836868,676836871,GitHub
676836872,676836879,GitHub
676836888,676836895,GitHub
676836896,676836899,GitHub
676836900,676836901,GitHub
676836908,676836911,GitHub
676836912,676836919,GitHub
676836920,676836923,GitHub
676836926,676836927,GitHub
676836928,676836935,GitHub
676836936,676836939,GitHub
676836944,676836947,GitHub
676836958,676836959,GitHub
676836960,676836967,GitHub
676836968,676836969,GitHub
676836980,676836983,GitHub
676836984,676836987,GitHub
676837000,676837007,GitHub
676837008,676837023,GitHub
676837024,676837055,GitHub
676837056,676837063,GitHub
676837064,676837067,GitHub
676837072,676837087,GitHub
676837088,676837103,GitHub
676837104,676837105,GitHub
676837118,676837119,GitHub
676837120,676837121,GitHub
676837128,676837135,GitHub
676837136,676837143,GitHub
676837144,676837147,GitHub
676837148,676837149,GitHub
676837152,676837159,GitHub
676837162,676837163,GitHub
676837164,676837167,GitHub
676837170,676837171,GitHub
676837172,676837175,GitHub
676837176,676837183,GitHub
676837184,676837199,GitHub
676837212,676837215,GitHub
676837216,676837223,GitHub
676837224,676837227,GitHub
676837240,676837247,GitHub
676837264,676837279,GitHub
676837280,676837287,GitHub
676837288,676837291,GitHub
676837292,676837293,GitHub
676837300,676837303,GitHub
676837304,676837311,GitHub
676837312,676837343,GitHub
676837344,676837351,GitHub
676837352,676837355,GitHub
676837356,676837357,GitHub
676837364,676837367,GitHub
676837368,676837375,GitHub
676837376,676838399,GitHub
676838400,676839423,GitHub
676849664,676851711,GitHub
676855808,676921343,GitHub
676921344,676929535,GitHub
676978688,676986879,GitHub
676988928,676990975,GitHub
676990976,676991007,GitHub
676991104,676991135,GitHub
676991168,676991231,GitHub
676991296,676991327,GitHub
676991328,676991359,GitHub
676991360,676991375,GitHub
676991376,676991391,GitHub
676991424,676991455,GitHub
676991552,676991615,GitHub
676991616,676991679,GitHub
676991680,676991743,GitHub
676991808,676991871,GitHub
676991872,676991999,GitHub
676992000,676992127,GitHub
676992128,676992255,GitHub
676992256,676992383,GitHub
676992384,676992511,GitHub
676992512,676992639,GitHub
676992640,676992767,GitHub
676992768,676992895,GitHub
676992896,676993023,GitHub
676993152,676993279,GitHub
676993280,676993343,GitHub
676993344,676993407,GitHub
676993408,676993471,GitHub
676993472,676993535,GitHub
676993664,676993791,GitHub
676993856,676993919,GitHub
676993920,676993983,GitHub
676994112,676994175,GitHub
676994176,676994239,GitHub
676994720,676994751,GitHub
676994752,676994815,GitHub
676994944,676995071,GitHub
677019648,677019663,GitHub
677019664,677019679,GitHub
677019776,677019791,GitHub
677019872,677019887,GitHub
677020032,677020095,GitHub
677020096,677020127,GitHub
677020128,677020159,GitHub
677020160,677020191,GitHub
677020224,677020239,GitHub
677020256,677020271,GitHub
677020320,677020351,GitHub
677020352,677020367,GitHub
677020384,677020399,GitHub
677020416,677020447,GitHub
677020448,677020479,GitHub
677020608,677020639,GitHub
677020640,677020671,GitHub
677020720,677020735,GitHub
677020768,677020799,GitHub
677020800,677020863,GitHub
677020864,677020927,GitHub
677020928,677020959,GitHub
677020992,677021023,GitHub
677021024,677021039,GitHub
677021040,677021055,GitHub
677021056,677021071,GitHub
677021248,677021311,GitHub
677021312,677021375,GitHub
677021376,677021439,GitHub
677021440,677021503,GitHub
677021504,677021567,GitHub
677021568,677021695,GitHub
677021696,677021711,GitHub
677021712,677021727,GitHub
677021728,677021759,GitHub
677021856,677021871,GitHub
677021872,677021887,GitHub
677021920,677021951,GitHub
677022048,677022079,GitHub
677022144,677022175,GitHub
677022176,677022207,GitHub
677022208,677022239,GitHub
677022240,677022271,GitHub
677022272,677022303,GitHub
677022368,677022399,GitHub
677022400,677022415,GitHub
677022416,677022431,GitHub
677022464,677022495,GitHub
677022496,677022527,GitHub
677022656,677022687,GitHub
677022688,677022719,GitHub
677022784,677022815,GitHub
677022816,677022847,GitHub
677022848,677022879,GitHub
677022880,677022911,GitHub
677022912,677022943,GitHub
677022944,677022975,GitHub
677022976,677023007,GitHub
677023008,677023039,GitHub
677023072,677023103,GitHub
677023104,677023135,GitHub
677023136,677023167,GitHub
677023360,677023391,GitHub
677023456,677023471,GitHub
677023472,677023487,GitHub
677023488,677023519,GitHub
677023584,677023615,GitHub
677023648,677023679,GitHub
677023680,677023743,GitHub
677023744,677023775,GitHub
677023776,677023807,GitHub
677023808,677023871,GitHub
677023872,677023935,GitHub
677023936,677023967,GitHub
677024000,677024031,GitHub
677024032,677024063,GitHub
677024064,677024095,GitHub
677024160,677024191,GitHub
677024192,677024223,GitHub
677024224,677024255,GitHub
677024256,677024271,GitHub
677024272,677024287,GitHub
677024288,677024319,GitHub
677024320,677024383,GitHub
677024384,677024415,GitHub
677024512,677024543,GitHub
677024608,677024639,GitHub
677024768,677024831,GitHub
677024832,677024863,GitHub
677024864,677024895,GitHub
677024896,677024927,GitHub
677024928,677024943,GitHub
677024944,677024959,GitHub
677024960,677024991,GitHub
677025120,677025151,GitHub
677025152,677025279,GitHub
677025312,677025343,GitHub
677025408,677025535,GitHub
677025536,677025599,GitHub
677025632,677025663,GitHub
677025664,677025679,GitHub
677025680,677025695,GitHub
677025792,677025919,GitHub
677025952,677025983,GitHub
677026048,677026111,GitHub
677026144,677026175,GitHub
677026176,677026303,GitHub
677026368,677026431,GitHub
677026560,677026623,GitHub
677026688,677026751,GitHub
677026752,677026815,GitHub
677026912,677026943,GitHub
677026944,677027007,GitHub
677027008,677027071,GitHub
677027136,677027199,GitHub
677027200,677027263,GitHub
677027392,677027455,GitHub
677027456,677027583,GitHub
677027584,677027839,GitHub
677036032,677044223,GitHub
677044224,677052415,GitHub
677052416,677053439,GitHub
677053440,677054463,GitHub
677055504,677055519,GitHub
677055536,677055551,GitHub
677055552,677055615,GitHub
677055616,677055631,GitHub
677055648,677055679,GitHub
677055696,677055711,GitHub
677055728,677055743,GitHub
677055808,677055839,GitHub
677055840,677055855,GitHub
677055872,677055903,GitHub
677055984,677055999,GitHub
677056000,677056255,GitHub
677056512,677057535,GitHub
677057536,677058559,GitHub
677058560,677059583,GitHub
677059584,677060607,GitHub
677060608,677061631,GitHub
677068800,677085183,GitHub
677093376,677101567,GitHub
677101568,677117951,GitHub
677183488,677183999,GitHub
677184000,677184255,GitHub
677184512,677184767,GitHub
677184768,677185023,GitHub
677185024,677185279,GitHub
677185280,677185535,GitHub
677185536,677185791,GitHub
677185792,677186047,GitHub
677186048,677186303,GitHub
677186304,677186559,GitHub
677186560,677186815,GitHub
677186816,677187071,GitHub
677187072,677187327,GitHub
677187328,677187583,GitHub
677188096,677188351,GitHub
677188352,677188607,GitHub
677188608,677188863,GitHub
677189376,677189631,GitHub
677199872,677200127,GitHub
677200128,677200383,GitHub
677232640,677232895,GitHub
677232896,677233151,GitHub
677233152,677233663,GitHub
677233664,677234175,GitHub
677234176,677234687,GitHub
677234688,677235199,GitHub
677235200,677235455,GitHub
677392896,677393151,GitHub
677395712,677395967,GitHub
677396224,677396479,GitHub
677445376,677445631,GitHub
677446656,677446911,GitHub
677446912,677447167,GitHub
677447168,677447423,GitHub
677447424,677447679,GitHub
677448704,677448959,GitHub
677448960,677449215,GitHub
677449216,677449279,GitHub
677450752,677451007,GitHub
677451008,677451071,GitHub
677451072,677451135,GitHub
677451136,677451263,GitHub
677451264,677451775,GitHub
677453824,677454847,GitHub
677456896,677457151,GitHub
677457152,677457215,GitHub
677457216,677457279,GitHub
677457280,677457407,GitHub
677457408,677457535,GitHub
677457536,677457599,GitHub
677457600,677457663,GitHub
677457664,677457791,GitHub
677457792,677457919,GitHub
677458944,677459007,GitHub
677459200,677459327,GitHub
677459328,677459391,GitHub
677459392,677459455,GitHub
677459456,677459583,GitHub
677459776,677459839,GitHub
677459840,677459967,GitHub
677461248,677461375,GitHub
677461376,677461439,GitHub
677461440,677461503,GitHub
677461504,677461631,GitHub
677461888,677462015,GitHub
677464064,677464127,GitHub
677464320,677464447,GitHub
677464448,677464511,GitHub
677511168,677511231,GitHub
677511232,677511295,GitHub
677511680,677511935,GitHub
677708288,677708415,GitHub
677708416,677708479,GitHub
677708480,677708543,GitHub
677708544,677708671,GitHub
677712960,677713023,GitHub
677713024,677713151,GitHub
677713152,677713279,GitHub
677713280,677713343,GitHub
678150144,678150655,GitHub
678150656,678150911,GitHub
678150912,678151167,GitHub
678151424,678151679,GitHub
678151680,678151935,GitHub
678151936,678152191,GitHub
678152192,678152703,GitHub
678154240,678154751,GitHub
678154752,678155007,GitHub
678437888,678438015,GitHub
678438016,678438143,GitHub
678438144,678438207,GitHub
678438208,678438271,GitHub
678438592,678438655,GitHub
678440960,678445055,GitHub
678445056,678453247,GitHub
678453248,678461439,GitHub
678461440,678494207,GitHub
678494208,678510591,GitHub
678510592,678518783,GitHub
678518784,678526975,GitHub
678526976,678543359,GitHub
678543360,678559743,GitHub
678559744,678592511,GitHub
678592512,678625279,GitHub
678625280,678641663,GitHub
678649856,678658047,GitHub
678690816,678756351,GitHub
678764544,678772735,GitHub
678772736,678789119,GitHub
678789120,678821887,GitHub
678821888,678854655,GitHub
678854656,678887423,GitHub
678887424,678903807,GitHub
678909952,678910975,GitHub
678920192,678928383,GitHub
678990848,678990911,GitHub
678990912,678990943,GitHub
678990944,678990959,GitHub
678990962,678990963,GitHub
678990964,678990967,GitHub
678990968,678990975,GitHub
678990976,678991007,GitHub
678991008,678991015,GitHub
678991016,678991019,GitHub
678991020,678991021,GitHub
678991024,678991039,GitHub
678991040,678991103,GitHub
678991104,678991359,GitHub
678991360,678991615,GitHub
678991616,678991679,GitHub
678991680,678991683,GitHub
678991684,678991685,GitHub
678991688,678991695,GitHub
678991696,678991711,GitHub
678991712,678991727,GitHub
678991730,678991731,GitHub
678991732,678991735,GitHub
678991736,678991743,GitHub
678991744,678991807,GitHub
678991808,678991839,GitHub
678991840,678991855,GitHub
678991856,678991857,GitHub
678991860,678991863,GitHub
678991864,678991871,GitHub
678991872,678992895,GitHub
678992896,678992911,GitHub
678992912,678992919,GitHub
678992920,678992923,GitHub
678992924,678992925,GitHub
678992936,678992939,GitHub
678992944,678992951,GitHub
678992952,678992955,GitHub
678992968,678992975,GitHub
678992976,678992991,GitHub
678992992,678992993,GitHub
678992998,678992999,GitHub
678993000,678993007,GitHub
678993008,678993011,GitHub
678993012,678993013,GitHub
678993016,678993023,GitHub
678993024,678993151,GitHub
678993152,678993407,GitHub
678993408,678993439,GitHub
678993440,678993443,GitHub
678993444,678993445,GitHub
678993450,678993451,GitHub
678993452,678993455,GitHub
678993456,678993471,GitHub
678993472,678993487,GitHub
678993488,678993491,GitHub
678993494,678993495,GitHub
678993496,678993503,GitHub
678993504,678993505,GitHub
678993508,678993509,GitHub
678993512,678993515,GitHub
678993532,678993535,GitHub
678993536,678993599,GitHub
678993600,678993631,GitHub
678993632,678993647,GitHub
678993648,678993655,GitHub
678993656,678993659,GitHub
678993662,678993663,GitHub
678993664,678993671,GitHub
678993674,678993675,GitHub
678993676,678993679,GitHub
678993682,678993683,GitHub
678993684,678993687,GitHub
678993688,678993695,GitHub
678993696,678993727,GitHub
678993728,678993735,GitHub
678993738,678993739,GitHub
678993742,678993743,GitHub
678993748,678993751,GitHub
678993752,678993759,GitHub
678993760,678993761,GitHub
678993770,678993771,GitHub
678993772,678993775,GitHub
678993776,678993791,GitHub
678993792,678993823,GitHub
678993824,678993825,GitHub
678993840,678993847,GitHub
678993860,678993863,GitHub
678993864,678993871,GitHub
678993872,678993879,GitHub
678993884,678993887,GitHub
678993888,678993919,GitHub
678993920,678994943,GitHub
678994946,678994947,GitHub
678994948,678994951,GitHub
678994952,678994959,GitHub
678994960,678994967,GitHub
678994968,678994971,GitHub
678994980,678994983,GitHub
678994984,678994991,GitHub
678994992,678994999,GitHub
678995000,678995001,GitHub
678995008,678995015,GitHub
678995016,678995019,GitHub
678995020,678995021,GitHub
678995024,678995039,GitHub
678995042,678995043,GitHub
678995044,678995047,GitHub
678995048,678995055,GitHub
678995056,678995059,GitHub
678995062,678995063,GitHub
678995064,678995071,GitHub
678995072,678995103,GitHub
678995104,678995119,GitHub
678995120,678995121,GitHub
678995124,678995127,GitHub
678995128,678995131,GitHub
678995132,678995133,GitHub
678995140,678995143,GitHub
678995144,678995151,GitHub
678995152,678995167,GitHub
678995168,678995169,GitHub
678995172,678995175,GitHub
678995176,678995179,GitHub
678995180,678995181,GitHub
678995184,678995191,GitHub
678995194,678995195,GitHub
678995196,678995199,GitHub
678995200,678995327,GitHub
678995328,678995391,GitHub
678995392,678995423,GitHub
678995424,678995439,GitHub
678995440,678995441,GitHub
678995444,678995447,GitHub
678995448,678995455,GitHub
678995456,678995487,GitHub
678995488,678995491,GitHub
678995496,678995503,GitHub
678995504,678995519,GitHub
678995520,678995521,GitHub
678995524,678995527,GitHub
678995528,678995535,GitHub
678995536,678995551,GitHub
678995552,678995583,GitHub
678995584,678995647,GitHub
678995648,678995679,GitHub
678995680,678995683,GitHub
678995686,678995687,GitHub
678995688,678995695,GitHub
678995696,678995711,GitHub
678995712,678995775,GitHub
678995776,678995783,GitHub
678995784,678995787,GitHub
678995810,678995811,GitHub
678995820,678995823,GitHub
678995824,678995839,GitHub
678995840,678995855,GitHub
678995856,678995859,GitHub
678995862,678995863,GitHub
678995864,678995871,GitHub
678995872,678995903,GitHub
678995904,678995967,GitHub
679000064,679000127,GitHub
679000128,679000129,GitHub
679000132,679000135,GitHub
679000136,679000143,GitHub
679000146,679000147,GitHub
679000148,679000151,GitHub
679000154,679000155,GitHub
679000156,679000159,GitHub
679000160,679000191,GitHub
679000192,679000319,GitHub
679000320,679000575,GitHub
679000576,679000703,GitHub
679000704,679000711,GitHub
679001088,679002111,GitHub
679018496,679084031,GitHub
679088128,679092223,GitHub
679092224,679100415,GitHub
679100416,679116799,GitHub
679116800,679149567,GitHub
679149568,679182335,GitHub
679183360,679184383,GitHub
679184384,679184639,GitHub
679185408,679186431,GitHub
679186432,679186433,GitHub
679186438,679186439,GitHub
679186440,679186447,GitHub
679186448,679186455,GitHub
679186456,679186457,GitHub
679186462,679186463,GitHub
679186464,679186495,GitHub
679186496,679186503,GitHub
679186514,679186515,GitHub
679186518,679186519,GitHub
679186536,679186539,GitHub
679186542,679186543,GitHub
679186544,679186545,GitHub
679186550,679186551,GitHub
679186554,679186555,GitHub
679186556,679186559,GitHub
679186560,679186563,GitHub
679186564,679186565,GitHub
679186570,679186571,GitHub
679186572,679186575,GitHub
679186576,679186583,GitHub
679186586,679186587,GitHub
679186588,679186591,GitHub
679186592,679186593,GitHub
679186596,679186597,GitHub
679186600,679186601,GitHub
679186604,679186607,GitHub
679186608,679186623,GitHub
679186624,679186655,GitHub
679186656,679186671,GitHub
679186672,679186679,GitHub
679186680,679186683,GitHub
679186684,679186685,GitHub
679186694,679186695,GitHub
679186696,679186699,GitHub
679186700,679186701,GitHub
679186710,679186711,GitHub
679186712,679186719,GitHub
679186720,679186735,GitHub
679186736,679186743,GitHub
679186744,679186745,GitHub
679186756,679186759,GitHub
679186760,679186767,GitHub
679186768,679186783,GitHub
679186784,679186815,GitHub
679186816,679186847,GitHub
679186848,679186851,GitHub
679186854,679186855,GitHub
679186856,679186859,GitHub
679186862,679186863,GitHub
679186864,679186867,GitHub
679186870,679186871,GitHub
679186872,679186875,GitHub
679186878,679186879,GitHub
679186880,679186887,GitHub
679186888,679186889,GitHub
679186894,679186895,GitHub
679186896,679186899,GitHub
679186910,679186911,GitHub
679186912,679186913,GitHub
679186918,679186919,GitHub
679186920,679186927,GitHub
679186928,679186929,GitHub
679186934,679186935,GitHub
679186936,679186939,GitHub
679186942,679186943,GitHub
679186944,679186951,GitHub
679186952,679186953,GitHub
679186958,679186959,GitHub
679186960,679186967,GitHub
679186968,679186969,GitHub
679186974,679186975,GitHub
679186980,679186981,GitHub
679186986,679186987,GitHub
679186988,679186991,GitHub
679186992,679186993,GitHub
679186998,679186999,GitHub
679187006,679187007,GitHub
679187008,679187009,GitHub
679187012,679187015,GitHub
679187016,679187017,GitHub
679187020,679187023,GitHub
679187024,679187031,GitHub
679187032,679187033,GitHub
679187036,679187039,GitHub
679187040,679187041,GitHub
679187044,679187047,GitHub
679187048,679187055,GitHub
679187056,679187059,GitHub
679187062,679187063,GitHub
679187064,679187067,GitHub
679187072,679187075,GitHub
679187078,679187079,GitHub
679187080,679187081,GitHub
679187084,679187087,GitHub
679187088,679187089,GitHub
679187092,679187095,GitHub
679187096,679187097,GitHub
679187100,679187103,GitHub
679187104,679187105,GitHub
679187120,679187121,GitHub
679187126,679187127,GitHub
679187128,679187131,GitHub
679187132,679187133,GitHub
679187136,679187139,GitHub
679187140,679187141,GitHub
679187144,679187147,GitHub
679187148,679187149,GitHub
679187154,679187155,GitHub
679187156,679187159,GitHub
679187160,679187167,GitHub
679187168,679187183,GitHub
679187184,679187187,GitHub
679187190,679187191,GitHub
679187192,679187199,GitHub
679187200,679187201,GitHub
679187204,679187207,GitHub
679187208,679187209,GitHub
679187214,679187215,GitHub
679187216,679187223,GitHub
679187224,679187225,GitHub
679187228,679187231,GitHub
679187232,679187233,GitHub
679187236,679187239,GitHub
679187240,679187247,GitHub
679187248,679187263,GitHub
679187264,679187279,GitHub
679187280,679187283,GitHub
679187284,679187285,GitHub
679187304,679187311,GitHub
679187312,679187319,GitHub
679187322,679187323,GitHub
679187324,679187325,GitHub
679187338,679187339,GitHub
679187340,679187343,GitHub
679187344,679187345,GitHub
679187348,679187351,GitHub
679187352,679187359,GitHub
679187360,679187375,GitHub
679187376,679187379,GitHub
679187380,679187381,GitHub
679187384,679187391,GitHub
679187392,679187407,GitHub
679187408,679187411,GitHub
679187414,679187415,GitHub
679187416,679187423,GitHub
679187424,679187455,GitHub
679188480,679189503,GitHub
679189504,679190527,GitHub
679190528,679191551,GitHub
679191552,679191679,GitHub
679191680,679191687,GitHub
679191688,679191689,GitHub
679191696,679191711,GitHub
679191712,679191715,GitHub
679191716,679191717,GitHub
679191726,679191727,GitHub
679191728,679191731,GitHub
679191742,679191743,GitHub
679191744,679191745,GitHub
679191760,679191763,GitHub
679191768,679191775,GitHub
679191776,679191779,GitHub
679191784,679191785,GitHub
679191798,679191799,GitHub
679191800,679191807,GitHub
679191812,679191815,GitHub
679191820,679191821,GitHub
679191824,679191831,GitHub
679191832,679191835,GitHub
679191838,679191839,GitHub
679191840,679191847,GitHub
679191848,679191851,GitHub
679191852,679191853,GitHub
679191862,679191863,GitHub
679191864,679191867,GitHub
679191868,679191869,GitHub
679191876,679191879,GitHub
679191880,679191883,GitHub
679191884,679191885,GitHub
679191890,679191891,GitHub
679191892,679191895,GitHub
679191896,679191903,GitHub
679191904,679191907,GitHub
679191908,679191909,GitHub
679191912,679191915,GitHub
679191920,679191927,GitHub
679191928,679191929,GitHub
679191932,679191935,GitHub
679191936,679191943,GitHub
679191944,679191945,GitHub
679191948,679191951,GitHub
679191952,679191959,GitHub
679191962,679191963,GitHub
679191964,679191967,GitHub
679191970,679191971,GitHub
679191974,679191975,GitHub
679191976,679191977,GitHub
679191980,679191981,GitHub
679191992,679191993,GitHub
679191996,679191997,GitHub
679192002,679192003,GitHub
679192010,679192011,GitHub
679192014,679192015,GitHub
679192034,679192035,GitHub
679192040,679192041,GitHub
679192048,679192051,GitHub
679192058,679192059,GitHub
679192062,679192063,GitHub
679192072,679192073,GitHub
679192080,679192081,GitHub
679192088,679192089,GitHub
679192094,679192095,GitHub
679192096,679192099,GitHub
679192100,679192101,GitHub
679192104,679192107,GitHub
679192122,679192123,GitHub
679192134,679192135,GitHub
679192142,679192143,GitHub
679192144,679192145,GitHub
679192148,679192149,GitHub
679192168,679192175,GitHub
679192176,679192191,GitHub
679192192,679192207,GitHub
679192208,679192211,GitHub
679192214,679192215,GitHub
679192216,679192223,GitHub
679192224,679192255,GitHub
679192256,679192319,GitHub
679192320,679192447,GitHub
679192448,679192449,GitHub
679192454,679192455,GitHub
679192456,679192457,GitHub
679192462,679192463,GitHub
679192464,679192479,GitHub
679192480,679192511,GitHub
679192512,679192543,GitHub
679192544,679192545,GitHub
679192554,679192555,GitHub
679192556,679192559,GitHub
679192560,679192575,GitHub
679192576,679192703,GitHub
679192704,679192767,GitHub
679192768,679192771,GitHub
679192778,679192779,GitHub
679192786,679192787,GitHub
679192788,679192791,GitHub
679192792,679192795,GitHub
679192802,679192803,GitHub
679192804,679192807,GitHub
679192808,679192815,GitHub
679192816,679192831,GitHub
679192832,679192835,GitHub
679192838,679192839,GitHub
679192840,679192847,GitHub
679192848,679192863,GitHub
679192864,679192867,GitHub
679192868,679192869,GitHub
679192876,679192877,GitHub
679192884,679192885,GitHub
679192892,679192895,GitHub
679192896,679192927,GitHub
679192928,679192935,GitHub
679192936,679192937,GitHub
679192940,679192943,GitHub
679192944,679192947,GitHub
679192952,679192959,GitHub
679192972,679192975,GitHub
679192976,679192983,GitHub
679192992,679192999,GitHub
679193012,679193015,GitHub
679193016,679193023,GitHub
679193024,679193087,GitHub
679193088,679193095,GitHub
679193096,679193099,GitHub
679193100,679193101,GitHub
679193110,679193111,GitHub
679193112,679193119,GitHub
679193120,679193135,GitHub
679193140,679193143,GitHub
679193144,679193145,GitHub
679193158,679193159,GitHub
679193160,679193163,GitHub
679193164,679193165,GitHub
679193172,679193175,GitHub
679193176,679193179,GitHub
679193180,679193181,GitHub
679193204,679193207,GitHub
679193208,679193215,GitHub
679193224,679193231,GitHub
679193232,679193247,GitHub
679193248,679193263,GitHub
679193264,679193271,GitHub
679193272,679193275,GitHub
679193280,679193281,GitHub
679193284,679193287,GitHub
679193288,679193295,GitHub
679193296,679193303,GitHub
679193304,679193307,GitHub
679193308,679193309,GitHub
679193312,679193343,GitHub
679193344,679193407,GitHub
679193408,679193423,GitHub
679193424,679193431,GitHub
679193436,679193439,GitHub
679193440,679193455,GitHub
679193460,679193463,GitHub
679193464,679193471,GitHub
679193472,679193487,GitHub
679193494,679193495,GitHub
679193496,679193503,GitHub
679193504,679193535,GitHub
679193536,679193551,GitHub
679193556,679193559,GitHub
679193560,679193567,GitHub
679193568,679193571,GitHub
679193576,679193583,GitHub
679193588,679193591,GitHub
679193592,679193599,GitHub
679194624,679195647,GitHub
679195648,679196671,GitHub
679196672,679196703,GitHub
679196704,679196707,GitHub
679196710,679196711,GitHub
679196714,679196715,GitHub
679196716,679196719,GitHub
679196720,679196727,GitHub
679196728,679196729,GitHub
679196732,679196733,GitHub
679196736,679196751,GitHub
679196752,679196759,GitHub
679196760,679196761,GitHub
679196770,679196771,GitHub
679196772,679196775,GitHub
679196776,679196777,GitHub
679196780,679196783,GitHub
679196784,679196787,GitHub
679196788,679196789,GitHub
679196792,679196793,GitHub
679196798,679196799,GitHub
679196800,679196815,GitHub
679196816,679196823,GitHub
679196826,679196827,GitHub
679196828,679196831,GitHub
679196840,679196847,GitHub
679196848,679196855,GitHub
679196856,679196857,GitHub
679196862,679196863,GitHub
679196870,679196871,GitHub
679196872,679196875,GitHub
679196876,679196877,GitHub
679196902,679196903,GitHub
679196904,679196911,GitHub
679196936,679196943,GitHub
679196944,679196959,GitHub
679196960,679196967,GitHub
679196976,679196977,GitHub
679196980,679196983,GitHub
679196984,679196991,GitHub
679196992,679196995,GitHub
679197012,679197015,GitHub
679197022,679197023,GitHub
679197028,679197031,GitHub
679197032,679197035,GitHub
679197038,679197039,GitHub
679197040,679197055,GitHub
679197056,679197063,GitHub
679197066,679197067,GitHub
679197072,679197087,GitHub
679197090,679197091,GitHub
679197096,679197097,GitHub
679197104,679197111,GitHub
679197118,679197119,GitHub
679197120,679197151,GitHub
679197152,679197167,GitHub
679197168,679197175,GitHub
679197178,679197179,GitHub
679197182,679197183,GitHub
679197184,679197191,GitHub
679197192,679197193,GitHub
679197208,679197209,GitHub
679197212,679197213,GitHub
679197226,679197227,GitHub
679197228,679197231,GitHub
679197232,679197233,GitHub
679197236,679197237,GitHub
679197240,679197247,GitHub
679197248,679197255,GitHub
679197256,679197259,GitHub
679197260,679197261,GitHub
679197264,679197271,GitHub
679197272,679197275,GitHub
679197276,679197277,GitHub
679197280,679197283,GitHub
679197286,679197287,GitHub
679197288,679197291,GitHub
679197294,679197295,GitHub
679197296,679197303,GitHub
679197304,679197305,GitHub
679197308,679197311,GitHub
679197316,679197319,GitHub
679197320,679197321,GitHub
679197324,679197325,GitHub
679197328,679197331,GitHub
679197334,679197335,GitHub
679197338,679197339,GitHub
679197340,679197343,GitHub
679197344,679197347,GitHub
679197348,679197349,GitHub
679197352,679197355,GitHub
679197356,679197357,GitHub
679197362,679197363,GitHub
679197364,679197365,GitHub
679197370,679197371,GitHub
679197372,679197375,GitHub
679197376,679197377,GitHub
679197380,679197383,GitHub
679197384,679197385,GitHub
679197390,679197391,GitHub
679197392,679197393,GitHub
679197396,679197399,GitHub
679197400,679197403,GitHub
679197404,679197405,GitHub
679197408,679197415,GitHub
679197418,679197419,GitHub
679197420,679197423,GitHub
679197424,679197425,GitHub
679197428,679197429,GitHub
679197436,679197437,GitHub
679197440,679197441,GitHub
679197448,679197451,GitHub
679197454,679197455,GitHub
679197456,679197457,GitHub
679197462,679197463,GitHub
679197464,679197471,GitHub
679197472,679197487,GitHub
679197492,679197495,GitHub
679197496,679197499,GitHub
679197502,679197503,GitHub
679197504,679197505,GitHub
679197510,679197511,GitHub
679197512,679197513,GitHub
679197518,679197519,GitHub
679197520,679197523,GitHub
679197524,679197525,GitHub
679197528,679197535,GitHub
679197540,679197543,GitHub
679197546,679197547,GitHub
679197550,679197551,GitHub
679197554,679197555,GitHub
679197558,679197559,GitHub
679197560,679197567,GitHub
679197574,679197575,GitHub
679197578,679197579,GitHub
679197580,679197583,GitHub
679197584,679197591,GitHub
679197594,679197595,GitHub
679197596,679197599,GitHub
679197600,679197603,GitHub
679197610,679197611,GitHub
679197612,679197615,GitHub
679197616,679197623,GitHub
679197628,679197631,GitHub
679197632,679197639,GitHub
679197640,679197641,GitHub
679197652,679197655,GitHub
679197656,679197663,GitHub
679197666,679197667,GitHub
679197668,679197671,GitHub
679197672,679197679,GitHub
679197684,679197687,GitHub
679197688,679197695,GitHub
679215104,679280639,GitHub
679288832,679297023,GitHub
679297024,679313407,GitHub
679346176,679346431,GitHub
679346432,679346687,GitHub
679346688,679346943,GitHub
679346944,679347199,GitHub
679347200,679347455,GitHub
679347456,679347711,GitHub
679347712,679347967,GitHub
679347968,679348223,GitHub
679348224,679348479,GitHub
679348480,679348735,GitHub
679348992,679349119,GitHub
679349120,679349247,GitHub
679352064,679352319,GitHub
679352320,679352575,GitHub
679352576,679352831,GitHub
679352832,679353087,GitHub
679353088,679353343,GitHub
679353344,679353599,GitHub
679353600,679353855,GitHub
679353856,679354111,GitHub
679354112,679354367,GitHub
679354368,679354623,GitHub
679354624,679354879,GitHub
679354880,679355135,GitHub
679362176,679362303,GitHub
679397888,679398143,GitHub
679436288,679440383,GitHub
679444480,679477247,GitHub
680187904,680188927,Amazon AWS
680476672,680478719,Amazon AWS
681836544,681902079,Amazon AWS
681837056,681837567,Amazon AWS
681902080,681967615,Amazon AWS
681967616,682033151,Amazon AWS
682033152,682098687,Amazon AWS
682156032,682156287,Amazon AWS
682156288,682156543,Amazon AWS
682156544,682156799,Amazon AWS
682156800,682157055,Amazon AWS
682157056,682157311,Amazon AWS
682157312,682157567,Amazon AWS
682157568,682157823,Amazon AWS
682157824,682158079,Amazon AWS
682163968,682164223,Amazon AWS
682360832,682426367,Amazon AWS
682363744,682363751,Amazon AWS
682363752,682363759,Amazon AWS
682426368,682491903,Amazon AWS
682491904,682622975,Amazon AWS
682622976,682754047,Amazon AWS
682639616,682639871,Amazon AWS
682643968,682644223,Amazon AWS
682644224,682644479,Amazon AWS
682644736,682644799,Amazon AWS
682644864,682644927,Amazon AWS
682644928,682644991,Amazon AWS
682644992,682645055,Amazon AWS
682645056,682645119,Amazon AWS
682648304,682648319,Amazon AWS
682648832,682648895,Amazon AWS
682648896,682648911,Amazon AWS
682677672,682677679,Amazon AWS
682701824,682702335,Amazon AWS
682754048,682885119,Amazon AWS
682885120,683016191,Amazon AWS
683278336,683343871,Amazon AWS
683343872,683409407,Amazon AWS
683409408,683474943,Amazon AWS
683671552,683704319,Amazon AWS
683704320,683737087,Amazon AWS
683737088,683802623,Amazon AWS
683802624,683868159,Amazon AWS
683868160,683933695,Amazon AWS
684261376,684326911,Amazon AWS
686358528,686366719,Oracle Cloud
686374912,686391295,Oracle Cloud
686505984,686522367,Amazon AWS
686538752,686555135,Amazon AWS
686686208,686751743,Amazon AWS
686751744,686817279,Amazon AWS
734003200,734068735,Amazon AWS
734040064,734041087,Amazon AWS
734042888,734042895,Amazon AWS
734043010,734043011,Amazon AWS
734043020,734043023,Amazon AWS
734043136,734043647,Amazon AWS
734044160,734045183,Amazon AWS
734054912,734055167,Amazon AWS
734068736,734085119,Amazon AWS
734085120,734085375,Amazon AWS
734085376,734085631,Amazon AWS
734085632,734086143,Amazon AWS
734134272,734138367,Amazon AWS
734138368,734138623,Amazon AWS
734199808,734203903,Amazon AWS
734203904,734204927,Amazon AWS
734204928,734205439,Amazon AWS
734265344,734330879,Amazon AWS
734266176,734266239,Amazon AWS
734268928,734269439,Amazon AWS
734269440,734269951,Amazon AWS
734269952,734270207,Amazon AWS
734270208,734270463,Amazon AWS
734270504,734270511,Amazon AWS
734270640,734270643,Amazon AWS
734271492,734271493,Amazon AWS
734271496,734271499,Amazon AWS
734396416,734527487,Amazon AWS
734438912,734439423,Amazon AWS
734439424,734440447,Amazon AWS
734445672,734445679,Amazon AWS
734468650,734468651,Amazon AWS
734468652,734468655,Amazon AWS
734468732,734468733,Amazon AWS
734468736,734468739,Amazon AWS
734527488,734789631,Amazon AWS
734632856,734632863,Amazon AWS
734632864,734632871,Amazon AWS
734676480,734676991,Amazon AWS
734676992,734678015,Amazon AWS
734686450,734686451,Amazon AWS
734713216,734713219,Amazon AWS
734713220,734713221,Amazon AWS
734713224,734713227,Amazon AWS
734789632,734920703,Amazon AWS
734920704,735051775,Amazon AWS
735032232,735032239,Amazon AWS
735032240,735032247,Amazon AWS
735051776,735182847,Amazon AWS
735058944,735059199,Amazon AWS
735065088,735065343,Amazon AWS
735065344,735065599,Amazon AWS
735065600,735065855,Amazon AWS
735065856,735066111,Amazon AWS
735066112,735066623,Amazon AWS
735066624,735066879,Amazon AWS
735067136,735067391,Amazon AWS
735068800,735068815,Amazon AWS
735068816,735068831,Amazon AWS
735071232,735071743,Amazon AWS
735157088,735157095,Amazon AWS
735157104,735157119,Amazon AWS
735182848,735313919,Amazon AWS
735185408,735185919,Amazon AWS
735185920,735186431,Amazon AWS
735313920,735444991,Amazon AWS
735318016,735318271,Amazon AWS
735329792,735330303,Amazon AWS
735330560,735330815,Amazon AWS
735330816,735331071,Amazon AWS
735331072,735331327,Amazon AWS
735331328,735331583,Amazon AWS
735331584,735331839,Amazon AWS
735331840,735332095,Amazon AWS
735348480,735348495,Amazon AWS
735348496,735348511,Amazon AWS
735414016,735414271,Amazon AWS
735418880,735419135,Amazon AWS
735422464,735422975,Amazon AWS
735444992,735576063,Amazon AWS
735576064,735707135,Amazon AWS
735586048,735586303,Amazon AWS
735589376,735589887,Amazon AWS
735591680,735591935,Amazon AWS
735591936,735592191,Amazon AWS
735592192,735592447,Amazon AWS
735592448,735592703,Amazon AWS
735592704,735592959,Amazon AWS
735594496,735594751,Amazon AWS
735598336,735598351,Amazon AWS
735598352,735598367,Amazon AWS
735598384,735598391,Amazon AWS
735598392,735598393,Amazon AWS
735598394,735598395,Amazon AWS
735598396,735598399,Amazon AWS
735634096,735634099,Amazon AWS
735686144,735686655,Amazon AWS
735700992,735702015,Amazon AWS
735707136,735772671,Amazon AWS
735721536,735721599,Amazon AWS
735721600,735721663,Amazon AWS
735721664,735721727,Amazon AWS
735725312,735725375,Amazon AWS
735747072,735747327,Amazon AWS
735747584,735748095,Amazon AWS
735748096,735749119,Amazon AWS
735756608,735756615,Amazon AWS
735756640,735756655,Amazon AWS
735756656,735756671,Amazon AWS
735764128,735764143,Amazon AWS
735764144,735764159,Amazon AWS
735838208,735903743,Amazon AWS
735903744,735969279,Amazon AWS
736238336,736238591,Amazon AWS
737750016,737750271,Amazon AWS
737750272,737750527,Amazon AWS
737750528,737750783,Amazon AWS
737750784,737751039,Amazon AWS
737757184,737758207,Fastly
737853440,737853695,Amazon AWS
737853696,737853951,Amazon AWS
750780416,752877567,Amazon AWS
750814960,750814975,Amazon AWS
750814976,750815103,Amazon AWS
750815104,750815231,Amazon AWS
750816320,750816335,Amazon AWS
750816368,750816383,Amazon AWS
750816384,750816391,Amazon AWS
750843296,750843311,Amazon AWS
750845824,750845839,Amazon AWS
750940128,750940131,Amazon AWS
751285248,751285759,Amazon AWS
751296128,751296191,Amazon AWS
751456128,751456255,Amazon AWS
751698944,751699967,Amazon AWS
751916032,751917055,Amazon AWS
751976448,751977471,Amazon AWS
752011520,752011775,Amazon AWS
752011776,752012031,Amazon AWS
752023104,752023167,Amazon AWS
752111552,752111615,Amazon AWS
752136192,752136703,Amazon AWS
752136704,752137215,Amazon AWS
752137216,752137727,Amazon AWS
752137728,752138239,Amazon AWS
752172416,752172543,Amazon AWS
752176640,752177151,Amazon AWS
752181760,752182015,Amazon AWS
752259072,752260095,Amazon AWS
752260096,752261119,Amazon AWS
752261120,752262143,Amazon AWS
752262144,752263167,Amazon AWS
752307200,752307455,Amazon AWS
752316928,752317439,Amazon AWS
752317440,752318463,Amazon AWS
752320512,752321535,Amazon AWS
752321536,752322559,Amazon AWS
752322560,752323583,Amazon AWS
752323584,752324607,Amazon AWS
752363928,752363935,Amazon AWS
752363936,752363943,Amazon AWS
752400384,752401407,Amazon AWS
752401408,752402431,Amazon AWS
752402432,752403455,Amazon AWS
752403456,752404479,Amazon AWS
752404480,752405503,Amazon AWS
752508928,752509439,Amazon AWS
752621824,752621951,Amazon AWS
752622592,752623615,Amazon AWS
752632704,752632831,Amazon AWS
752632832,752632959,Amazon AWS
752633856,752634879,Amazon AWS
752634880,752635903,Amazon AWS
752663824,752663825,Amazon AWS
752663828,752663831,Amazon AWS
752663852,752663853,Amazon AWS
752663854,752663855,Amazon AWS
752663856,752663859,Amazon AWS
752663860,752663863,Amazon AWS
752663864,752663865,Amazon AWS
752663866,752663867,Amazon AWS
752663868,752663871,Amazon AWS
752663872,752663875,Amazon AWS
752663876,752663877,Amazon AWS
752663878,752663879,Amazon AWS
752663880,752663883,Amazon AWS
752663884,752663887,Amazon AWS
752663888,752663889,Amazon AWS
752663890,752663891,Amazon AWS
752663892,752663895,Amazon AWS
752663896,752663899,Amazon AWS
752663900,752663901,Amazon AWS
752663904,752663907,Amazon AWS
752665088,752665599,Amazon AWS
752665600,752666111,Amazon AWS
752666112,752666623,Amazon AWS
752666624,752667135,Amazon AWS
752667136,752667647,Amazon AWS
752763392,752763647,Amazon AWS
752787366,752787367,Amazon AWS
752787376,752787391,Amazon AWS
752843008,752843263,Amazon AWS
752843264,752843519,Amazon AWS
752877568,754974719,Amazon AWS
753119744,753119999,Amazon AWS
753481216,753481727,Amazon AWS
753538688,753538751,Amazon AWS
753540096,753541119,Amazon AWS
753546752,753547263,Amazon AWS
753551732,753551735,Amazon AWS
753551736,753551739,Amazon AWS
753556220,753556223,Amazon AWS
753560064,753560575,Amazon AWS
753560704,753560831,Amazon AWS
753561920,753561983,Amazon AWS
753564480,753564543,Amazon AWS
753564544,753564607,Amazon AWS
754094004,754094005,Amazon AWS
754094048,754094051,Amazon AWS
754094066,754094067,Amazon AWS
754094068,754094071,Amazon AWS
754094072,754094073,Amazon AWS
754094074,754094075,Amazon AWS
754094076,754094079,Amazon AWS
754098432,754098435,Amazon AWS
754098436,754098437,Amazon AWS
754098438,754098439,Amazon AWS
754098440,754098441,Amazon AWS
754098442,754098443,Amazon AWS
754098444,754098447,Amazon AWS
754098448,754098449,Amazon AWS
754098452,754098455,Amazon AWS
754098456,754098463,Amazon AWS
754102464,754102527,Amazon AWS
754102528,754102591,Amazon AWS
754102592,754102655,Amazon AWS
754102656,754102687,Amazon AWS
754102784,754103039,Amazon AWS
754103040,754103295,Amazon AWS
754103296,754103551,Amazon AWS
754103552,754103583,Amazon AWS
754103584,754103599,Amazon AWS
754104448,754104575,Amazon AWS
754389248,754389503,Amazon AWS
754476032,754476543,Amazon AWS
754479040,754479103,Amazon AWS
754847232,754847743,Amazon AWS
754872320,754872831,Amazon AWS
757137408,757137663,Linode
757137664,757137919,Linode
757137920,757138175,Linode
757138176,757138431,Linode
757138432,757138687,Linode
757138688,757138943,Linode
757138944,757139199,Linode
757139200,757139455,Linode
757139456,757139711,Linode
757139712,757139967,Linode
757139968,757140223,Linode
757140224,757140479,Linode
757140480,757140735,Linode
757140736,757140991,Linode
757140992,757141247,Linode
757141248,757141503,Linode
757141504,757141759,Linode
757141760,757142015,Linode
757142016,757142271,Linode
757142272,757142527,Linode
757142528,757142783,Linode
757142784,757143039,Linode
757143040,757143295,Linode
757143296,757143551,Linode
757143552,757143807,Linode
757143808,757144063,Linode
757144064,757144319,Linode
757144320,757144575,Linode
757144576,757144831,Linode
757144832,757145087,Linode
757145088,757145343,Linode
757145344,757145599,Linode
757145600,757145855,Linode
757145856,757146111,Linode
757146112,757146367,Linode
757146368,757146623,Linode
757146624,757146879,Linode
757146880,757147135,Linode
757147136,757147391,Linode
757147392,757147647,Linode
757147648,757147903,Linode
757147904,757148159,Linode
757148160,757148415,Linode
757148416,757148671,Linode
757148672,757148927,Linode
757148928,757149183,Linode
757149184,757149439,Linode
757149440,757149695,Linode
757149696,757149951,Linode
757149952,757150207,Linode
757150208,757150463,Linode
757150464,757150719,Linode
757150720,757150975,Linode
757150976,757151231,Linode
757151232,757151487,Linode
757151488,757151743,Linode
757151744,757151999,Linode
757152000,757152255,Linode
757152256,757152511,Linode
757152512,757152767,Linode
757152768,757153023,Linode
757153024,757153279,Linode
757153280,757153535,Linode
757153536,757153791,Linode
757153792,757154047,Linode
757154048,757154303,Linode
757154304,757154559,Linode
757154560,757154815,Linode
757154816,757155071,Linode
757155072,757155327,Linode
757155328,757155583,Linode
757155584,757155839,Linode
757155840,757156095,Linode
757156096,757156351,Linode
757156352,757156607,Linode
757156608,757156863,Linode
757156864,757157119,Linode
757157120,757157375,Linode
757157376,757157631,Linode
757157632,757157887,Linode
757157888,757158143,Linode
757158144,757158399,Linode
757158400,757158655,Linode
757158656,757158911,Linode
757158912,757159167,Linode
757159168,757159423,Linode
757159424,757159679,Linode
757159680,757159935,Linode
757159936,757160191,Linode
757160192,757160447,Linode
757160448,757160703,Linode
757160704,757160959,Linode
757160960,757161215,Linode
757161216,757161471,Linode
757161472,757161727,Linode
757161728,757161983,Linode
757161984,757162239,Linode
757162240,757162495,Linode
757162496,757162751,Linode
757162752,757163007,Linode
757163008,757163263,Linode
757163264,757163519,Linode
757163520,757163775,Linode
757163776,757164031,Linode
757164032,757164287,Linode
757164288,757164543,Linode
757164544,757164799,Linode
757164800,757165055,Linode
757165056,757165311,Linode
757165312,757165567,Linode
757165568,757165823,Linode
757165824,757166079,Linode
757166080,757166335,Linode
757166336,757166591,Linode
757166592,757166847,Linode
757166848,757167103,Linode
757167104,757167359,Linode
757167360,757167615,Linode
757167616,757167871,Linode
757167872,757168127,Linode
757168128,757168383,Linode
757168384,757168639,Linode
757168640,757168895,Linode
757168896,757169151,Linode
757169152,757169407,Linode
757169408,757169663,Linode
757169664,757169919,Linode
757169920,757170175,Linode
757178368,757178623,Amazon AWS
757178624,757178879,Amazon AWS
757178880,757179135,Amazon AWS
757179136,757179391,Amazon AWS
757179392,757179647,Amazon AWS
757179648,757179903,Amazon AWS
757179904,757180159,Amazon AWS
757180160,757180415,Amazon AWS
757180416,757180671,Amazon AWS
757180672,757180927,Amazon AWS
757180928,757181183,Amazon AWS
757181184,757181439,Amazon AWS
757181440,757181695,Amazon AWS
757181696,757181951,Amazon AWS
757181952,757182207,Amazon AWS
757182208,757182463,Amazon AWS
757182464,757182719,Amazon AWS
757182720,757182975,Amazon AWS
757182976,757183231,Amazon AWS
757183232,757183487,Amazon AWS
757183488,757183743,Amazon AWS
757183744,757183999,Amazon AWS
757202944,757334015,Amazon AWS
758579200,758587391,DigitalOcean
758587392,758595583,DigitalOcean
758595584,758603775,DigitalOcean
758603776,758604799,DigitalOcean
758604800,758605823,DigitalOcean
758605824,758606847,DigitalOcean
758606848,758607871,DigitalOcean
758607872,758608895,DigitalOcean
758608896,758609919,DigitalOcean
758609920,758610943,DigitalOcean
758610944,758611967,DigitalOcean
758611968,758628351,DigitalOcean
758628352,758644735,DigitalOcean
758661120,758661375,Linode
758661376,758661631,Linode
758661632,758661887,Linode
758661888,758662143,Linode
758662144,758662399,Linode
758662400,758662655,Linode
758662656,758662911,Linode
758662912,758663167,Linode
758663168,758663423,Linode
758663424,758663679,Linode
758663680,758663935,Linode
758663936,758664191,Linode
758664192,758664447,Linode
758664448,758664703,Linode
758664704,758664959,Linode
758664960,758665215,Linode
758665216,758665471,Linode
758665472,758665727,Linode
758665728,758665983,Linode
758665984,758666239,Linode
758666240,758666495,Linode
758666496,758666751,Linode
758666752,758667007,Linode
758667008,758667263,Linode
758667264,758667519,Linode
758667520,758667775,Linode
758667776,758668031,Linode
758668032,758668287,Linode
758668288,758668543,Linode
758668544,758668799,Linode
758668800,758669055,Linode
758669056,758669311,Linode
758669312,758669567,Linode
758669568,758669823,Linode
758669824,758670079,Linode
758670080,758670335,Linode
758670336,758670591,Linode
758670592,758670847,Linode
758670848,758671103,Linode
758671104,758671359,Linode
758671360,758671615,Linode
758671616,758671871,Linode
758671872,758672127,Linode
758672128,758672383,Linode
758672384,758672639,Linode
758672640,758672895,Linode
758672896,758673151,Linode
758673152,758673407,Linode
758673408,758673663,Linode
758673664,758673919,Linode
758673920,758674175,Linode
758674176,758674431,Linode
758674432,758674687,Linode
758674688,758674943,Linode
758674944,758675199,Linode
758675200,758675455,Linode
758675456,758675711,Linode
758675712,758675967,Linode
758675968,758676223,Linode
758676224,758676479,Linode
758676480,758676735,Linode
758676736,758676991,Linode
758676992,758677247,Linode
758677248,758677503,Linode
758743040,758759423,Amazon AWS
760152064,760152319,Linode
760152320,760152575,Linode
760152576,760152831,Linode
760152832,760153087,Linode
760153088,760153343,Linode
760153344,760153599,Linode
760153600,760153855,Linode
760153856,760154111,Linode
760154112,760154367,Linode
760154368,760154623,Linode
760154624,760154879,Linode
760154880,760155135,Linode
760155392,760155647,Linode
760155648,760155903,Linode
760155904,760156159,Linode
760156160,760156415,Linode
760156416,760156671,Linode
760156672,760156927,Linode
760156928,760157183,Linode
760157184,760157439,Linode
760157440,760157695,Linode
760157696,760157951,Linode
760157952,760158207,Linode
760158208,760158463,Linode
760158464,760158719,Linode
760158720,760158975,Linode
760158976,760159231,Linode
760159232,760159487,Linode
760159488,760159743,Linode
760159744,760159999,Linode
760160000,760160255,Linode
760160256,760160511,Linode
760160512,760160767,Linode
760160768,760161023,Linode
760161024,760161279,Linode
760161280,760161535,Linode
760161536,760161791,Linode
760161792,760162047,Linode
760162048,760162303,Linode
760162304,760162559,Linode
760162560,760162815,Linode
760162816,760163071,Linode
760163072,760163327,Linode
760163328,760163583,Linode
760163584,760163839,Linode
760163840,760164095,Linode
760164096,760164351,Linode
760164352,760164607,Linode
760164608,760164863,Linode
760164864,760165119,Linode
760165120,760165375,Linode
760165376,760165631,Linode
760165632,760165887,Linode
760165888,760166143,Linode
760166144,760166399,Linode
760166400,760166655,Linode
760166656,760166911,Linode
760166912,760167167,Linode
760167168,760167423,Linode
760167424,760167679,Linode
760167680,760167935,Linode
760167936,760168191,Linode
760168192,760168447,Linode
760168448,760168703,Linode
760168704,760168959,Linode
760168960,760169215,Linode
760169216,760169471,Linode
760169472,760169727,Linode
760169728,760169983,Linode
760169984,760170239,Linode
760170240,760170495,Linode
760170496,760170751,Linode
760170752,760171007,Linode
760171008,760171263,Linode
760171264,760171519,Linode
760171520,760171775,Linode
760171776,760172031,Linode
760172032,760172287,Linode
760172288,760172543,Linode
760172544,760172799,Linode
760172800,760173055,Linode
760173056,760173311,Linode
760173312,760173567,Linode
760173568,760173823,Linode
760173824,760174079,Linode
760174080,760174335,Linode
760174336,760174591,Linode
760174592,760174847,Linode
760174848,760175103,Linode
760175104,760175359,Linode
760175360,760175615,Linode
760175616,760175871,Linode
760175872,760176127,Linode
760176128,760176383,Linode
760176384,760176639,Linode
760176640,760176895,Linode
760176896,760177151,Linode
760177152,760177407,Linode
760177408,760177663,Linode
760177664,760177919,Linode
760177920,760178175,Linode
760178176,760178431,Linode
760178432,760178687,Linode
760178688,760178943,Linode
760178944,760179199,Linode
760179200,760179455,Linode
760179456,760179711,Linode
760179712,760179967,Linode
760179968,760180223,Linode
760180224,760180479,Linode
760180480,760180735,Linode
760180736,760180991,Linode
760180992,760181247,Linode
760181248,760181503,Linode
760181504,760181759,Linode
760181760,760182015,Linode
760182016,760182271,Linode
760182272,760182527,Linode
760182784,760183039,Linode
760183040,760183295,Linode
760183296,760183551,Linode
760183552,760183807,Linode
760183808,760184063,Linode
760184064,760184319,Linode
760184320,760184575,Linode
760184576,760184831,Linode
760184832,760185087,Linode
760185088,760185343,Linode
760185344,760185599,Linode
760185600,760185855,Linode
760185856,760186111,Linode
760186112,760186367,Linode
760186368,760186623,Linode
760186624,760186879,Linode
760186880,760187135,Linode
760187136,760187391,Linode
760187392,760187647,Linode
760187648,760187903,Linode
760187904,760188159,Linode
760188160,760188415,Linode
760188416,760188671,Linode
760188672,760188927,Linode
760188928,760189183,Linode
760189184,760189439,Linode
760189440,760189695,Linode
760189696,760189951,Linode
760189952,760190207,Linode
760190208,760190463,Linode
760190464,760190719,Linode
760190720,760190975,Linode
760190976,760191231,Linode
760191232,760191487,Linode
760191488,760191743,Linode
760191744,760191999,Linode
760192000,760192255,Linode
760192256,760192511,Linode
760192512,760192767,Linode
760192768,760193023,Linode
760193024,760193279,Linode
760193280,760193535,Linode
760193536,760193791,Linode
760193792,760194047,Linode
760194048,760194303,Linode
760194304,760194559,Linode
760194560,760194815,Linode
760194816,760195071,Linode
760195072,760195327,Linode
760195328,760195583,Linode
760195584,760195839,Linode
760195840,760196095,Linode
760196096,760196351,Linode
760196352,760196607,Linode
760196608,760196863,Linode
760196864,760197119,Linode
760197120,760197375,Linode
760197376,760197631,Linode
760197632,760197887,Linode
760197888,760198143,Linode
760198144,760198399,Linode
760198400,760198655,Linode
760198656,760198911,Linode
760198912,760199167,Linode
760199168,760199423,Linode
760199424,760199679,Linode
760199680,760199935,Linode
760199936,760200191,Linode
760200192,760200447,Linode
760200448,760200703,Linode
760200704,760200959,Linode
760200960,760201215,Linode
760201216,760201471,Linode
760201472,760201727,Linode
760201728,760201983,Linode
760201984,760202239,Linode
760202240,760202495,Linode
760202496,760202751,Linode
760202752,760203007,Linode
760203008,760203263,Linode
760203264,760203519,Linode
760203520,760203775,Linode
760203776,760204031,Linode
760204032,760204287,Linode
760204288,760204543,Linode
760204544,760204799,Linode
760204800,760205055,Linode
760205056,760205311,Linode
760205312,760205567,Linode
760205568,760205823,Linode
760205824,760206079,Linode
760206080,760206335,Linode
760206336,760206591,Linode
760206592,760206847,Linode
760206848,760207103,Linode
760207104,760207359,Linode
760207360,760207615,Linode
760207616,760207871,Linode
760207872,760208127,Linode
760208128,760208383,Linode
760208384,760208639,Linode
760208640,760208895,Linode
760208896,760209151,Linode
760209152,760209407,Linode
760209408,760209663,Linode
760209664,760209919,Linode
760209920,760210175,Linode
760210176,760210431,Linode
760210432,760210687,Linode
760210688,760210943,Linode
760210944,760211199,Linode
760211200,760211455,Linode
760211968,760212223,Linode
760212480,760212735,Linode
760212736,760212991,Linode
760212992,760213247,Linode
760213248,760213503,Linode
760213504,760213759,Linode
760213760,760214015,Linode
760214016,760214271,Linode
760214272,760214527,Linode
760214528,760214783,Linode
760214784,760215039,Linode
760215040,760215295,Linode
760215296,760215551,Linode
760215552,760215807,Linode
760215808,760216063,Linode
760216064,760216319,Linode
760216320,760216575,Linode
760216576,760216831,Linode
760216832,760217087,Linode
762413056,762414079,Amazon AWS
762741760,762742015,Linode
762742016,762742271,Linode
762742272,762742527,Linode
762742528,762742783,Linode
775127040,775143423,Amazon AWS
775143424,775147519,Amazon AWS
775147520,775148543,Amazon AWS
775149568,775151615,Amazon AWS
775151616,775159807,Amazon AWS
778371072,778387455,DigitalOcean
778387456,778388479,DigitalOcean
778388480,778389503,DigitalOcean
778389504,778391551,DigitalOcean
778391552,778395647,DigitalOcean
778395648,778403839,DigitalOcean
778403840,778436607,DigitalOcean
780730368,780763135,Amazon AWS
780763136,780779519,Amazon AWS
780779520,780787711,Amazon AWS
780787712,780795903,Amazon AWS
782761984,782893055,Amazon AWS
796917760,797179903,Amazon AWS
796918784,796919807,Amazon AWS
796919808,796920319,Amazon AWS
796938852,796938853,Amazon AWS
796938854,796938855,Amazon AWS
796989312,796989315,Amazon AWS
796989316,796989319,Amazon AWS
797004096,797004159,Amazon AWS
797004288,797004543,Amazon AWS
797004544,797004799,Amazon AWS
797004800,797005055,Amazon AWS
797006336,797006591,Amazon AWS
797050752,797050879,Amazon AWS
797173248,797173759,Amazon AWS
817889280,817922047,GitHub
817922048,817954815,GitHub
818020352,818053119,GitHub
818053120,818085887,GitHub
818085888,818118655,GitHub
818118656,818151423,GitHub
818348032,818413567,GitHub
818413568,818446335,GitHub
818544640,818577407,GitHub
818577408,818610175,GitHub
818675712,818708479,GitHub
818708480,818741247,GitHub
818741248,818741503,GitHub
818741504,818741759,GitHub
818741760,818742015,GitHub
818742016,818742271,GitHub
818742272,818742527,GitHub
818742528,818742783,GitHub
818742784,818743039,GitHub
818743040,818743295,GitHub
818743296,818743551,GitHub
818743552,818743807,GitHub
818743808,818744063,GitHub
818744064,818744319,GitHub
818744320,818744575,GitHub
818744576,818744831,GitHub
818744832,818745087,GitHub
818745088,818745343,GitHub
818745344,818745599,GitHub
818745600,818745855,GitHub
818745856,818746111,GitHub
818746112,818746367,GitHub
818746368,818746623,GitHub
818746624,818746879,GitHub
818746880,818747135,GitHub
818747136,818747391,GitHub
818747392,818747647,GitHub
818747648,818747903,GitHub
818747904,818748159,GitHub
818748160,818748415,GitHub
818748416,818748671,GitHub
818748672,818748927,GitHub
818748928,818749183,GitHub
818749440,818749695,GitHub
818749696,818749951,GitHub
818749952,818750207,GitHub
818750208,818750463,GitHub
818750464,818750719,GitHub
818750720,818750975,GitHub
818750976,818751231,GitHub
818751232,818751487,GitHub
818751488,818751743,GitHub
818751744,818751999,GitHub
818752000,818752255,GitHub
818752256,818752511,GitHub
818752512,818752767,GitHub
818752768,818753023,GitHub
818753024,818753279,GitHub
818753280,818753535,GitHub
818753536,818753791,GitHub
818753792,818754047,GitHub
818754048,818754303,GitHub
818754304,818754559,GitHub
818754560,818754815,GitHub
818754816,818755071,GitHub
818755072,818755327,GitHub
818755328,818755583,GitHub
818755584,818755839,GitHub
818755840,818756095,GitHub
818756096,818756351,GitHub
818756352,818756607,GitHub
818756608,818756863,GitHub
818756864,818757119,GitHub
818757120,818757375,GitHub
818757632,818757887,GitHub
818757888,818758143,GitHub
818758144,818758399,GitHub
818758400,818758655,GitHub
818758656,818758911,GitHub
818758912,818759167,GitHub
818759168,818759423,GitHub
818759424,818759679,GitHub
818759680,818759935,GitHub
818759936,818760191,GitHub
818760192,818760447,GitHub
818760448,818760703,GitHub
818760704,818760959,GitHub
818760960,818761215,GitHub
818761216,818761471,GitHub
818761472,818761727,GitHub
818761728,818761983,GitHub
818761984,818762239,GitHub
818762240,818762495,GitHub
818762496,818762751,GitHub
818762752,818763007,GitHub
818763008,818763263,GitHub
818763264,818763519,GitHub
818763520,818763775,GitHub
818763776,818764031,GitHub
818764032,818764287,GitHub
818764544,818764799,GitHub
818764800,818765055,GitHub
818765056,818765311,GitHub
818765312,818765567,GitHub
818765568,818765823,GitHub
818765824,818766079,GitHub
818766080,818766335,GitHub
818766336,818766591,GitHub
818766592,818766847,GitHub
818766848,818767103,GitHub
818767104,818767359,GitHub
818767360,818767615,GitHub
818767616,818767871,GitHub
818767872,818768127,GitHub
818768128,818768383,GitHub
818768640,818768895,GitHub
818768896,818769151,GitHub
818769152,818769407,GitHub
818769408,818769663,GitHub
818769664,818769919,GitHub
818769920,818770175,GitHub
818770176,818770431,GitHub
818770432,818770687,GitHub
818770688,818770943,GitHub
818770944,818771199,GitHub
818771200,818771455,GitHub
818771456,818771711,GitHub
818771712,818771967,GitHub
818772224,818772479,GitHub
818772480,818772735,GitHub
818772736,818772991,GitHub
818772992,818773247,GitHub
818773248,818773503,GitHub
818773504,818773759,GitHub
818773760,818774015,GitHub
818774272,818774527,GitHub
818774528,818774783,GitHub
818774784,818775039,GitHub
818775040,818775295,GitHub
818775296,818775551,GitHub
818775552,818775807,GitHub
818775808,818776063,GitHub
818776320,818776575,GitHub
818776576,818776831,GitHub
818776832,818777087,GitHub
818777088,818777343,GitHub
818777344,818777599,GitHub
818777600,818777855,GitHub
818777856,818778111,GitHub
818778368,818778623,GitHub
818778624,818778879,GitHub
818778880,818779135,GitHub
818779136,818779391,GitHub
818779392,818779647,GitHub
818779904,818780159,GitHub
818780160,818780415,GitHub
818780416,818780671,GitHub
818780928,818781183,GitHub
818781184,818781439,GitHub
818781440,818781695,GitHub
818781952,818782207,GitHub
818782464,818782719,GitHub
818782976,818783231,GitHub
818783488,818783743,GitHub
818784000,818784255,GitHub
818784256,818784511,GitHub
818784512,818784767,GitHub
818785024,818785279,GitHub
818785536,818785791,GitHub
818786048,818786303,GitHub
818786560,818786815,GitHub
818792192,818792447,GitHub
818794752,818795007,GitHub
818795776,818796031,GitHub
818796288,818796543,GitHub
818796544,818796799,GitHub
818797056,818797311,GitHub
818797568,818797823,GitHub
818799104,818799359,GitHub
818800128,818800383,GitHub
818800640,818800895,GitHub
818804224,818804479,GitHub
818805248,818805503,GitHub
818805760,818806015,GitHub
818806784,818872319,GitHub
818872320,818937855,GitHub
818938624,818938879,GitHub
818938880,818939903,GitHub
818939904,818940415,GitHub
818940416,818940671,GitHub
818940672,818940927,GitHub
818940928,818941951,GitHub
818941952,818942463,GitHub
818942464,818942719,GitHub
818942720,818942975,GitHub
818942976,818943999,GitHub
818944000,818944511,GitHub
818944512,818944767,GitHub
818945024,818945279,GitHub
818949376,818949631,GitHub
818949888,818950143,GitHub
818950400,818950655,GitHub
818951424,818951679,GitHub
818951680,818951935,GitHub
818951936,818952191,GitHub
818952192,818953215,GitHub
818953216,818953727,GitHub
818953728,818953983,GitHub
818955008,818955263,GitHub
818955264,818956287,GitHub
818956288,818956543,GitHub
818956544,818956799,GitHub
818956800,818957311,GitHub
818957312,818957567,GitHub
818957568,818957823,GitHub
818957824,818958335,GitHub
818958336,818958591,GitHub
818958848,818959103,GitHub
818959104,818959359,GitHub
818959360,818959615,GitHub
818959616,818959871,GitHub
818959872,818960127,GitHub
818960384,818960639,GitHub
818960640,818960895,GitHub
818960896,818961151,GitHub
818961152,818961407,GitHub
818961408,818961663,GitHub
818961664,818961919,GitHub
818961920,818962175,GitHub
818970624,818972671,GitHub
818972672,818973695,GitHub
818973696,818973951,GitHub
818973952,818974207,GitHub
818974208,818974719,GitHub
818974720,818975743,GitHub
818975744,818976255,GitHub
818976256,818976511,GitHub
818976512,818976767,GitHub
818976768,818978815,GitHub
818978816,818979071,GitHub
818981120,818981375,GitHub
818981376,818981887,GitHub
818981888,818982911,GitHub
818982912,818983167,GitHub
818983168,818983423,GitHub
818983424,818983935,GitHub
818983936,818984447,GitHub
818984448,818984703,GitHub
818993152,818993407,GitHub
818994944,818995199,GitHub
819003392,819036159,GitHub
819036160,819052543,GitHub
819052544,819068927,GitHub
819134464,819167231,GitHub
819167232,819199999,GitHub
819200512,819200767,GitHub
819200768,819201023,GitHub
819201024,819201279,GitHub
819201280,819201535,GitHub
819201536,819201791,GitHub
819201792,819202047,GitHub
819204608,819204863,GitHub
819205888,819206143,GitHub
819206144,819206399,GitHub
819206400,819206655,GitHub
819209216,819209471,GitHub
819214848,819215103,GitHub
819215104,819215359,GitHub
819232768,819233023,GitHub
819233024,819233279,GitHub
819233280,819233535,GitHub
819233536,819233791,GitHub
819233792,819234047,GitHub
819234048,819234303,GitHub
819234304,819234559,GitHub
819234560,819234815,GitHub
819237376,819237631,GitHub
819238656,819238911,GitHub
819241728,819241983,GitHub
819247616,819247871,GitHub
819247872,819248127,GitHub
819266048,819266303,GitHub
819266304,819266559,GitHub
819266560,819266815,GitHub
819266816,819267071,GitHub
819267072,819267327,GitHub
819267328,819267583,GitHub
819270144,819270399,GitHub
819271424,819271679,GitHub
819271680,819271935,GitHub
819271936,819272191,GitHub
819274496,819274751,GitHub
819279872,819280127,GitHub
819280640,819280895,GitHub
819298304,819298431,GitHub
819298432,819298495,GitHub
819331072,819363839,GitHub
819363840,819396607,GitHub
819494912,819527679,GitHub
819527680,819593215,GitHub
819720192,819724287,GitHub
819789824,819822591,GitHub
819822592,819855359,GitHub
819855360,819888127,GitHub
819888128,819920895,GitHub
819953664,819986431,GitHub
839909376,840040447,Amazon AWS
840040448,840105983,Amazon AWS
840105984,840171519,Amazon AWS
844431360,844496895,GitHub
846200832,846266367,Amazon AWS
846462976,846463231,Linode
846463232,846463487,Linode
846463488,846463743,Linode
846463744,846463999,Linode
846464000,846464255,Linode
846464256,846464511,Linode
846464512,846464767,Linode
846464768,846465023,Linode
846465024,846465279,Linode
846465280,846465535,Linode
846465536,846465791,Linode
846465792,846466047,Linode
846466048,846466303,Linode
846466304,846466559,Linode
846466560,846466815,Linode
846466816,846467071,Linode
846467072,846467327,Linode
846467328,846467583,Linode
846467584,846467839,Linode
846467840,846468095,Linode
846468096,846468351,Linode
846468352,846468607,Linode
846468608,846468863,Linode
846468864,846469119,Linode
846469120,846469375,Linode
846469376,846469631,Linode
846469632,846469887,Linode
846469888,846470143,Linode
846470144,846470399,Linode
846470400,846470655,Linode
846470656,846470911,Linode
846470912,846471167,Linode
846471168,846471423,Linode
846471424,846471679,Linode
846471680,846471935,Linode
846471936,846472191,Linode
846472192,846472447,Linode
846472448,846472703,Linode
846472704,846472959,Linode
846472960,846473215,Linode
846473216,846473471,Linode
846473472,846473727,Linode
846473728,846473983,Linode
846473984,846474239,Linode
846474240,846474495,Linode
846474496,846474751,Linode
846474752,846475007,Linode
846475008,846475263,Linode
846475264,846475519,Linode
846475520,846475775,Linode
846475776,846476031,Linode
846476032,846476287,Linode
846476288,846476543,Linode
846476544,846476799,Linode
846476800,846477055,Linode
846477056,846477311,Linode
846477312,846477567,Linode
846477568,846477823,Linode
846477824,846478079,Linode
846478080,846478335,Linode
846478336,846478591,Linode
846478592,846478847,Linode
846478848,846479103,Linode
846479104,846479359,Linode
855638016,855642111,Amazon AWS
855642112,855644159,Amazon AWS
855644160,855645183,Amazon AWS
855645184,855645439,Amazon AWS
855645440,855645455,Amazon AWS
855645568,855645583,Amazon AWS
855645952,855646207,Amazon AWS
855658496,855660543,Amazon AWS
855660544,855662591,Amazon AWS
855662592,855664639,Amazon AWS
855664640,855666687,Amazon AWS
855666688,855668735,Amazon AWS
855670784,855672831,Amazon AWS
855672832,855673343,Amazon AWS
855673344,855673855,Amazon AWS
855673856,855674367,Amazon AWS
855674368,855674879,Amazon AWS
855702016,855702017,Amazon AWS
855702018,855702019,Amazon AWS
855702272,855702527,Amazon AWS
855702528,855702783,Amazon AWS
855965696,855966207,GitHub
855966208,855966719,GitHub
855968512,855968767,GitHub
855968768,855969023,GitHub
855970816,855971071,GitHub
855971584,855971839,GitHub
855971840,855972095,GitHub
855972352,855972607,GitHub
855975424,855975935,GitHub
855975936,855976447,GitHub
855977216,855977471,GitHub
855977472,855977727,GitHub
855977728,855977983,GitHub
855977984,855978239,GitHub
855983872,855984127,GitHub
856031184,856031199,GitHub
856031200,856031215,GitHub
856031216,856031231,GitHub
856162304,856195071,GitHub
856195072,856211455,GitHub
856211456,856227839,GitHub
856686592,856817663,Amazon AWS
856711360,856711423,Amazon AWS
856711424,856711487,Amazon AWS
856711488,856711551,Amazon AWS
856712976,856712991,Amazon AWS
856712992,856713023,Amazon AWS
856713088,856713215,Amazon AWS
856713216,856713727,Amazon AWS
856724736,856724991,Amazon AWS
856724992,856725247,Amazon AWS
856733504,856733535,Amazon AWS
856733664,856733671,Amazon AWS
856738816,856739071,Amazon AWS
856739072,856739327,Amazon AWS
856747520,856748031,Amazon AWS
856748032,856749055,Amazon AWS
856751872,856752127,Amazon AWS
856752128,856752383,Amazon AWS
856752384,856752639,Amazon AWS
856770560,856771583,Amazon AWS
856785312,856785327,Amazon AWS
856785328,856785343,Amazon AWS
856948736,857014271,Amazon AWS
857014272,857079807,Amazon AWS
857048448,857048575,Amazon AWS
857061120,857061375,Amazon AWS
857210880,857276415,Amazon AWS
857866240,857931775,Amazon AWS
857931776,857997311,Amazon AWS
858521600,858587135,Amazon AWS
858540032,858541055,Amazon AWS
858581504,858582015,Amazon AWS
858582016,858582527,Amazon AWS
858582528,858583039,Amazon AWS
858587136,858652671,Amazon AWS
858652672,858783743,Amazon AWS
858783744,858914815,Amazon AWS
858787104,858787107,Amazon AWS
858787840,858788863,Amazon AWS
859373568,859406335,GitHub
860356608,860487679,Amazon AWS
860487680,860491775,Amazon AWS
860491776,860492031,Amazon AWS
860492032,860492287,Amazon AWS
860520448,860536831,Amazon AWS
860536832,860553215,Amazon AWS
861143040,861208575,Amazon AWS
861208576,861274111,Amazon AWS
861274112,861405183,Amazon AWS
861667328,861732863,Amazon AWS
861732864,861798399,Amazon AWS
861798400,861929471,Amazon AWS
861929472,861995007,Amazon AWS
862191616,862322687,Amazon AWS
862322688,862388223,Amazon AWS
862470144,862486527,GitHub
862486528,862502911,GitHub
862543872,862552063,GitHub
862552064,862584831,GitHub
862978048,863043583,Amazon AWS
862980928,862980943,Amazon AWS
862980944,862980959,Amazon AWS
862983168,862983679,Amazon AWS
863028224,863029247,Amazon AWS
863371264,863436799,Amazon AWS
863396352,863396863,Amazon AWS
863764480,863830015,GitHub
864550912,864616447,GitHub
864616448,864649215,GitHub
864665600,864681983,GitHub
864681984,864714751,GitHub
864727040,864731135,GitHub
864739328,864743423,GitHub
864919552,864927743,GitHub
865009664,865042431,GitHub
865075200,865140735,GitHub
865173504,865206271,GitHub
866385920,866516991,Amazon AWS
866516992,866648063,Amazon AWS
866648064,866779135,Amazon AWS
866787328,866795519,Oracle Cloud
866799616,866803711,Oracle Cloud
866811904,866815999,Oracle Cloud
866818048,866820095,Oracle Cloud
866910208,867041279,Amazon AWS
868745216,868876287,Amazon AWS
868876288,869007359,Amazon AWS
869007360,869138431,Amazon AWS
869138432,869269503,Amazon AWS
870318080,870449151,Amazon AWS
870364672,870365183,Amazon AWS
870365184,870365439,Amazon AWS
870365696,870366207,Amazon AWS
870366208,870366719,Amazon AWS
870366720,870367231,Amazon AWS
870367232,870367743,Amazon AWS
870367744,870368255,Amazon AWS
870368256,870368767,Amazon AWS
870383104,870383615,Amazon AWS
872415232,872546303,Amazon AWS
872473824,872473824,GitHub
872546304,872677375,Amazon AWS
872677376,872939519,Amazon AWS
872939520,873005055,Amazon AWS
873005056,873070591,Amazon AWS
873070592,873201663,Amazon AWS
873201664,873332735,Amazon AWS
873332736,873398271,Amazon AWS
873398272,873463807,Amazon AWS
873430912,873430975,Amazon AWS
873461712,873461719,Amazon AWS
873463808,873594879,Amazon AWS
873594880,873725951,Amazon AWS
873692160,873692671,Amazon AWS
873725952,873988095,Amazon AWS
873896752,873896752,GitHub
873938176,873938431,Amazon AWS
873938432,873938687,Amazon AWS
873944532,873944532,GitHub
873988096,874250239,Amazon AWS
874250240,874315775,Amazon AWS
874315776,874381311,Amazon AWS
874381312,874512383,Amazon AWS
874512384,874774527,Amazon AWS
874774528,875036671,Amazon AWS
875036672,875298815,Amazon AWS
875252824,875252831,Amazon AWS
875298816,875429887,Amazon AWS
875429888,875446271,Amazon AWS
875446272,875450367,Amazon AWS
875450368,875452415,Amazon AWS
875452416,875453439,Amazon AWS
875453440,875454463,Amazon AWS
875454464,875462655,Amazon AWS
875462656,875470847,Amazon AWS
875471872,875472383,Amazon AWS
875472384,875472895,Amazon AWS
875472896,875473407,Amazon AWS
875473408,875473919,Amazon AWS
875473920,875474943,Amazon AWS
875474944,875475967,Amazon AWS
875475968,875476991,Amazon AWS
875476992,875478015,Amazon AWS
875479040,875483135,Amazon AWS
875483136,875485183,Amazon AWS
875485184,875486207,Amazon AWS
875486208,875487231,Amazon AWS
875487232,875491327,Amazon AWS
875491328,875492351,Amazon AWS
875493632,875493887,Amazon AWS
875493888,875494399,Amazon AWS
875494400,875495423,Amazon AWS
875495424,875560959,Amazon AWS
875514184,875514191,Amazon AWS
875514272,875514303,Amazon AWS
875531008,875531263,Amazon AWS
875560960,875823103,Amazon AWS
875823104,875954175,Amazon AWS
875872128,875872191,Amazon AWS
875954176,876085247,Amazon AWS
876068832,876068863,Amazon AWS
876085248,876150783,Amazon AWS
876117760,876117887,Amazon AWS
876150784,876216319,Amazon AWS
876215808,876216063,Amazon AWS
876216320,876347391,Amazon AWS
876314368,876314623,Amazon AWS
876347392,876412927,Amazon AWS
876412928,876478463,Amazon AWS
876423184,876423199,Amazon AWS
876423200,876423215,Amazon AWS
876423216,876423223,Amazon AWS
876423224,876423231,Amazon AWS
876423232,876423239,Amazon AWS
876423240,876423247,Amazon AWS
876423248,876423255,Amazon AWS
876423272,876423279,Amazon AWS
876462336,876462591,Amazon AWS
876470784,876471295,Amazon AWS
876478464,876609535,Amazon AWS
876609536,876642303,Amazon AWS
876642304,876675071,Amazon AWS
876675072,876740607,Amazon AWS
876740608,876806143,Amazon AWS
876790400,876790463,Amazon AWS
876806144,876871679,Amazon AWS
876871680,877002751,Amazon AWS
877002752,877133823,Amazon AWS
877133824,877264895,Amazon AWS
877264896,877330431,Amazon AWS
877330432,877395967,Amazon AWS
877395968,877428735,Amazon AWS
877428480,877428735,Amazon AWS
877428736,877461503,Amazon AWS
877461504,877527039,Amazon AWS
877527040,877592575,Amazon AWS
877590400,877590463,Amazon AWS
877592576,877658111,Amazon AWS
877658112,877723647,Amazon AWS
877671368,877671375,Amazon AWS
877671376,877671383,Amazon AWS
877671384,877671391,Amazon AWS
877671392,877671399,Amazon AWS
877671408,877671415,Amazon AWS
877671416,877671423,Amazon AWS
877708544,877708671,Amazon AWS
877708672,877708799,Amazon AWS
877708800,877708927,Amazon AWS
877708936,877708943,Amazon AWS
877723648,877789183,Amazon AWS
877752608,877752639,Amazon AWS
877752640,877752671,Amazon AWS
877752672,877752703,Amazon AWS
877755392,877755903,Amazon AWS
877758336,877758463,Amazon AWS
877758720,877758975,Amazon AWS
877762304,877762335,Amazon AWS
877766528,877766559,Amazon AWS
877766592,877766655,Amazon AWS
877778944,877779455,Amazon AWS
877783040,877783103,Amazon AWS
877789184,877821951,Amazon AWS
877789440,877789447,Amazon AWS
877812736,877813247,Amazon AWS
877821696,877821951,Amazon AWS
877821952,877822463,Amazon AWS
877821952,877830143,Amazon AWS
877823488,877823999,Amazon AWS
877830144,877831167,Amazon AWS
877831168,877832191,Amazon AWS
877832192,877832447,Amazon AWS
877832448,877832463,Amazon AWS
877832464,877832479,Amazon AWS
877832704,877832959,Amazon AWS
877832960,877833215,Amazon AWS
877834240,877835263,Amazon AWS
877835264,877836287,Amazon AWS
877836288,877836799,Amazon AWS
877837056,877837311,Amazon AWS
877837312,877838335,Amazon AWS
877838336,877854719,Amazon AWS
877854720,877920255,Amazon AWS
877856000,877856063,Amazon AWS
877861376,877861439,Amazon AWS
877861440,877861503,Amazon AWS
877861568,877861599,Amazon AWS
877861600,877861631,Amazon AWS
877863240,877863247,Amazon AWS
877863248,877863255,Amazon AWS
877863256,877863263,Amazon AWS
877863264,877863271,Amazon AWS
877863272,877863279,Amazon AWS
877863280,877863287,Amazon AWS
877863496,877863503,Amazon AWS
877863504,877863511,Amazon AWS
877863512,877863519,Amazon AWS
877863520,877863551,Amazon AWS
877863552,877863679,Amazon AWS
877863680,877863807,Amazon AWS
877863808,877863935,Amazon AWS
877869568,877869823,Amazon AWS
877920256,878051327,Amazon AWS
878051328,878182399,Amazon AWS
878182400,878313471,Amazon AWS
878313472,878444543,Amazon AWS
878444544,878477311,Amazon AWS
878477312,878510079,Amazon AWS
878510080,878510335,Amazon AWS
878510336,878510591,Amazon AWS
878510592,878510847,Amazon AWS
878510848,878511103,Amazon AWS
878511104,878511359,Amazon AWS
878511360,878511615,Amazon AWS
878511616,878512127,Amazon AWS
878512128,878513151,Amazon AWS
878513152,878513407,Amazon AWS
878513664,878513919,Amazon AWS
878514176,878514431,Amazon AWS
878514432,878514687,Amazon AWS
878514688,878514943,Amazon AWS
878514944,878515199,Amazon AWS
878515200,878515455,Amazon AWS
878515456,878515711,Amazon AWS
878515760,878515775,Amazon AWS
878515776,878515783,Amazon AWS
878515968,878516223,Amazon AWS
878516224,878518271,Amazon AWS
878518448,878518448,Amazon AWS
878518451,878518451,Amazon AWS
878518452,878518452,Amazon AWS
878518455,878518455,Amazon AWS
878518456,878518456,Amazon AWS
878518536,878518536,Amazon AWS
878518537,878518537,Amazon AWS
878518538,878518538,Amazon AWS
878518539,878518539,Amazon AWS
878518752,878518752,Amazon AWS
878518753,878518753,Amazon AWS
878518758,878518758,Amazon AWS
878518759,878518759,Amazon AWS
878518784,878518847,Amazon AWS
878518848,878518911,Amazon AWS
878518912,878519039,Amazon AWS
878519040,878519295,Amazon AWS
878519296,878519551,Amazon AWS
878519552,878519807,Amazon AWS
878519808,878520063,Amazon AWS
878520064,878520319,Amazon AWS
878520320,878520575,Amazon AWS
878520576,878520831,Amazon AWS
878520832,878521087,Amazon AWS
878521088,878521343,Amazon AWS
878521344,878521599,Amazon AWS
878521600,878521727,Amazon AWS
878521728,878521855,Amazon AWS
878522112,878522367,Amazon AWS
878522368,878522623,Amazon AWS
878522624,878522879,Amazon AWS
878522880,878523135,Amazon AWS
878523136,878523391,Amazon AWS
878523552,878523552,Amazon AWS
878523553,878523553,Amazon AWS
878523554,878523554,Amazon AWS
878523555,878523555,Amazon AWS
878523556,878523556,Amazon AWS
878523557,878523557,Amazon AWS
878523558,878523558,Amazon AWS
878523559,878523559,Amazon AWS
878523648,878523648,Amazon AWS
878523649,878523649,Amazon AWS
878523650,878523650,Amazon AWS
878523651,878523651,Amazon AWS
878523652,878523652,Amazon AWS
878523653,878523653,Amazon AWS
878523654,878523654,Amazon AWS
878523655,878523655,Amazon AWS
878524304,878524305,Amazon AWS
878524306,878524307,Amazon AWS
878524308,878524309,Amazon AWS
878524312,878524313,Amazon AWS
878524314,878524315,Amazon AWS
878524316,878524317,Amazon AWS
878524318,878524319,Amazon AWS
878524320,878524321,Amazon AWS
878524322,878524323,Amazon AWS
878524324,878524325,Amazon AWS
878524326,878524327,Amazon AWS
878524416,878524671,Amazon AWS
878524672,878524927,Amazon AWS
878524928,878525183,Amazon AWS
878525184,878525439,Amazon AWS
878525440,878525695,Amazon AWS
878525696,878525951,Amazon AWS
878525952,878526207,Amazon AWS
878526208,878526463,Amazon AWS
878526464,878526719,Amazon AWS
878526720,878526975,Amazon AWS
878526976,878527231,Amazon AWS
878527232,878527487,Amazon AWS
878527488,878527743,Amazon AWS
878527744,878527999,Amazon AWS
878528040,878528047,Amazon AWS
878528128,878528255,Amazon AWS
878528293,878528293,Amazon AWS
878528294,878528294,Amazon AWS
878528295,878528295,Amazon AWS
878528296,878528296,Amazon AWS
878528297,878528297,Amazon AWS
878528298,878528298,Amazon AWS
878528299,878528299,Amazon AWS
878528300,878528300,Amazon AWS
878528301,878528301,Amazon AWS
878528302,878528302,Amazon AWS
878528303,878528303,Amazon AWS
878528512,878529023,Amazon AWS
878529024,878529279,Amazon AWS
878529280,878529535,Amazon AWS
878529536,878529791,Amazon AWS
878529792,878530047,Amazon AWS
878530048,878530303,Amazon AWS
878530304,878530559,Amazon AWS
878530560,878530815,Amazon AWS
878530816,878531071,Amazon AWS
878531072,878531327,Amazon AWS
878531328,878531583,Amazon AWS
878531744,878531744,Amazon AWS
878531745,878531745,Amazon AWS
878531746,878531746,Amazon AWS
878531747,878531747,Amazon AWS
878531748,878531748,Amazon AWS
878531749,878531749,Amazon AWS
878531750,878531750,Amazon AWS
878531751,878531751,Amazon AWS
878531776,878531776,Amazon AWS
878531777,878531777,Amazon AWS
878531778,878531778,Amazon AWS
878531779,878531779,Amazon AWS
878531780,878531780,Amazon AWS
878531781,878531781,Amazon AWS
878531782,878531782,Amazon AWS
878531783,878531783,Amazon AWS
878532256,878532256,Amazon AWS
878532257,878532257,Amazon AWS
878532258,878532258,Amazon AWS
878532259,878532259,Amazon AWS
878532260,878532260,Amazon AWS
878532261,878532261,Amazon AWS
878532262,878532262,Amazon AWS
878532263,878532263,Amazon AWS
878532288,878532288,Amazon AWS
878532289,878532289,Amazon AWS
878532290,878532290,Amazon AWS
878532291,878532291,Amazon AWS
878532292,878532292,Amazon AWS
878532293,878532293,Amazon AWS
878532294,878532294,Amazon AWS
878532295,878532295,Amazon AWS
878532448,878532479,Amazon AWS
878532768,878532768,Amazon AWS
878532769,878532769,Amazon AWS
878532770,878532770,Amazon AWS
878532771,878532771,Amazon AWS
878532772,878532772,Amazon AWS
878532773,878532773,Amazon AWS
878532774,878532774,Amazon AWS
878532775,878532775,Amazon AWS
878532800,878532800,Amazon AWS
878532801,878532801,Amazon AWS
878532802,878532802,Amazon AWS
878532803,878532803,Amazon AWS
878532804,878532804,Amazon AWS
878532805,878532805,Amazon AWS
878532806,878532806,Amazon AWS
878532807,878532807,Amazon AWS
878533280,878533280,Amazon AWS
878533281,878533281,Amazon AWS
878533282,878533282,Amazon AWS
878533283,878533283,Amazon AWS
878533284,878533284,Amazon AWS
878533285,878533285,Amazon AWS
878533286,878533286,Amazon AWS
878533287,878533287,Amazon AWS
878533312,878533312,Amazon AWS
878533313,878533313,Amazon AWS
878533314,878533314,Amazon AWS
878533315,878533315,Amazon AWS
878533316,878533316,Amazon AWS
878533317,878533317,Amazon AWS
878533318,878533318,Amazon AWS
878533319,878533319,Amazon AWS
878533472,878533472,Amazon AWS
878533473,878533473,Amazon AWS
878533474,878533474,Amazon AWS
878533475,878533475,Amazon AWS
878533476,878533476,Amazon AWS
878533477,878533477,Amazon AWS
878533478,878533478,Amazon AWS
878533479,878533479,Amazon AWS
878533480,878533480,Amazon AWS
878533481,878533481,Amazon AWS
878533482,878533482,Amazon AWS
878533483,878533483,Amazon AWS
878533484,878533484,Amazon AWS
878533485,878533485,Amazon AWS
878533486,878533486,Amazon AWS
878533487,878533487,Amazon AWS
878533488,878533488,Amazon AWS
878533489,878533489,Amazon AWS
878533490,878533490,Amazon AWS
878533491,878533491,Amazon AWS
878533632,878533887,Amazon AWS
878533888,878534143,Amazon AWS
878534144,878534399,Amazon AWS
878534400,878534655,Amazon AWS
878534656,878534911,Amazon AWS
878534912,878535167,Amazon AWS
878535168,878535423,Amazon AWS
878535424,878535679,Amazon AWS
878535680,878536191,Amazon AWS
878538496,878538751,Amazon AWS
878538752,878539007,Amazon AWS
878539008,878539263,Amazon AWS
878539520,878539775,Amazon AWS
878539776,878540031,Amazon AWS
878540688,878540691,Amazon AWS
878540976,878540976,Amazon AWS
878540977,878540977,Amazon AWS
878540978,878540978,Amazon AWS
878540979,878540979,Amazon AWS
878541243,878541243,Amazon AWS
878541244,878541244,Amazon AWS
878541245,878541245,Amazon AWS
878541246,878541246,Amazon AWS
878541251,878541251,Amazon AWS
878541252,878541252,Amazon AWS
878541253,878541253,Amazon AWS
878541254,878541254,Amazon AWS
878541443,878541443,Amazon AWS
878541514,878541514,Amazon AWS
878541515,878541515,Amazon AWS
878541530,878541530,Amazon AWS
878541567,878541567,Amazon AWS
878541574,878541574,Amazon AWS
878541579,878541579,Amazon AWS
878541666,878541666,Amazon AWS
878541667,878541667,Amazon AWS
878541704,878541704,Amazon AWS
878541823,878541823,Amazon AWS
878541838,878541838,Amazon AWS
878541839,878541839,Amazon AWS
878541920,878541920,Amazon AWS
878541921,878541921,Amazon AWS
878542034,878542034,Amazon AWS
878542035,878542035,Amazon AWS
878542036,878542036,Amazon AWS
878542037,878542037,Amazon AWS
878542122,878542122,Amazon AWS
878542123,878542123,Amazon AWS
878542412,878542412,Amazon AWS
878542458,878542458,Amazon AWS
878542459,878542459,Amazon AWS
878542466,878542466,Amazon AWS
878542467,878542467,Amazon AWS
878542468,878542468,Amazon AWS
878542469,878542469,Amazon AWS
878542470,878542470,Amazon AWS
878542471,878542471,Amazon AWS
878542472,878542472,Amazon AWS
878542473,878542473,Amazon AWS
878542474,878542474,Amazon AWS
878542475,878542475,Amazon AWS
878542480,878542480,Amazon AWS
878542481,878542481,Amazon AWS
878542482,878542482,Amazon AWS
878542483,878542483,Amazon AWS
878542534,878542534,Amazon AWS
878542535,878542535,Amazon AWS
878542540,878542540,Amazon AWS
878542541,878542541,Amazon AWS
878542542,878542542,Amazon AWS
878542543,878542543,Amazon AWS
878542548,878542548,Amazon AWS
878542549,878542549,Amazon AWS
878542550,878542550,Amazon AWS
878542551,878542551,Amazon AWS
878542570,878542570,Amazon AWS
878542571,878542571,Amazon AWS
878542580,878542580,Amazon AWS
878542581,878542581,Amazon AWS
878542586,878542586,Amazon AWS
878542587,878542587,Amazon AWS
878542609,878542609,Amazon AWS
878542610,878542610,Amazon AWS
878542611,878542611,Amazon AWS
878542616,878542616,Amazon AWS
878542617,878542617,Amazon AWS
878542618,878542618,Amazon AWS
878542619,878542619,Amazon AWS
878542660,878542660,Amazon AWS
878542661,878542661,Amazon AWS
878542662,878542662,Amazon AWS
878542663,878542663,Amazon AWS
878542684,878542684,Amazon AWS
878542685,878542685,Amazon AWS
878542686,878542686,Amazon AWS
878542687,878542687,Amazon AWS
878542688,878542688,Amazon AWS
878542689,878542689,Amazon AWS
878542690,878542690,Amazon AWS
878542691,878542691,Amazon AWS
878542692,878542692,Amazon AWS
878542693,878542693,Amazon AWS
878542694,878542694,Amazon AWS
878542695,878542695,Amazon AWS
878542696,878542696,Amazon AWS
878542697,878542697,Amazon AWS
878542698,878542698,Amazon AWS
878542699,878542699,Amazon AWS
878542700,878542700,Amazon AWS
878542701,878542701,Amazon AWS
878542702,878542702,Amazon AWS
878542703,878542703,Amazon AWS
878542704,878542704,Amazon AWS
878542705,878542705,Amazon AWS
878542706,878542706,Amazon AWS
878542707,878542707,Amazon AWS
878542708,878542708,Amazon AWS
878542709,878542709,Amazon AWS
878542710,878542710,Amazon AWS
878542711,878542711,Amazon AWS
878542712,878542712,Amazon AWS
878542713,878542713,Amazon AWS
878542714,878542714,Amazon AWS
878542715,878542715,Amazon AWS
878542716,878542716,Amazon AWS
878542717,878542717,Amazon AWS
878542718,878542718,Amazon AWS
878542719,878542719,Amazon AWS
878542720,878542720,Amazon AWS
878542721,878542721,Amazon AWS
878542722,878542722,Amazon AWS
878542723,878542723,Amazon AWS
878542724,878542724,Amazon AWS
878542725,878542725,Amazon AWS
878542730,878542730,Amazon AWS
878542731,878542731,Amazon AWS
878542738,878542738,Amazon AWS
878542739,878542739,Amazon AWS
878542740,878542740,Amazon AWS
878542741,878542741,Amazon AWS
878542744,878542744,Amazon AWS
878542745,878542745,Amazon AWS
878542746,878542746,Amazon AWS
878542747,878542747,Amazon AWS
878542748,878542748,Amazon AWS
878542749,878542749,Amazon AWS
878542750,878542750,Amazon AWS
878542751,878542751,Amazon AWS
878542752,878542752,Amazon AWS
878542753,878542753,Amazon AWS
878542754,878542754,Amazon AWS
878542755,878542755,Amazon AWS
878542756,878542756,Amazon AWS
878542757,878542757,Amazon AWS
878542758,878542758,Amazon AWS
878542759,878542759,Amazon AWS
878542760,878542760,Amazon AWS
878542761,878542761,Amazon AWS
878542764,878542764,Amazon AWS
878542765,878542765,Amazon AWS
878542766,878542766,Amazon AWS
878542767,878542767,Amazon AWS
878542768,878542768,Amazon AWS
878542769,878542769,Amazon AWS
878542770,878542770,Amazon AWS
878542771,878542771,Amazon AWS
878542772,878542772,Amazon AWS
878542773,878542773,Amazon AWS
878542774,878542774,Amazon AWS
878542775,878542775,Amazon AWS
878542776,878542776,Amazon AWS
878542777,878542777,Amazon AWS
878542786,878542786,Amazon AWS
878542787,878542787,Amazon AWS
878542788,878542788,Amazon AWS
878542789,878542789,Amazon AWS
878542790,878542790,Amazon AWS
878542791,878542791,Amazon AWS
878542792,878542792,Amazon AWS
878542793,878542793,Amazon AWS
878542794,878542794,Amazon AWS
878542795,878542795,Amazon AWS
878542796,878542796,Amazon AWS
878542797,878542797,Amazon AWS
878542798,878542798,Amazon AWS
878542799,878542799,Amazon AWS
878542808,878542808,Amazon AWS
878542809,878542809,Amazon AWS
878542810,878542810,Amazon AWS
878542811,878542811,Amazon AWS
878542812,878542812,Amazon AWS
878542813,878542813,Amazon AWS
878542824,878542824,Amazon AWS
878542829,878542829,Amazon AWS
878542830,878542830,Amazon AWS
878542831,878542831,Amazon AWS
878542836,878542836,Amazon AWS
878542837,878542837,Amazon AWS
878542838,878542838,Amazon AWS
878542839,878542839,Amazon AWS
878542840,878542840,Amazon AWS
878542841,878542841,Amazon AWS
878542842,878542842,Amazon AWS
878542843,878542843,Amazon AWS
878542844,878542844,Amazon AWS
878542845,878542845,Amazon AWS
878542846,878542846,Amazon AWS
878542847,878542847,Amazon AWS
878543199,878543199,Amazon AWS
878543833,878543833,Amazon AWS
878544255,878544255,Amazon AWS
878544257,878544257,Amazon AWS
878544259,878544259,Amazon AWS
878544261,878544261,Amazon AWS
878544281,878544281,Amazon AWS
878544283,878544283,Amazon AWS
878544303,878544303,Amazon AWS
878544305,878544305,Amazon AWS
878544307,878544307,Amazon AWS
878544309,878544309,Amazon AWS
878544565,878544565,Amazon AWS
878544835,878544835,Amazon AWS
878544896,878545151,Amazon AWS
878545152,878545407,Amazon AWS
878545408,878545663,Amazon AWS
878545664,878545919,Amazon AWS
878545920,878546175,Amazon AWS
878546304,878546431,Amazon AWS
878547456,878547711,Amazon AWS
878547712,878547967,Amazon AWS
878547968,878548031,Amazon AWS
878548032,878548095,Amazon AWS
878548096,878548159,Amazon AWS
878548224,878548479,Amazon AWS
878548480,878548735,Amazon AWS
878548736,878548991,Amazon AWS
878549152,878549152,Amazon AWS
878549153,878549153,Amazon AWS
878549154,878549154,Amazon AWS
878549155,878549155,Amazon AWS
878549156,878549156,Amazon AWS
878549157,878549157,Amazon AWS
878549158,878549158,Amazon AWS
878549159,878549159,Amazon AWS
878549184,878549184,Amazon AWS
878549185,878549185,Amazon AWS
878549186,878549186,Amazon AWS
878549187,878549187,Amazon AWS
878549188,878549188,Amazon AWS
878549189,878549189,Amazon AWS
878549190,878549190,Amazon AWS
878549191,878549191,Amazon AWS
878549312,878549312,Amazon AWS
878549313,878549313,Amazon AWS
878549314,878549314,Amazon AWS
878549315,878549315,Amazon AWS
878549316,878549316,Amazon AWS
878549317,878549317,Amazon AWS
878549318,878549318,Amazon AWS
878549319,878549319,Amazon AWS
878549328,878549328,Amazon AWS
878549344,878549344,Amazon AWS
878549345,878549345,Amazon AWS
878549346,878549346,Amazon AWS
878549347,878549347,Amazon AWS
878549348,878549348,Amazon AWS
878549349,878549349,Amazon AWS
878549350,878549350,Amazon AWS
878549351,878549351,Amazon AWS
878549376,878549376,Amazon AWS
878549377,878549377,Amazon AWS
878549378,878549378,Amazon AWS
878549379,878549379,Amazon AWS
878549380,878549380,Amazon AWS
878549381,878549381,Amazon AWS
878549382,878549382,Amazon AWS
878549383,878549383,Amazon AWS
878549396,878549396,Amazon AWS
878549397,878549397,Amazon AWS
878549416,878549416,Amazon AWS
878549417,878549417,Amazon AWS
878549418,878549418,Amazon AWS
878549419,878549419,Amazon AWS
878549420,878549420,Amazon AWS
878549421,878549421,Amazon AWS
878549422,878549422,Amazon AWS
878549423,878549423,Amazon AWS
878549424,878549424,Amazon AWS
878549425,878549425,Amazon AWS
878549426,878549426,Amazon AWS
878549427,878549427,Amazon AWS
878550016,878551039,Amazon AWS
878555776,878555776,Amazon AWS
878555777,878555777,Amazon AWS
878555778,878555778,Amazon AWS
878555779,878555779,Amazon AWS
878555780,878555780,Amazon AWS
878555781,878555781,Amazon AWS
878555782,878555782,Amazon AWS
878555783,878555783,Amazon AWS
878555784,878555784,Amazon AWS
878555785,878555785,Amazon AWS
878555786,878555786,Amazon AWS
878555787,878555787,Amazon AWS
878555788,878555788,Amazon AWS
878555789,878555789,Amazon AWS
878555790,878555790,Amazon AWS
878555791,878555791,Amazon AWS
878555792,878555792,Amazon AWS
878555793,878555793,Amazon AWS
878555794,878555794,Amazon AWS
878555795,878555795,Amazon AWS
878555796,878555796,Amazon AWS
878555797,878555797,Amazon AWS
878555798,878555798,Amazon AWS
878555799,878555799,Amazon AWS
878555800,878555800,Amazon AWS
878555801,878555801,Amazon AWS
878555802,878555802,Amazon AWS
878555803,878555803,Amazon AWS
878555804,878555804,Amazon AWS
878555805,878555805,Amazon AWS
878555806,878555806,Amazon AWS
878555807,878555807,Amazon AWS
878555808,878555808,Amazon AWS
878555809,878555809,Amazon AWS
878555810,878555810,Amazon AWS
878555811,878555811,Amazon AWS
878555812,878555812,Amazon AWS
878555813,878555813,Amazon AWS
878555814,878555814,Amazon AWS
878555815,878555815,Amazon AWS
878555816,878555816,Amazon AWS
878555817,878555817,Amazon AWS
878555818,878555818,Amazon AWS
878555819,878555819,Amazon AWS
878555820,878555820,Amazon AWS
878555821,878555821,Amazon AWS
878555822,878555822,Amazon AWS
878555823,878555823,Amazon AWS
878555824,878555824,Amazon AWS
878555825,878555825,Amazon AWS
878555826,878555826,Amazon AWS
878555827,878555827,Amazon AWS
878555828,878555828,Amazon AWS
878555829,878555829,Amazon AWS
878555830,878555830,Amazon AWS
878555831,878555831,Amazon AWS
878555832,878555832,Amazon AWS
878555833,878555833,Amazon AWS
878555834,878555834,Amazon AWS
878555835,878555835,Amazon AWS
878555836,878555836,Amazon AWS
878555837,878555837,Amazon AWS
878555838,878555838,Amazon AWS
878555839,878555839,Amazon AWS
878555840,878555840,Amazon AWS
878555841,878555841,Amazon AWS
878555842,878555842,Amazon AWS
878555843,878555843,Amazon AWS
878555844,878555844,Amazon AWS
878555845,878555845,Amazon AWS
878555846,878555846,Amazon AWS
878555847,878555847,Amazon AWS
878555848,878555848,Amazon AWS
878555849,878555849,Amazon AWS
878555850,878555850,Amazon AWS
878555851,878555851,Amazon AWS
878555852,878555852,Amazon AWS
878555853,878555853,Amazon AWS
878555854,878555854,Amazon AWS
878555855,878555855,Amazon AWS
878555856,878555856,Amazon AWS
878555857,878555857,Amazon AWS
878555858,878555858,Amazon AWS
878555859,878555859,Amazon AWS
878555860,878555860,Amazon AWS
878555861,878555861,Amazon AWS
878555862,878555862,Amazon AWS
878555863,878555863,Amazon AWS
878555864,878555864,Amazon AWS
878555865,878555865,Amazon AWS
878555866,878555866,Amazon AWS
878555867,878555867,Amazon AWS
878555868,878555868,Amazon AWS
878555869,878555869,Amazon AWS
878555870,878555870,Amazon AWS
878555871,878555871,Amazon AWS
878555872,878555872,Amazon AWS
878555873,878555873,Amazon AWS
878555874,878555874,Amazon AWS
878555875,878555875,Amazon AWS
878555876,878555876,Amazon AWS
878555877,878555877,Amazon AWS
878555878,878555878,Amazon AWS
878555879,878555879,Amazon AWS
878555880,878555880,Amazon AWS
878555881,878555881,Amazon AWS
878555882,878555882,Amazon AWS
878555883,878555883,Amazon AWS
878556800,878556863,Amazon AWS
878556992,878557007,Amazon AWS
878557008,878557023,Amazon AWS
878559680,878559680,Amazon AWS
878559681,878559681,Amazon AWS
878559682,878559682,Amazon AWS
878559683,878559683,Amazon AWS
878559684,878559684,Amazon AWS
878559685,878559685,Amazon AWS
878559686,878559686,Amazon AWS
878559687,878559687,Amazon AWS
878559688,878559688,Amazon AWS
878559689,878559689,Amazon AWS
878559690,878559690,Amazon AWS
878559691,878559691,Amazon AWS
878560768,878560895,Amazon AWS
878561048,878561048,Amazon AWS
878561049,878561049,Amazon AWS
878561050,878561050,Amazon AWS
878561051,878561051,Amazon AWS
878561052,878561052,Amazon AWS
878561053,878561053,Amazon AWS
878561054,878561054,Amazon AWS
878561055,878561055,Amazon AWS
878561056,878561056,Amazon AWS
878561057,878561057,Amazon AWS
878561058,878561058,Amazon AWS
878561059,878561059,Amazon AWS
878561060,878561060,Amazon AWS
878561061,878561061,Amazon AWS
878561062,878561062,Amazon AWS
878561063,878561063,Amazon AWS
878561064,878561064,Amazon AWS
878561065,878561065,Amazon AWS
878561066,878561066,Amazon AWS
878561067,878561067,Amazon AWS
878561068,878561068,Amazon AWS
878561069,878561069,Amazon AWS
878561070,878561070,Amazon AWS
878561071,878561071,Amazon AWS
878561112,878561112,Amazon AWS
878561113,878561113,Amazon AWS
878561114,878561114,Amazon AWS
878561115,878561115,Amazon AWS
878561116,878561116,Amazon AWS
878561117,878561117,Amazon AWS
878561118,878561118,Amazon AWS
878561119,878561119,Amazon AWS
878561120,878561120,Amazon AWS
878561121,878561121,Amazon AWS
878561122,878561122,Amazon AWS
878561123,878561123,Amazon AWS
878561124,878561124,Amazon AWS
878561125,878561125,Amazon AWS
878561126,878561126,Amazon AWS
878561127,878561127,Amazon AWS
878561128,878561128,Amazon AWS
878561129,878561129,Amazon AWS
878561130,878561130,Amazon AWS
878561131,878561131,Amazon AWS
878561132,878561132,Amazon AWS
878561133,878561133,Amazon AWS
878561134,878561134,Amazon AWS
878561135,878561135,Amazon AWS
878561616,878561631,Amazon AWS
878561632,878561647,Amazon AWS
878568608,878568608,Amazon AWS
878568609,878568609,Amazon AWS
878568610,878568610,Amazon AWS
878568611,878568611,Amazon AWS
878568612,878568612,Amazon AWS
878568613,878568613,Amazon AWS
878568614,878568614,Amazon AWS
878568615,878568615,Amazon AWS
878568640,878568640,Amazon AWS
878568641,878568641,Amazon AWS
878568642,878568642,Amazon AWS
878568643,878568643,Amazon AWS
878568644,878568644,Amazon AWS
878568645,878568645,Amazon AWS
878568646,878568646,Amazon AWS
878568647,878568647,Amazon AWS
878568768,878568768,Amazon AWS
878568769,878568769,Amazon AWS
878568770,878568770,Amazon AWS
878568771,878568771,Amazon AWS
878568772,878568772,Amazon AWS
878568773,878568773,Amazon AWS
878568774,878568774,Amazon AWS
878568775,878568775,Amazon AWS
878568800,878568800,Amazon AWS
878568801,878568801,Amazon AWS
878568802,878568802,Amazon AWS
878568803,878568803,Amazon AWS
878568804,878568804,Amazon AWS
878568805,878568805,Amazon AWS
878568806,878568806,Amazon AWS
878568807,878568807,Amazon AWS
878568832,878568832,Amazon AWS
878568833,878568833,Amazon AWS
878568834,878568834,Amazon AWS
878568835,878568835,Amazon AWS
878568836,878568836,Amazon AWS
878568837,878568837,Amazon AWS
878568838,878568838,Amazon AWS
878568839,878568839,Amazon AWS
878568852,878568852,Amazon AWS
878568853,878568853,Amazon AWS
878570496,878570751,Amazon AWS
878570752,878571007,Amazon AWS
878571008,878571135,Amazon AWS
878571136,878571263,Amazon AWS
878571264,878571519,Amazon AWS
878571520,878572031,Amazon AWS
878572032,878572287,Amazon AWS
878572288,878572543,Amazon AWS
878572544,878572799,Amazon AWS
878572800,878573055,Amazon AWS
878573272,878573273,Amazon AWS
878573274,878573275,Amazon AWS
878573276,878573276,Amazon AWS
878573277,878573277,Amazon AWS
878573278,878573278,Amazon AWS
878573279,878573279,Amazon AWS
878573312,878573439,Amazon AWS
878573568,878573823,Amazon AWS
878573824,878574079,Amazon AWS
878574080,878574591,Amazon AWS
878575104,878575359,Amazon AWS
878575360,878575615,Amazon AWS
878575616,878576639,Amazon AWS
878576640,878576895,Amazon AWS
878576896,878577151,Amazon AWS
878577152,878577407,Amazon AWS
878577408,878577663,Amazon AWS
878577664,878577919,Amazon AWS
878577920,878578175,Amazon AWS
878578176,878578431,Amazon AWS
878578432,878578687,Amazon AWS
878578688,878578943,Amazon AWS
878578944,878579199,Amazon AWS
878579200,878579455,Amazon AWS
878579456,878579711,Amazon AWS
878579712,878579967,Amazon AWS
878579968,878580223,Amazon AWS
878580224,878580479,Amazon AWS
878580480,878580735,Amazon AWS
878580736,878580991,Amazon AWS
878581248,878581503,Amazon AWS
878581504,878581759,Amazon AWS
878581760,878582271,Amazon AWS
878582272,878582783,Amazon AWS
878582784,878583295,Amazon AWS
878583296,878583551,Amazon AWS
878583808,878587903,Amazon AWS
878587904,878591999,Amazon AWS
878592000,878593023,Amazon AWS
878593024,878593279,Amazon AWS
878593280,878593535,Amazon AWS
878594048,878595071,Amazon AWS
878595072,878596095,Amazon AWS
878596096,878600191,Amazon AWS
878600192,878604287,Amazon AWS
878604288,878605311,Amazon AWS
878605312,878606335,Amazon AWS
878606336,878607359,Amazon AWS
878607360,878608383,Amazon AWS
878608384,878609407,Amazon AWS
878609408,878610431,Amazon AWS
878610432,878612479,Amazon AWS
878612480,878612991,Amazon AWS
878612992,878613247,Amazon AWS
878613504,878614527,Amazon AWS
878614531,878614531,Amazon AWS
878614537,878614537,Amazon AWS
878614539,878614539,Amazon AWS
878614540,878614540,Amazon AWS
878614572,878614572,Amazon AWS
878614588,878614588,Amazon AWS
878614589,878614589,Amazon AWS
878614590,878614590,Amazon AWS
878614591,878614591,Amazon AWS
878614592,878614592,Amazon AWS
878614593,878614593,Amazon AWS
878614594,878614594,Amazon AWS
878614595,878614595,Amazon AWS
878614596,878614596,Amazon AWS
878614597,878614597,Amazon AWS
878614704,878614704,Amazon AWS
878614705,878614705,Amazon AWS
878614706,878614706,Amazon AWS
878614707,878614707,Amazon AWS
878614708,878614708,Amazon AWS
878614709,878614709,Amazon AWS
878614710,878614710,Amazon AWS
878614711,878614711,Amazon AWS
878614712,878614712,Amazon AWS
878614713,878614713,Amazon AWS
878614714,878614714,Amazon AWS
878614715,878614715,Amazon AWS
878614716,878614716,Amazon AWS
878614717,878614717,Amazon AWS
878614718,878614718,Amazon AWS
878614719,878614719,Amazon AWS
878614720,878614720,Amazon AWS
878614721,878614721,Amazon AWS
878614722,878614722,Amazon AWS
878614723,878614723,Amazon AWS
878616576,878620671,Amazon AWS
878620672,878624767,Amazon AWS
878624768,878625791,Amazon AWS
878625792,878626047,Amazon AWS
878626048,878626303,Amazon AWS
878626304,878626319,Amazon AWS
878626320,878626335,Amazon AWS
878626336,878626351,Amazon AWS
878626352,878626367,Amazon AWS
878626368,878626383,Amazon AWS
878626384,878626399,Amazon AWS
878626400,878626415,Amazon AWS
878626416,878626431,Amazon AWS
878626432,878626447,Amazon AWS
878626448,878626463,Amazon AWS
878626560,878626815,Amazon AWS
878626816,878627071,Amazon AWS
878627072,878627135,Amazon AWS
878627136,878627199,Amazon AWS
878627840,878628351,Amazon AWS
878628352,878628863,Amazon AWS
878628864,878630911,Amazon AWS
878630912,878632959,Amazon AWS
878632960,878637055,Amazon AWS
878637056,878638079,Amazon AWS
878638080,878639103,Amazon AWS
878639104,878639119,Amazon AWS
878639120,878639135,Amazon AWS
878639136,878639151,Amazon AWS
878639152,878639167,Amazon AWS
878639168,878639183,Amazon AWS
878639184,878639199,Amazon AWS
878639200,878639215,Amazon AWS
878639216,878639231,Amazon AWS
878639232,878639247,Amazon AWS
878639248,878639263,Amazon AWS
878639264,878639279,Amazon AWS
878639280,878639295,Amazon AWS
878639296,878639311,Amazon AWS
878639312,878639327,Amazon AWS
878639328,878639343,Amazon AWS
878639392,878639407,Amazon AWS
878639408,878639423,Amazon AWS
878639424,878639439,Amazon AWS
878639440,878639455,Amazon AWS
878639456,878639471,Amazon AWS
878639472,878639487,Amazon AWS
878639488,878639503,Amazon AWS
878639504,878639519,Amazon AWS
878639520,878639535,Amazon AWS
878639536,878639551,Amazon AWS
878639552,878639567,Amazon AWS
878639568,878639583,Amazon AWS
878639584,878639599,Amazon AWS
878639600,878639615,Amazon AWS
878639616,878639631,Amazon AWS
878639632,878639647,Amazon AWS
878639648,878639663,Amazon AWS
878639664,878639679,Amazon AWS
878639696,878639711,Amazon AWS
878639712,878639727,Amazon AWS
878639728,878639743,Amazon AWS
878639744,878639759,Amazon AWS
878639760,878639775,Amazon AWS
878639776,878639791,Amazon AWS
878639792,878639807,Amazon AWS
878639808,878639823,Amazon AWS
878640128,878640639,Amazon AWS
878640640,878641151,Amazon AWS
878641152,878645247,Amazon AWS
878645248,878647295,Amazon AWS
878647296,878648319,Amazon AWS
878648320,878648575,Amazon AWS
878648576,878648639,Amazon AWS
878648832,878649343,Amazon AWS
878649856,878650111,Amazon AWS
878650112,878650367,Amazon AWS
878650368,878651391,Amazon AWS
878651392,878651647,Amazon AWS
878651648,878651903,Amazon AWS
878651904,878652159,Amazon AWS
878653440,878654463,Amazon AWS
878654464,878655487,Amazon AWS
878655488,878656511,Amazon AWS
878656512,878656767,Amazon AWS
878656768,878657023,Amazon AWS
878657024,878657279,Amazon AWS
878657280,878657535,Amazon AWS
878657536,878661631,Amazon AWS
878661632,878665727,Amazon AWS
878665728,878666751,Amazon AWS
878666752,878667775,Amazon AWS
878667776,878668799,Amazon AWS
878668800,878669311,Amazon AWS
878669312,878669567,Amazon AWS
878669568,878669823,Amazon AWS
878669824,878673919,Amazon AWS
878673920,878675967,Amazon AWS
878675968,878676479,Amazon AWS
878676480,878676735,Amazon AWS
878676736,878676991,Amazon AWS
878676992,878677503,Amazon AWS
878677504,878678015,Amazon AWS
878678016,878678271,Amazon AWS
878678272,878678527,Amazon AWS
878678528,878679039,Amazon AWS
878679040,878679551,Amazon AWS
878679552,878679807,Amazon AWS
878679808,878680063,Amazon AWS
878680064,878680575,Amazon AWS
878680576,878681087,Amazon AWS
878681088,878681343,Amazon AWS
878681344,878681599,Amazon AWS
878681600,878682111,Amazon AWS
878682112,878682623,Amazon AWS
878682624,878682879,Amazon AWS
878682880,878683135,Amazon AWS
878683136,878683647,Amazon AWS
878683648,878684159,Amazon AWS
878684160,878684415,Amazon AWS
878684416,878684671,Amazon AWS
878684672,878685183,Amazon AWS
878685184,878685695,Amazon AWS
878685696,878685951,Amazon AWS
878685952,878686207,Amazon AWS
878686208,878686463,Amazon AWS
878686464,878686719,Amazon AWS
878686720,878687231,Amazon AWS
878687232,878687487,Amazon AWS
878687488,878687743,Amazon AWS
878687744,878688255,Amazon AWS
878688256,878688767,Amazon AWS
878688768,878689023,Amazon AWS
878689024,878689279,Amazon AWS
878689280,878689791,Amazon AWS
878689792,878690047,Amazon AWS
878690048,878690303,Amazon AWS
878690304,878694399,Amazon AWS
878694400,878695423,Amazon AWS
878695424,878696447,Amazon AWS
878696448,878697471,Amazon AWS
878698496,878698751,Amazon AWS
878698752,878699007,Amazon AWS
878699008,878699263,Amazon AWS
878699264,878699519,Amazon AWS
878699520,878699775,Amazon AWS
878699776,878700031,Amazon AWS
878700032,878700287,Amazon AWS
878701312,878701567,Amazon AWS
878702336,878702591,Amazon AWS
878702592,878702847,Amazon AWS
878702848,878703103,Amazon AWS
878703104,878703359,Amazon AWS
878703360,878703615,Amazon AWS
878703616,878703871,Amazon AWS
878703872,878704127,Amazon AWS
878704128,878704383,Amazon AWS
878704384,878704639,Amazon AWS
878704640,878704895,Amazon AWS
878704896,878705151,Amazon AWS
878705152,878705407,Amazon AWS
878705408,878705663,Amazon AWS
878705664,878705919,Amazon AWS
878705920,878706175,Amazon AWS
878706176,878706431,Amazon AWS
878706432,878706447,Amazon AWS
878706448,878706463,Amazon AWS
878706464,878706479,Amazon AWS
878706480,878706495,Amazon AWS
878706496,878706511,Amazon AWS
878706512,878706527,Amazon AWS
878706528,878706543,Amazon AWS
878706544,878706559,Amazon AWS
878706560,878706575,Amazon AWS
878709504,878709759,GitHub
879034368,879035391,GitHub
879035392,879036415,GitHub
879036416,879036671,GitHub
879036672,879036927,GitHub
879036928,879037183,GitHub
879037184,879037439,GitHub
879037440,879038463,GitHub
879038464,879039487,GitHub
879039488,879040511,GitHub
879040512,879041535,GitHub
879041536,879042559,GitHub
879042560,879043583,GitHub
879043584,879044607,GitHub
879044608,879044863,GitHub
879044864,879045119,GitHub
879045120,879045375,GitHub
879045376,879045631,GitHub
879045632,879046143,GitHub
879046144,879046655,GitHub
879046656,879047167,GitHub
879047168,879047423,GitHub
879047424,879047679,GitHub
879047680,879048703,GitHub
879048704,879049727,GitHub
879049728,879049983,GitHub
879049984,879050239,GitHub
879050240,879050751,GitHub
879050752,879051007,GitHub
879051008,879051263,GitHub
879051264,879051775,GitHub
879051776,879052031,GitHub
879052032,879052287,GitHub
879052288,879052799,GitHub
879052800,879053311,GitHub
879055872,879056127,GitHub
879056128,879056383,GitHub
879056384,879056895,GitHub
879082752,879083007,GitHub
879083008,879083263,GitHub
879083264,879083519,GitHub
879083520,879083775,GitHub
879083776,879084031,GitHub
879084032,879084287,GitHub
879085824,879086079,GitHub
879086080,879086335,GitHub
879132672,879132927,GitHub
879133184,879133439,GitHub
879133696,879133951,GitHub
879133952,879134207,GitHub
879134208,879134463,GitHub
879134464,879134719,GitHub
879134720,879134975,GitHub
879134976,879135231,GitHub
879135232,879135487,GitHub
879135488,879135743,GitHub
879135744,879135999,GitHub
879136000,879136255,GitHub
879136768,879137023,GitHub
879137024,879137279,GitHub
879137280,879137535,GitHub
879138048,879138303,GitHub
879140352,879140607,GitHub
879140608,879140863,GitHub
879140864,879141119,GitHub
879141120,879141375,GitHub
879165440,879165695,GitHub
879165696,879165951,GitHub
879165952,879166207,GitHub
879166464,879166719,GitHub
879166976,879167231,GitHub
879167232,879167487,GitHub
879167488,879167743,GitHub
879167744,879167999,GitHub
879168000,879168255,GitHub
879168256,879168511,GitHub
879168512,879168767,GitHub
879168768,879169023,GitHub
879169024,879169279,GitHub
879169280,879169535,GitHub
879170048,879170303,GitHub
879170304,879170559,GitHub
879170560,879170815,GitHub
879171328,879171583,GitHub
879173632,879173887,GitHub
879173888,879174143,GitHub
879198208,879198463,GitHub
879199232,879199487,GitHub
879199488,879199743,GitHub
879199744,879199999,GitHub
879200000,879200255,GitHub
879200256,879200511,GitHub
879200512,879200767,GitHub
879200768,879201023,GitHub
879201024,879201279,GitHub
879201280,879201535,GitHub
879201536,879201791,GitHub
879202304,879202559,GitHub
879202560,879202815,GitHub
879203328,879203583,GitHub
879206400,879206655,GitHub
879206656,879206911,GitHub
879362048,879362303,GitHub
879362560,879362815,GitHub
879362816,879363071,GitHub
879363072,879363327,GitHub
879363328,879363583,GitHub
879363840,879364095,GitHub
879364096,879364351,GitHub
879364352,879364607,GitHub
879364608,879365119,GitHub
879365120,879365375,GitHub
879365376,879365631,GitHub
879365632,879365887,GitHub
879366400,879366655,GitHub
879378432,879378687,GitHub
879378688,879378943,GitHub
879378944,879379199,GitHub
879392832,879392863,GitHub
879392864,879392895,GitHub
879393056,879393087,GitHub
879393088,879393119,GitHub
879393344,879393375,GitHub
879393376,879393407,GitHub
879393408,879393439,GitHub
879397376,879397631,GitHub
879397632,879397887,GitHub
879409248,879409279,GitHub
879409280,879409311,GitHub
879493120,879495167,GitHub
879497216,879499263,GitHub
879499264,879501311,GitHub
879503872,879504383,GitHub
879507456,879509503,GitHub
879511552,879511807,GitHub
879513088,879513343,GitHub
879513344,879513599,GitHub
879513600,879513855,GitHub
879514624,879514879,GitHub
879516928,879517183,GitHub
879519232,879519743,GitHub
879519744,879519999,GitHub
879520000,879520255,GitHub
879520256,879520767,GitHub
879520768,879521279,GitHub
879521280,879521535,GitHub
879528704,879528959,GitHub
879535360,879535615,GitHub
879535616,879536127,GitHub
879537664,879538175,GitHub
879538176,879538431,GitHub
879539456,879539711,GitHub
879539712,879539967,GitHub
879540480,879540735,GitHub
879540736,879540991,GitHub
879542528,879542783,GitHub
879543296,879543551,GitHub
879543552,879543807,GitHub
879544832,879545087,GitHub
879545088,879545343,GitHub
879546368,879548415,GitHub
879548416,879549439,GitHub
879552512,879553023,GitHub
879554560,879556607,GitHub
879556608,879558655,GitHub
879558656,879559679,GitHub
879559680,879560703,GitHub
879560704,879561727,GitHub
879561728,879562751,GitHub
879562752,879563775,GitHub
879563776,879564799,GitHub
879564800,879565823,GitHub
879578112,879579135,GitHub
879581184,879582207,GitHub
879582208,879583231,GitHub
879583232,879584255,GitHub
879593472,879594495,GitHub
879603712,879603967,GitHub
879742464,879742719,GitHub
879743744,879743999,GitHub
879747584,879747839,GitHub
879747840,879748095,GitHub
879748352,879748607,GitHub
879748608,879748863,GitHub
879749888,879750143,GitHub
879750144,879750399,GitHub
879750912,879751167,GitHub
879751936,879752191,GitHub
879752448,879752703,GitHub
879752704,879752959,GitHub
879753984,879754239,GitHub
879755264,879755519,GitHub
879755520,879755775,GitHub
879756032,879756287,GitHub
879756544,879756799,GitHub
879756800,879757055,GitHub
879757568,879757823,GitHub
879758080,879758335,GitHub
879758592,879758847,GitHub
879758848,879759359,GitHub
879760896,879761151,GitHub
879761152,879761407,GitHub
879761408,879763455,GitHub
879763456,879763711,GitHub
879763968,879764223,GitHub
879764736,879764991,GitHub
879764992,879765247,GitHub
879765248,879765503,GitHub
879765760,879766015,GitHub
879766272,879766527,GitHub
879766528,879766783,GitHub
879766784,879767039,GitHub
879767040,879767295,GitHub
879767296,879767551,GitHub
879768320,879768575,GitHub
879768832,879769087,GitHub
879769344,879769599,GitHub
879769600,879769855,GitHub
879769856,879770111,GitHub
879770112,879770367,GitHub
879770368,879770623,GitHub
879770624,879770879,GitHub
879770880,879771135,GitHub
879771136,879771391,GitHub
879771392,879771647,GitHub
879771904,879772159,GitHub
879772160,879772415,GitHub
879772672,879772927,GitHub
879772928,879773183,GitHub
879773184,879773439,GitHub
879773696,879773951,GitHub
879774464,879774719,GitHub
879774720,879775743,GitHub
879776768,879777279,GitHub
879777280,879777791,GitHub
879777792,879778047,GitHub
879778048,879778303,GitHub
879778304,879778559,GitHub
879778560,879778815,GitHub
879778816,879779071,GitHub
879779072,879779327,GitHub
879779328,879779583,GitHub
879779584,879779839,GitHub
879779840,879780095,GitHub
879781120,879781375,GitHub
879781376,879781631,GitHub
879781888,879782143,GitHub
879782144,879782399,GitHub
879782400,879782911,GitHub
879782912,879783167,GitHub
879783168,879783423,GitHub
879783936,879784191,GitHub
879784192,879784447,GitHub
879784448,879784703,GitHub
879784704,879784959,GitHub
879784960,879785215,GitHub
879785216,879785471,GitHub
879785472,879785727,GitHub
879786752,879787007,GitHub
879787008,879787263,GitHub
879787776,879788031,GitHub
879788032,879788287,GitHub
879788544,879788799,GitHub
879788800,879789055,GitHub
879789312,879789567,GitHub
879789824,879790079,GitHub
879790080,879790335,GitHub
879790336,879790591,GitHub
879790592,879790847,GitHub
879792128,879796223,GitHub
879796224,879796479,GitHub
879796480,879796735,GitHub
879796992,879797247,GitHub
879804160,879804415,GitHub
879804416,879804671,GitHub
879804672,879804927,GitHub
879804928,879805183,GitHub
879805440,879805695,GitHub
879805696,879805951,GitHub
879808768,879809023,GitHub
879810560,879812607,GitHub
879813632,879813887,GitHub
879813888,879814143,GitHub
879814656,879814911,GitHub
879814912,879815167,GitHub
879815680,879815935,GitHub
879815936,879816191,GitHub
879816192,879816447,GitHub
879817472,879817727,GitHub
879820288,879820543,GitHub
879820544,879820799,GitHub
879820800,879821055,GitHub
879822080,879822335,GitHub
879822592,879822847,GitHub
879822848,879823103,GitHub
879823104,879823359,GitHub
879823872,879824127,GitHub
879824896,879828991,GitHub
879828992,879829247,GitHub
879829504,879829759,GitHub
879829760,879830015,GitHub
879830272,879830527,GitHub
879830528,879831039,GitHub
879831040,879833087,GitHub
879833088,879837183,GitHub
879837184,879837439,GitHub
879837696,879837951,GitHub
879837952,879838207,GitHub
879838208,879838463,GitHub
879838464,879838719,GitHub
879841280,879841535,GitHub
879841536,879841791,GitHub
879842048,879842303,GitHub
879842304,879842559,GitHub
879842560,879842815,GitHub
879842816,879843071,GitHub
879848448,879848959,GitHub
879849216,879849471,GitHub
879849472,879853567,GitHub
879853824,879854079,GitHub
879854336,879854591,GitHub
879855360,879855615,GitHub
879855616,879857663,GitHub
879857664,879859711,GitHub
879861760,879869951,GitHub
879871488,879871743,GitHub
879871744,879871999,GitHub
879872768,879873023,GitHub
879873280,879873535,GitHub
879873536,879873791,GitHub
879873792,879874047,GitHub
879874048,879878143,GitHub
879886592,879886847,GitHub
879886848,879887103,GitHub
879899904,879900159,GitHub
879902208,879902463,GitHub
879902464,879902719,GitHub
879902976,879903231,GitHub
879903488,879903743,GitHub
879904000,879904255,GitHub
879904512,879904767,GitHub
879904768,879905791,GitHub
879905792,879906815,GitHub
879910912,879911167,GitHub
879911168,879911423,GitHub
879911424,879911679,GitHub
879911680,879911935,GitHub
879911936,879912191,GitHub
879917568,879917823,GitHub
879918080,879918335,GitHub
879918592,879918847,GitHub
879919104,879920127,GitHub
879920128,879921151,GitHub
879921152,879923199,GitHub
879923200,879924223,GitHub
879924224,879925247,GitHub
879925248,879927295,GitHub
879927296,879928319,GitHub
879928320,879929343,GitHub
879929344,879930367,GitHub
879930368,879931391,GitHub
879931648,879931903,GitHub
879932160,879932415,GitHub
879932416,879933439,GitHub
879933440,879933951,GitHub
879933952,879934463,GitHub
879934720,879934975,GitHub
879935232,879935487,GitHub
879939072,879939583,GitHub
879939584,879939839,GitHub
879940096,879940607,GitHub
879940608,879941119,GitHub
879942656,879943679,GitHub
879945472,879945727,GitHub
879945984,879946239,GitHub
879948032,879948287,GitHub
879948288,879948543,GitHub
879949056,879949311,GitHub
879949568,879949823,GitHub
879949824,879950847,GitHub
879950848,879951871,GitHub
879954944,879955455,GitHub
879955712,879955967,GitHub
879956224,879956479,GitHub
879956736,879956991,GitHub
879956992,879957247,GitHub
879957248,879957503,GitHub
879957504,879957759,GitHub
879957760,879958015,GitHub
879958016,879958271,GitHub
879958272,879958527,GitHub
879958528,879958783,GitHub
879958784,879959039,GitHub
879959040,879959295,GitHub
879959296,879959551,GitHub
879959552,879959807,GitHub
879959808,879960063,GitHub
879960320,879960575,GitHub
879960832,879961087,GitHub
879961088,879961343,GitHub
879961344,879961599,GitHub
879961600,879961855,GitHub
879961856,879962111,GitHub
879962112,879962367,GitHub
879962368,879962623,GitHub
879962624,879962879,GitHub
879962880,879963135,GitHub
879963136,879963391,GitHub
879963392,879963647,GitHub
879964416,879964671,GitHub
879964672,879964927,GitHub
879964928,879965183,GitHub
879965184,879965439,GitHub
879965440,879965695,GitHub
879965696,879965951,GitHub
879965952,879966207,GitHub
879966208,879966463,GitHub
879966720,879966975,GitHub
879966976,879967231,GitHub
879967232,879967487,GitHub
879967488,879967743,GitHub
879967744,879968255,GitHub
879968512,879968767,GitHub
879968768,879969023,GitHub
879969024,879969279,GitHub
879969280,879970303,GitHub
879970304,879970559,GitHub
879970560,879970815,GitHub
879970816,879971071,GitHub
879971072,879971327,GitHub
879971328,879972351,GitHub
879972352,879972863,GitHub
879972864,879973119,GitHub
879973120,879973375,GitHub
879973376,879974399,GitHub
879974400,879975423,GitHub
879975424,879975679,GitHub
879975680,879975935,GitHub
879975936,879976191,GitHub
879981312,879981567,GitHub
879981568,879981823,GitHub
879981824,879982079,GitHub
879982336,879982591,GitHub
879982848,879983103,GitHub
879983360,879983615,GitHub
879983872,879984127,GitHub
879984384,879984639,GitHub
879987712,879988735,GitHub
879988736,879992831,GitHub
879992832,880001023,GitHub
880001024,880009215,GitHub
880009216,880009727,GitHub
880009728,880010239,GitHub
880010240,880010751,GitHub
880010752,880011007,GitHub
880011008,880011263,GitHub
880011264,880011519,GitHub
880011520,880011775,GitHub
880011776,880012031,GitHub
880013824,880014335,GitHub
880246784,880250879,Amazon AWS
880250880,880252927,Amazon AWS
880252928,880253951,Amazon AWS
880253952,880254975,Amazon AWS
880254976,880259071,Amazon AWS
880259072,880261119,Amazon AWS
880261120,880262143,Amazon AWS
880262144,880263167,Amazon AWS
880263168,880264191,Amazon AWS
880264192,880265215,Amazon AWS
880266496,880266751,Amazon AWS
880266752,880267263,Amazon AWS
880267264,880267775,Amazon AWS
880267776,880268287,Amazon AWS
880268288,880268799,Amazon AWS
880268800,880269311,Amazon AWS
880269312,880271359,Amazon AWS
880271360,880273407,Amazon AWS
880273408,880275455,Amazon AWS
880275456,880277503,Amazon AWS
880277504,880277759,Amazon AWS
880277760,880278015,Amazon AWS
880278528,880279551,Amazon AWS
880279552,880287743,GitHub
880287744,880295935,GitHub
880295936,880304127,GitHub
880304128,880312319,GitHub
880312320,880314367,GitHub
880314368,880316415,GitHub
880318464,880319487,GitHub
880328704,880332799,GitHub
880332800,880336895,GitHub
880336896,880340991,GitHub
880345088,880347135,GitHub
880349184,880351231,GitHub
880351232,880353279,GitHub
880353280,880354303,GitHub
880354304,880355327,GitHub
880357376,880361471,GitHub
880361472,880365567,GitHub
880387584,880387839,GitHub
880392192,880394239,GitHub
880398336,880400383,GitHub
880402432,880402687,GitHub
880410624,880410879,GitHub
880410880,880411135,GitHub
880411136,880411647,GitHub
880411648,880412159,GitHub
880412160,880412415,GitHub
880412416,880412671,GitHub
880412672,880413695,GitHub
880413696,880414719,GitHub
880414720,880415743,GitHub
880415744,880416767,GitHub
880416768,880417791,GitHub
880424960,880427007,GitHub
880427008,880429055,GitHub
880429056,880431103,GitHub
880431104,880435199,GitHub
880435200,880439295,GitHub
880439296,880441343,GitHub
880448512,880449535,GitHub
880449536,880451583,GitHub
880451584,880452607,GitHub
880452608,880453631,GitHub
880453632,880455679,GitHub
880455680,880456703,GitHub
880456704,880457727,GitHub
880457728,880459775,GitHub
880459776,880460799,GitHub
880476160,880476415,GitHub
880476416,880476671,GitHub
880476672,880476927,GitHub
880476928,880477183,GitHub
880477184,880477439,GitHub
880477440,880477695,GitHub
880477696,880477951,GitHub
880477952,880478207,GitHub
880478720,880478975,GitHub
880478976,880479231,GitHub
880479232,880479487,GitHub
880479488,880479743,GitHub
880480256,880480511,GitHub
880480512,880480767,GitHub
880480768,880481023,GitHub
880481024,880481279,GitHub
880483840,880484095,GitHub
880486656,880486911,GitHub
880490496,880490751,GitHub
880490752,880491007,GitHub
880492288,880492543,GitHub
880492544,880492799,GitHub
880502272,880502783,GitHub
880502784,880503039,GitHub
880503040,880503295,GitHub
880503296,880503807,GitHub
880503808,880504319,GitHub
880504320,880504575,GitHub
880504576,880504831,GitHub
880504832,880505343,GitHub
880505344,880505599,GitHub
880505600,880505855,GitHub
880505856,880506879,GitHub
880506880,880507903,GitHub
880507904,880508159,GitHub
880508160,880508415,GitHub
880508416,880508671,GitHub
880510208,880510463,GitHub
880510464,880510975,GitHub
880510976,880511999,GitHub
880512000,880512255,GitHub
880523008,880523263,GitHub
880523264,880523519,GitHub
880523520,880523775,GitHub
880523776,880524031,GitHub
880524032,880524287,GitHub
880524288,880524543,GitHub
880524544,880524799,GitHub
880524800,880525311,GitHub
880526080,880526335,GitHub
880530688,880530943,GitHub
880531456,880531711,GitHub
880531712,880531967,GitHub
880531968,880532223,GitHub
880532736,880532991,GitHub
880532992,880533247,GitHub
880574464,880607231,Amazon AWS
880640000,880641023,GitHub
880641024,880642047,GitHub
880642048,880642303,GitHub
880642304,880642559,GitHub
880642560,880643071,GitHub
880643072,880643583,GitHub
880902656,880902911,Amazon AWS
880902912,880903167,Amazon AWS
880926720,880927743,Amazon AWS
881328128,881329151,GitHub
881329152,881330175,GitHub
881333760,881334015,GitHub
881334016,881334271,GitHub
881335040,881335295,GitHub
881335552,881335807,GitHub
881335808,881336063,GitHub
881344512,881360895,GitHub
881377280,881393663,GitHub
881393664,881410047,GitHub
881410048,881426431,GitHub
881426432,881459199,GitHub
881459200,881475583,GitHub
881479680,881481727,GitHub
881483776,881491967,GitHub
881491968,881524735,GitHub
881524736,881541119,GitHub
881541120,881557503,GitHub
881672192,881688575,GitHub
881688576,881704959,GitHub
881704960,881713151,GitHub
881717248,881721343,GitHub
881721344,881737727,GitHub
881737728,881754111,GitHub
881770496,881786879,GitHub
881786880,881803263,GitHub
881803264,881819647,GitHub
881836032,881836287,GitHub
881836288,881836543,GitHub
881836544,881836799,GitHub
881836800,881837055,GitHub
881837312,881837567,GitHub
881839872,881840127,GitHub
881840128,881840383,GitHub
881840384,881840639,GitHub
881840896,881841151,GitHub
881841664,881841919,GitHub
881844224,881852415,GitHub
881886496,881886527,Amazon AWS
881901568,881901631,Amazon AWS
881901632,881901695,Amazon AWS
881901696,881901759,Amazon AWS
881901760,881901823,Amazon AWS
881901824,881901887,Amazon AWS
881901888,881901951,Amazon AWS
881901952,881902015,Amazon AWS
881902080,881902143,Amazon AWS
881902144,881902207,Amazon AWS
881902208,881902271,Amazon AWS
881902272,881902335,Amazon AWS
881902336,881902399,Amazon AWS
881902784,881902847,Amazon AWS
881902976,881903039,Amazon AWS
881903040,881903103,Amazon AWS
881903488,881903551,Amazon AWS
881903680,881903743,Amazon AWS
881903744,881903807,Amazon AWS
881903936,881903999,Amazon AWS
881904000,881904063,Amazon AWS
881904896,881904959,Amazon AWS
881905664,881905665,Amazon AWS
881905666,881905667,Amazon AWS
881905728,881905791,Amazon AWS
881905792,881905855,Amazon AWS
881905856,881905919,Amazon AWS
881905920,881905983,Amazon AWS
881905984,881906047,Amazon AWS
881906048,881906111,Amazon AWS
881906112,881906175,Amazon AWS
881906176,881906239,Amazon AWS
881906240,881906303,Amazon AWS
881906304,881906367,Amazon AWS
881906368,881906431,Amazon AWS
881906432,881906495,Amazon AWS
881906496,881906559,Amazon AWS
881906560,881906623,Amazon AWS
881906624,881906625,Amazon AWS
881906626,881906627,Amazon AWS
881906628,881906629,Amazon AWS
881906630,881906631,Amazon AWS
881906632,881906633,Amazon AWS
881906634,881906635,Amazon AWS
881906752,881906815,Amazon AWS
881906880,881906943,Amazon AWS
881907008,881907071,Amazon AWS
881907328,881907391,Amazon AWS
881907456,881907457,Amazon AWS
881907458,881907459,Amazon AWS
881907648,881907649,Amazon AWS
881907650,881907651,Amazon AWS
881907652,881907653,Amazon AWS
881907654,881907655,Amazon AWS
881907656,881907657,Amazon AWS
881907658,881907659,Amazon AWS
881907712,881907713,Amazon AWS
881907714,881907715,Amazon AWS
881907716,881907717,Amazon AWS
881907718,881907719,Amazon AWS
881907720,881907721,Amazon AWS
881907722,881907723,Amazon AWS
881908224,881908287,Amazon AWS
881908288,881908351,Amazon AWS
881909568,881909631,Amazon AWS
881909632,881909695,Amazon AWS
881909824,881909887,Amazon AWS
881909888,881909951,Amazon AWS
881909952,881910015,Amazon AWS
881910016,881910079,Amazon AWS
881910080,881910143,Amazon AWS
881910144,881910207,Amazon AWS
881910592,881910655,Amazon AWS
881910720,881910783,Amazon AWS
881910784,881910785,Amazon AWS
881910786,881910787,Amazon AWS
881910848,881910911,Amazon AWS
881910912,881910975,Amazon AWS
881910976,881911039,Amazon AWS
881911040,881911103,Amazon AWS
881911104,881911167,Amazon AWS
881911296,881911359,Amazon AWS
881911500,881911501,Amazon AWS
881911502,881911503,Amazon AWS
881911504,881911505,Amazon AWS
881911506,881911507,Amazon AWS
881911616,881911679,Amazon AWS
881912128,881912129,Amazon AWS
881912130,881912131,Amazon AWS
881912132,881912133,Amazon AWS
881912134,881912135,Amazon AWS
881912192,881912193,Amazon AWS
881912194,881912195,Amazon AWS
881912196,881912197,Amazon AWS
881912198,881912199,Amazon AWS
881912256,881912319,Amazon AWS
881983488,882016255,GitHub
882016256,882049023,GitHub
882089984,882098175,GitHub
882098176,882114559,GitHub
882114560,882130943,GitHub
882147328,882163711,GitHub
882163712,882180095,GitHub
882180096,882196479,GitHub
882196480,882212863,GitHub
882212864,882245631,GitHub
882245632,882278399,GitHub
882278400,882311167,GitHub
882311168,882327551,GitHub
882343936,882376703,GitHub
882376704,882409471,GitHub
882409472,882442239,GitHub
882442240,882458623,GitHub
882458624,882475007,GitHub
882475008,882491391,GitHub
882491392,882507775,GitHub
882507776,882524159,GitHub
882524160,882540543,GitHub
882540544,882573311,GitHub
882573312,882581503,GitHub
882581504,882589695,GitHub
882589696,882597887,GitHub
882606080,882638847,GitHub
882638848,882647039,GitHub
882655232,882671615,GitHub
882671616,882679807,GitHub
882688000,882704383,GitHub
882704384,882720767,GitHub
882720768,882737151,GitHub
882737152,882769919,GitHub
882769920,882802687,GitHub
882810880,882814975,GitHub
882819072,882827263,GitHub
882827264,882835455,GitHub
882835456,882851839,GitHub
882851840,882868223,GitHub
882868224,882900991,GitHub
882900992,882966527,GitHub
882966528,883032063,GitHub
883032064,883097599,GitHub
883163136,883228671,GitHub
883228672,883236863,GitHub
883236864,883240959,GitHub
883240960,883240975,GitHub
883241216,883241471,GitHub
883243008,883245055,GitHub
883245056,883253247,GitHub
883253248,883255295,GitHub
883255296,883255423,GitHub
883261440,883294207,GitHub
883294208,883359743,GitHub
883359744,883425279,GitHub
883425280,883490815,GitHub
883490816,883556351,GitHub
883556352,883621887,GitHub
883621888,883687423,GitHub
883752960,883818495,GitHub
883818496,883884031,GitHub
883933184,883949567,GitHub
883949568,883982335,GitHub
883982336,883990527,GitHub
883990528,883992575,GitHub
883994624,883998719,GitHub
883998720,884006911,GitHub
884006912,884007167,GitHub
884015104,884080639,GitHub
884080640,884113407,GitHub
884113408,884146175,GitHub
884146176,884178943,GitHub
884178944,884211711,GitHub
884211712,884244479,GitHub
884244480,884252671,GitHub
884258816,884258847,GitHub
884258848,884258863,GitHub
884259072,884259327,GitHub
884375552,884408319,GitHub
884408320,884441087,GitHub
884457472,884473855,GitHub
884506624,884514815,GitHub
884514816,884516863,GitHub
884516864,884516879,GitHub
884516944,884516959,GitHub
884516960,884516991,GitHub
884516992,884517007,GitHub
884517120,884517375,GitHub
884517376,884517631,GitHub
884518912,884523007,GitHub
884523008,884539391,GitHub
884539392,884547583,GitHub
884547584,884551679,GitHub
884551680,884553727,GitHub
884553728,884553791,GitHub
884553792,884553823,GitHub
884553824,884553839,GitHub
884553856,884553887,GitHub
884553888,884553903,GitHub
884555776,884563967,GitHub
884563968,884568063,GitHub
884568064,884568127,GitHub
884568160,884568191,GitHub
884570112,884572159,GitHub
884588544,884604927,GitHub
884604928,884670463,GitHub
884736000,884801535,GitHub
884801536,884834303,GitHub
884834304,884850687,GitHub
884867072,884899839,GitHub
884899840,884932607,GitHub
884932608,884965375,GitHub
884965376,884981759,GitHub
884981760,884998143,GitHub
884998144,885129215,Amazon AWS
885129216,885260287,Amazon AWS
885245440,885245951,Amazon AWS
885245952,885246975,Amazon AWS
885260288,885522431,Amazon AWS
885489600,885489663,Amazon AWS
885522432,886046719,Amazon AWS
886046720,886571007,Amazon AWS
886372352,886372415,Amazon AWS
886561344,886561359,Amazon AWS
886561392,886561407,Amazon AWS
886571008,886702079,Amazon AWS
886702080,886734847,Amazon AWS
886734848,886767615,Amazon AWS
886767616,886771711,Amazon AWS
886771712,886772735,Amazon AWS
886772736,886772991,Amazon AWS
886772992,886773247,Amazon AWS
886773504,886773759,Amazon AWS
886773760,886775807,Amazon AWS
886775808,886777855,Amazon AWS
886777856,886778879,Amazon AWS
886778880,886779903,Amazon AWS
886781952,886782975,Amazon AWS
886782976,886783487,Amazon AWS
886783488,886783999,Amazon AWS
886784000,886785023,Amazon AWS
886785024,886786047,Amazon AWS
886786048,886787071,Amazon AWS
886788096,886792191,Amazon AWS
886792192,886796287,Amazon AWS
886796288,886798335,Amazon AWS
886798336,886799359,Amazon AWS
886799360,886800383,Amazon AWS
886800384,886801407,Amazon AWS
886801408,886802431,Amazon AWS
886802432,886803455,Amazon AWS
886803456,886803711,Amazon AWS
886803712,886803967,Amazon AWS
886803968,886804223,Amazon AWS
886804224,886804479,Amazon AWS
886804480,886805503,Amazon AWS
886805504,886806015,Amazon AWS
886806016,886806527,Amazon AWS
886806528,886807551,Amazon AWS
886807552,886808575,Amazon AWS
886808576,886809087,Amazon AWS
886809088,886809599,Amazon AWS
886809600,886810623,Amazon AWS
886810624,886810879,Amazon AWS
886810880,886811135,Amazon AWS
886811136,886811647,Amazon AWS
886811648,886812671,Amazon AWS
886812672,886813695,Amazon AWS
886813696,886814719,Amazon AWS
886814720,886816767,Amazon AWS
886816768,886817279,Amazon AWS
886817280,886817535,Amazon AWS
886817536,886817791,Amazon AWS
886817792,886818815,Amazon AWS
886818816,886819071,Amazon AWS
886819072,886819327,Amazon AWS
886819328,886819839,Amazon AWS
886819840,886820863,Amazon AWS
886820864,886821375,Amazon AWS
886821376,886821631,Amazon AWS
886821632,886821887,Amazon AWS
886821888,886822911,Amazon AWS
886822912,886823423,Amazon AWS
886823424,886823679,Amazon AWS
886823680,886823935,Amazon AWS
886823936,886824447,Amazon AWS
886824960,886825983,Amazon AWS
886825984,886827007,Amazon AWS
886827008,886828031,Amazon AWS
886832640,886832895,Amazon AWS
886832896,886833151,Amazon AWS
886833152,886964223,Amazon AWS
886882048,886882111,Amazon AWS
886955392,886955399,Amazon AWS
886964224,886996991,Amazon AWS
886996992,887029759,Amazon AWS
887029760,887062527,Amazon AWS
887078912,887095295,Amazon AWS
887095296,887160831,GitHub
887160832,887193599,GitHub
887193600,887195647,GitHub
887195648,887195679,GitHub
887195680,887195695,GitHub
887195712,887195727,GitHub
887195904,887196159,GitHub
887209984,887226367,GitHub
887226368,887291903,GitHub
887357440,887390207,GitHub
887390208,887422975,GitHub
887422976,887439359,GitHub
887439360,887455743,GitHub
887521280,887554047,GitHub
887619584,887652351,GitHub
887652352,887654399,GitHub
887656960,887657215,GitHub
887657216,887657471,GitHub
887657472,887657727,GitHub
887657728,887657983,GitHub
887658240,887658495,GitHub
887658496,887658751,GitHub
887659520,887659775,GitHub
887659776,887660031,GitHub
887660288,887660543,GitHub
887660544,887668735,GitHub
887668736,887685119,GitHub
887685120,887701503,GitHub
887701504,887717887,GitHub
887717888,887750655,GitHub
887750656,887783423,GitHub
887783424,887816191,GitHub
887816192,887832575,GitHub
887832576,887848959,GitHub
887881728,887914495,GitHub
887914496,887947263,GitHub
887947264,887963647,GitHub
887980032,887996415,GitHub
888012800,888029183,GitHub
888061952,888078335,GitHub
888078336,888111103,GitHub
888113152,888114175,GitHub
888114176,888115199,GitHub
888116256,888116287,GitHub
888116288,888116351,GitHub
888116352,888116479,GitHub
888116480,888116735,GitHub
888116736,888117247,GitHub
888117248,888118271,GitHub
888118272,888118527,GitHub
888118528,888118655,GitHub
888118656,888118719,GitHub
888118720,888118751,GitHub
888118784,888119295,GitHub
888119296,888120319,GitHub
888120320,888120447,GitHub
888120448,888120511,GitHub
888120640,888120703,GitHub
888120704,888120735,GitHub
888121088,888121343,GitHub
888121344,888122367,GitHub
888122368,888123391,GitHub
888123520,888123647,GitHub
888123680,888123711,GitHub
888123712,888123775,GitHub
888123776,888123903,GitHub
888123904,888124415,GitHub
888124416,888125439,GitHub
888125440,888125567,GitHub
888125568,888125599,GitHub
888125600,888125615,GitHub
888125632,888125663,GitHub
888125728,888125759,GitHub
888125760,888125791,GitHub
888125952,888126207,GitHub
888126720,888126975,GitHub
888126976,888127103,GitHub
888127488,888127551,GitHub
888127552,888127567,GitHub
888127584,888127615,GitHub
888127648,888127679,GitHub
888127680,888127743,GitHub
888127744,888127999,GitHub
888128256,888128511,GitHub
888129024,888129151,GitHub
888129184,888129215,GitHub
888129216,888129279,GitHub
888129280,888129535,GitHub
888129536,888130047,GitHub
888130304,888130559,GitHub
888130816,888131071,GitHub
888131072,888131327,GitHub
888131360,888131375,GitHub
888131392,888131455,GitHub
888131456,888131519,GitHub
888131520,888131583,GitHub
888131584,888132095,GitHub
888132096,888132607,GitHub
888132608,888133119,GitHub
888133120,888133631,GitHub
888134656,888135167,GitHub
888135168,888135679,GitHub
888136704,888137215,GitHub
888138240,888138751,GitHub
888138752,888139263,GitHub
888140288,888140799,GitHub
888140800,888141311,GitHub
888141312,888141823,GitHub
888141824,888142079,GitHub
888142848,888143103,GitHub
888143104,888143359,GitHub
888143360,888143871,GitHub
888143872,888176639,GitHub
888176640,888209407,GitHub
888209408,888274943,GitHub
888274944,888291327,GitHub
888291328,888307711,GitHub
888307712,888340479,GitHub
888473600,888474623,GitHub
888474624,888475647,GitHub
888477696,888478719,GitHub
888478720,888479743,GitHub
888479744,888480767,GitHub
888481792,888482815,GitHub
888482816,888483071,GitHub
888483072,888483199,GitHub
888483200,888483215,GitHub
888483232,888483263,GitHub
888483264,888483327,GitHub
888483328,888483359,GitHub
888483376,888483391,GitHub
888483392,888483407,GitHub
888483440,888483455,GitHub
888483456,888483471,GitHub
888483488,888483519,GitHub
888483520,888483583,GitHub
888483840,888484863,GitHub
888484864,888485887,GitHub
888486912,888487935,GitHub
888488960,888489215,GitHub
888489248,888489279,GitHub
888489280,888489311,GitHub
888489312,888489327,GitHub
888489360,888489375,GitHub
888489376,888489407,GitHub
888489408,888489471,GitHub
888489472,888489983,GitHub
888489984,888491007,GitHub
888494080,888495103,GitHub
888498176,888499199,GitHub
888499200,888500223,GitHub
888503296,888504319,GitHub
888537088,888569855,GitHub
888576000,888578047,GitHub
888586240,888602623,GitHub
888602624,888635391,GitHub
888651776,888668159,GitHub
888668160,888700927,GitHub
888700928,888733695,GitHub
888733696,888750079,GitHub
888766464,888799231,GitHub
888799232,888831999,GitHub
888832000,888848383,GitHub
888848384,888864767,GitHub
888864768,888897535,GitHub
888930304,888963071,GitHub
888963072,888995839,GitHub
888995840,889012223,GitHub
889012224,889016319,GitHub
889028608,889032703,GitHub
889033728,889034239,GitHub
889035264,889035775,GitHub
889036800,889037055,GitHub
889041664,889041919,GitHub
889041920,889042175,GitHub
889042432,889042943,GitHub
889042944,889043199,GitHub
889046016,889046271,GitHub
889061376,889077759,GitHub
889077760,889085951,GitHub
889085952,889090047,GitHub
889090048,889092095,GitHub
889094144,889126911,GitHub
889126912,889135103,GitHub
889143296,889159679,GitHub
889159680,889192447,GitHub
906297344,906362879,Amazon AWS
906362880,906428415,Amazon AWS
906428416,906493951,Amazon AWS
906493952,906559487,Amazon AWS
907280384,907411455,Amazon AWS
907283456,907283967,Amazon AWS
907293184,907293695,Amazon AWS
907608064,907610111,Amazon AWS
907611648,907611903,Amazon AWS
907611904,907612159,Amazon AWS
907613184,907613439,Amazon AWS
907616256,907624447,Amazon AWS
907629056,907629311,Amazon AWS
907716096,907716351,Amazon AWS
908066816,908132351,Amazon AWS
908132352,908197887,Amazon AWS
908984320,909017087,Amazon AWS
909508608,909574143,Amazon AWS
909574144,909639679,Amazon AWS
910163968,910295039,Amazon AWS
910295040,910360575,Amazon AWS
910360576,910426111,Amazon AWS
910426112,910688255,Amazon AWS
910688256,910819327,Amazon AWS
910819328,910950399,Amazon AWS
910950400,911081471,Amazon AWS
911081472,911147007,Amazon AWS
911147008,911212543,Amazon AWS
911212544,911736831,Amazon AWS
911736832,911998975,Amazon AWS
911998976,912031743,Amazon AWS
912031744,912064511,Amazon AWS
912064512,912130047,Amazon AWS
912130048,912195583,Amazon AWS
912195584,912261119,Amazon AWS
912654336,912719871,Amazon AWS
913309696,913326079,Amazon AWS
913506304,913571839,Amazon AWS
913571840,913702911,Amazon AWS
913589760,913590271,Amazon AWS
914882560,914948095,Amazon AWS
914948096,915013631,Amazon AWS
915406848,915668991,Amazon AWS
915668992,915800063,Amazon AWS
915800064,915865599,Amazon AWS
915865600,915898367,Amazon AWS
915898368,915931135,Amazon AWS
915931136,915996671,Amazon AWS
915996672,916029439,Amazon AWS
916029440,916062207,Amazon AWS
916061696,916061951,Amazon AWS
916062208,916127743,Amazon AWS
916127744,916193279,Amazon AWS
916193280,916455423,Amazon AWS
916455424,916979711,Amazon AWS
916979712,917045247,Amazon AWS
917045248,917110783,Amazon AWS
917110784,917241855,Amazon AWS
917241856,917372927,Amazon AWS
917372928,917503999,Amazon AWS
917504000,917635071,Amazon AWS
917635072,917700607,Amazon AWS
917700608,917766143,Amazon AWS
917766144,917897215,Amazon AWS
917813248,917813759,Amazon AWS
917897216,917962751,Amazon AWS
917929984,917934079,Amazon AWS
917934080,917936127,Amazon AWS
917936640,917937151,Amazon AWS
917937152,917938175,Amazon AWS
917938176,917940223,Amazon AWS
917941248,917942271,Amazon AWS
917942272,917944319,Amazon AWS
917944320,917945343,Amazon AWS
917945344,917945855,Amazon AWS
917954560,917956607,Amazon AWS
917958656,917960703,Amazon AWS
917960704,917961727,Amazon AWS
917962752,918028287,Amazon AWS
918028160,918028223,Amazon AWS
918028288,918552575,Amazon AWS
918472224,918472239,Amazon AWS
918552576,918618111,Amazon AWS
918618112,918683647,Amazon AWS
918683648,918814719,Amazon AWS
918814720,918945791,Amazon AWS
918945792,919011327,Amazon AWS
919011328,919076863,Amazon AWS
919076864,919207935,Amazon AWS
919207936,919339007,Amazon AWS
919339008,919470079,Amazon AWS
919470080,919535615,Amazon AWS
919535616,919601151,Amazon AWS
919601152,919732223,Amazon AWS
919732224,919863295,Amazon AWS
919863296,919994367,Amazon AWS
919994368,920059903,Amazon AWS
920059904,920125439,Amazon AWS
920125440,920256511,Amazon AWS
920256512,920322047,Amazon AWS
920322048,920387583,Amazon AWS
920387584,920453119,Amazon AWS
920453120,920518655,Amazon AWS
920518656,920526847,Amazon AWS
920526848,920527871,Amazon AWS
920527872,920528895,Amazon AWS
920530944,920531967,Amazon AWS
920531968,920532991,Amazon AWS
920533248,920533503,Amazon AWS
920533504,920533519,Amazon AWS
920533536,920533551,Amazon AWS
920533552,920533567,Amazon AWS
920535040,920535295,Amazon AWS
920535296,920535551,Amazon AWS
920535552,920536063,Amazon AWS
920536064,920536575,Amazon AWS
920536576,920536831,Amazon AWS
920536832,920537087,Amazon AWS
920538112,920539135,Amazon AWS
920539136,920541183,Amazon AWS
920541184,920541439,Amazon AWS
920541440,920541695,Amazon AWS
920541696,920541951,Amazon AWS
920541952,920542207,Amazon AWS
920542208,920543231,Amazon AWS
920543232,920544255,Amazon AWS
920544256,920545279,Amazon AWS
920547328,920551423,Amazon AWS
920551424,920584191,Amazon AWS
920584192,920649727,Amazon AWS
920649728,920780799,Amazon AWS
920780800,920911871,Amazon AWS
920911872,920977407,Amazon AWS
920915968,920916031,Amazon AWS
920977408,921042943,Amazon AWS
921042944,921075711,Amazon AWS
921075712,921092095,Amazon AWS
921092096,921094143,Amazon AWS
921094144,921096191,Amazon AWS
921096192,921100287,Amazon AWS
921100288,921108479,Amazon AWS
921108480,921174015,Amazon AWS
921174016,921239551,Amazon AWS
921184320,921184383,Amazon AWS
921239552,921255935,Amazon AWS
921255936,921272319,Amazon AWS
921272320,921305087,Amazon AWS
921291776,921292031,Amazon AWS
921304960,921305023,Amazon AWS
921305088,921436159,Amazon AWS
921436160,921567231,Amazon AWS
921567232,921632767,Amazon AWS
921632768,921632783,Amazon AWS
921632784,921632799,Amazon AWS
921632800,921632815,Amazon AWS
921632816,921632831,Amazon AWS
921632832,921632847,Amazon AWS
921632848,921632863,Amazon AWS
921632864,921632879,Amazon AWS
921632880,921632895,Amazon AWS
921632896,921632911,Amazon AWS
921632912,921632927,Amazon AWS
921632928,921632943,Amazon AWS
921632944,921632959,Amazon AWS
921632960,921632975,Amazon AWS
921632976,921632991,Amazon AWS
921632992,921633007,Amazon AWS
921633008,921633023,Amazon AWS
921633024,921633039,Amazon AWS
921633040,921633055,Amazon AWS
921633056,921633071,Amazon AWS
921633072,921633087,Amazon AWS
921633088,921633103,Amazon AWS
921633104,921633119,Amazon AWS
921633120,921633135,Amazon AWS
921633136,921633151,Amazon AWS
921633152,921633167,Amazon AWS
921633168,921633183,Amazon AWS
921633184,921633199,Amazon AWS
921633200,921633215,Amazon AWS
921633216,921633231,Amazon AWS
921633232,921633247,Amazon AWS
921633248,921633263,Amazon AWS
921633264,921633279,Amazon AWS
921633280,921633791,Amazon AWS
921633792,921634815,Amazon AWS
921634816,921636863,Amazon AWS
921636864,921640959,Amazon AWS
921640960,921643007,Amazon AWS
921643136,921643136,Amazon AWS
921643137,921643137,Amazon AWS
921643140,921643140,Amazon AWS
921643141,921643141,Amazon AWS
921643142,921643142,Amazon AWS
921643160,921643167,Amazon AWS
921645056,921646079,Amazon AWS
921646080,921646591,Amazon AWS
921646592,921647103,Amazon AWS
921647104,921649151,Amazon AWS
921649152,921651199,Amazon AWS
921657344,921657599,Amazon AWS
921657856,921658111,Amazon AWS
921658112,921658367,Amazon AWS
921658368,921658879,Amazon AWS
921658880,921659007,Amazon AWS
921659008,921659071,Amazon AWS
921659072,921659135,Amazon AWS
921659136,921659263,Amazon AWS
921659264,921659327,Amazon AWS
921659392,921659903,Amazon AWS
921659904,921660415,Amazon AWS
921660416,921661439,Amazon AWS
921661440,921661695,Amazon AWS
921661696,921661951,Amazon AWS
921661952,921662079,Amazon AWS
921662080,921662143,Amazon AWS
921662208,921662335,Amazon AWS
921662464,921663487,Amazon AWS
921663488,921665535,Amazon AWS
921665536,921681919,Amazon AWS
921667072,921667583,Amazon AWS
921676288,921676799,Amazon AWS
921681920,921690111,Amazon AWS
921684992,921686015,Amazon AWS
921686016,921688063,Amazon AWS
921731072,921747455,Amazon AWS
921747456,921748479,Amazon AWS
921748480,921748735,Amazon AWS
921748736,921748991,Amazon AWS
921748992,921749247,Amazon AWS
921749248,921749503,Amazon AWS
921749504,921749759,Amazon AWS
921750016,921750271,Amazon AWS
921750272,921750527,Amazon AWS
921750528,921751551,Amazon AWS
921751552,921752575,Amazon AWS
921752576,921753599,Amazon AWS
921753600,921754623,Amazon AWS
921754624,921755647,Amazon AWS
921755904,921756159,Amazon AWS
921756160,921756415,Amazon AWS
921756416,921756671,Amazon AWS
921756672,921757183,Amazon AWS
921757184,921757695,Amazon AWS
921757696,921758719,Amazon AWS
921758721,921758721,Amazon AWS
921758722,921758722,Amazon AWS
921758725,921758725,Amazon AWS
921758726,921758726,Amazon AWS
921758729,921758729,Amazon AWS
921758730,921758730,Amazon AWS
921758733,921758733,Amazon AWS
921758734,921758734,Amazon AWS
921758737,921758737,Amazon AWS
921758738,921758738,Amazon AWS
921758741,921758741,Amazon AWS
921758742,921758742,Amazon AWS
921758745,921758745,Amazon AWS
921758746,921758746,Amazon AWS
921758749,921758749,Amazon AWS
921758750,921758750,Amazon AWS
921758753,921758753,Amazon AWS
921758754,921758754,Amazon AWS
921758757,921758757,Amazon AWS
921758758,921758758,Amazon AWS
921758761,921758761,Amazon AWS
921758762,921758762,Amazon AWS
921758765,921758765,Amazon AWS
921758766,921758766,Amazon AWS
921758769,921758769,Amazon AWS
921758770,921758770,Amazon AWS
921758773,921758773,Amazon AWS
921758774,921758774,Amazon AWS
921758777,921758777,Amazon AWS
921758778,921758778,Amazon AWS
921758781,921758781,Amazon AWS
921758782,921758782,Amazon AWS
921758785,921758785,Amazon AWS
921758786,921758786,Amazon AWS
921758789,921758789,Amazon AWS
921758790,921758790,Amazon AWS
921758793,921758793,Amazon AWS
921758794,921758794,Amazon AWS
921758797,921758797,Amazon AWS
921758798,921758798,Amazon AWS
921758801,921758801,Amazon AWS
921758802,921758802,Amazon AWS
921758805,921758805,Amazon AWS
921758806,921758806,Amazon AWS
921758809,921758809,Amazon AWS
921758810,921758810,Amazon AWS
921758813,921758813,Amazon AWS
921758814,921758814,Amazon AWS
921760000,921760255,Amazon AWS
921760256,921760511,Amazon AWS
921760512,921760767,Amazon AWS
921760768,921761791,Amazon AWS
921761792,921763839,Amazon AWS
921763840,921829375,Amazon AWS
921772096,921772159,Amazon AWS
921829376,921960447,Amazon AWS
921903040,921903103,Amazon AWS
921960448,922025983,Amazon AWS
921972224,921972735,Amazon AWS
921973952,921974015,Amazon AWS
922025984,922091519,Amazon AWS
922068992,922069055,Amazon AWS
922091520,922157055,Amazon AWS
922157056,922222591,Amazon AWS
922218848,922218855,Amazon AWS
922219398,922219399,Amazon AWS
922219400,922219403,Amazon AWS
922221056,922221183,Amazon AWS
922222592,922353663,Amazon AWS
922278912,922278975,Amazon AWS
922353664,922419199,Amazon AWS
922417920,922418175,Amazon AWS
922418624,922418687,Amazon AWS
922419200,922484735,Amazon AWS
922427264,922427327,Amazon AWS
922484736,922550271,Amazon AWS
922505088,922505151,Amazon AWS
922549952,922550015,Amazon AWS
922550272,922615807,Amazon AWS
922615808,922681343,Amazon AWS
922681344,922746879,Amazon AWS
922746560,922746623,Amazon AWS
939589632,939655167,Amazon AWS
939851776,939917311,Amazon AWS
939917312,939982847,Amazon AWS
940048384,940113919,Amazon AWS
940179456,940244991,Amazon AWS
940244992,940310527,Amazon AWS
942604288,942669823,Amazon AWS
942669824,942735359,Amazon AWS
942735360,942800895,Amazon AWS
942800896,942866431,Amazon AWS
942866432,942931967,Amazon AWS
942931968,942997503,Amazon AWS
942997504,943063039,Amazon AWS
943063040,943128575,Amazon AWS
943128576,943194111,Amazon AWS
943194112,943259647,Amazon AWS
943521792,943587327,Amazon AWS
943587328,943652863,Amazon AWS
943980544,944013311,Amazon AWS
943989024,943989039,Amazon AWS
943989048,943989055,Amazon AWS
943989056,943989063,Amazon AWS
943989760,943990271,Amazon AWS
944046080,944111615,Amazon AWS
944074752,944075263,Amazon AWS
944111616,944177151,Amazon AWS
944177152,944242687,Amazon AWS
945815552,945881087,Amazon AWS
945881088,945946623,Amazon AWS
945946624,946012159,Amazon AWS
946012160,946077695,Amazon AWS
946864128,946929663,Amazon AWS
946882048,946882559,Amazon AWS
946929664,946995199,Amazon AWS
946995200,947060735,Amazon AWS
947060736,947126271,Amazon AWS
947650560,947683327,Amazon AWS
947683328,947716095,Amazon AWS
947716096,947781631,Amazon AWS
947727872,947728127,Amazon AWS
947728128,947728128,Amazon AWS
947728384,947728639,Amazon AWS
947781632,947847167,Amazon AWS
947847168,947912703,Amazon AWS
947912704,947978239,Amazon AWS
947978240,948043775,Amazon AWS
948043776,948109311,Amazon AWS
948109312,948174847,Amazon AWS
948436992,948502527,Amazon AWS
948437184,948437247,Amazon AWS
948467968,948468095,Amazon AWS
948494336,948494847,Amazon AWS
948502528,948568063,Amazon AWS
948512256,948512767,Amazon AWS
948559872,948560383,Amazon AWS
948568064,948633599,Amazon AWS
948633600,948699135,Amazon AWS
949682176,949714943,Amazon AWS
949687040,949687295,Amazon AWS
949714944,949747711,Amazon AWS
949747712,949878783,Amazon AWS
949944320,950009855,Amazon AWS
950140928,950206463,Amazon AWS
950272000,950337535,Amazon AWS
951582720,951648255,Amazon AWS
951648256,951713791,Amazon AWS
951713792,951779327,Amazon AWS
951779328,951844863,Amazon AWS
954466304,954531839,Amazon AWS
954531840,954597375,Amazon AWS
954597376,954662911,Amazon AWS
954662912,954728447,Amazon AWS
955252736,955318271,Amazon AWS
955318272,955383807,Amazon AWS
955383808,955449343,Amazon AWS
955449344,955514879,Amazon AWS
955514880,955580415,Amazon AWS
955580416,955645951,Amazon AWS
955645952,955711487,Amazon AWS
955711488,955777023,Amazon AWS
966131712,966132223,GitHub
966132224,966132735,GitHub
966132736,966133247,GitHub
966133760,966133823,GitHub
966133824,966133855,GitHub
966133856,966133871,GitHub
966133872,966133887,GitHub
966133888,966134015,GitHub
966134016,966134271,GitHub
966134272,966134335,GitHub
966134336,966134351,GitHub
966134352,966134367,GitHub
966134368,966134399,GitHub
966134400,966134527,GitHub
966134528,966134591,GitHub
966134592,966134623,GitHub
966134624,966134639,GitHub
966134640,966134655,GitHub
966134656,966134783,GitHub
966134784,966134911,GitHub
966134912,966134927,GitHub
966135168,966135199,GitHub
966135200,966135215,GitHub
966135216,966135231,GitHub
966135232,966135295,GitHub
966135296,966135807,GitHub
966135808,966135935,GitHub
966135936,966136063,GitHub
966136320,966136383,GitHub
966136384,966136399,GitHub
966136400,966136415,GitHub
966136416,966136447,GitHub
966136448,966136511,GitHub
966136512,966136543,GitHub
966136544,966136559,GitHub
966136560,966136575,GitHub
966136576,966136639,GitHub
966136640,966136655,GitHub
966136656,966136671,GitHub
966136672,966136703,GitHub
966136704,966136735,GitHub
966136736,966136751,GitHub
966136832,966136847,GitHub
966136848,966136863,GitHub
966136864,966136895,GitHub
966136896,966136959,GitHub
966136960,966137087,GitHub
966138368,966138879,GitHub
966138880,966139391,GitHub
966139392,966139903,GitHub
966139904,966140415,GitHub
966141440,966141951,GitHub
966142464,966142975,GitHub
966144000,966144511,GitHub
966145024,966145535,GitHub
966145536,966146047,GitHub
966146048,966146559,GitHub
966147072,966147583,GitHub
966147584,966148095,GitHub
966148608,966149119,GitHub
966149120,966149631,GitHub
966149632,966150143,GitHub
966150144,966150655,GitHub
966150656,966151167,GitHub
966151680,966152191,GitHub
966152192,966152703,GitHub
966152704,966153215,GitHub
966153216,966153727,GitHub
966153728,966154239,GitHub
966154752,966155263,GitHub
966156288,966156799,GitHub
966156800,966157311,GitHub
966157824,966158335,GitHub
966158336,966158847,GitHub
966158848,966159359,GitHub
966159360,966159871,GitHub
966159872,966160383,GitHub
966161920,966162431,GitHub
966163456,966163967,GitHub
966164480,966164991,GitHub
966165504,966166015,GitHub
966166016,966166527,GitHub
966167552,966168575,GitHub
966168576,966169087,GitHub
966169088,966169599,GitHub
966169600,966170111,GitHub
966170112,966170623,GitHub
966170624,966171135,GitHub
966171136,966171647,GitHub
966171648,966172159,GitHub
966172160,966172671,GitHub
966172672,966173183,GitHub
966173184,966173695,GitHub
966173696,966174207,GitHub
966174208,966174719,GitHub
966174720,966175231,GitHub
966177280,966177791,GitHub
966178304,966178815,GitHub
966179840,966180351,GitHub
966180352,966180863,GitHub
966180864,966181375,GitHub
966183936,966184447,GitHub
966188032,966188543,GitHub
966188544,966189055,GitHub
966189056,966189567,GitHub
966190080,966190591,GitHub
966191104,966191615,GitHub
966191616,966192127,GitHub
966194176,966194687,GitHub
966195712,966196223,GitHub
966196224,966196735,GitHub
966197248,966230015,GitHub
966230016,966238207,GitHub
966262784,966295551,GitHub
966328320,966393855,GitHub
966393856,966426623,GitHub
966426624,966443007,GitHub
966443008,966459391,GitHub
966590464,966590479,GitHub
966590480,966590487,GitHub
966590488,966590491,GitHub
966590492,966590493,GitHub
966590498,966590499,GitHub
966590500,966590503,GitHub
966590504,966590511,GitHub
966590512,966590527,GitHub
966590528,966590591,GitHub
966590592,966590595,GitHub
966590600,966590601,GitHub
966590604,966590607,GitHub
966590608,966590623,GitHub
966590624,966590631,GitHub
966590632,966590635,GitHub
966590638,966590639,GitHub
966590640,966590655,GitHub
966590656,966590687,GitHub
966590744,966590747,GitHub
966590796,966590799,GitHub
966590800,966590815,GitHub
966590816,966590823,GitHub
966590826,966590827,GitHub
966590828,966590831,GitHub
966590834,966590835,GitHub
966590836,966590839,GitHub
966590840,966590847,GitHub
966590848,966590849,GitHub
966590858,966590859,GitHub
966590860,966590863,GitHub
966590864,966590871,GitHub
966590872,966590875,GitHub
966590884,966590887,GitHub
966590888,966590895,GitHub
966590896,966590911,GitHub
966590912,966590975,GitHub
966590976,966590979,GitHub
966590980,966590981,GitHub
966590988,966590991,GitHub
966590992,966591007,GitHub
966591008,966591039,GitHub
966591040,966591047,GitHub
966591048,966591049,GitHub
966591054,966591055,GitHub
966591056,966591071,GitHub
966591072,966591087,GitHub
966591088,966591095,GitHub
966591096,966591097,GitHub
966591102,966591103,GitHub
966591104,966591231,GitHub
966591232,966591359,GitHub
966591360,966591391,GitHub
966591392,966591407,GitHub
966591408,966591415,GitHub
966591416,966591419,GitHub
966591420,966591421,GitHub
966591434,966591435,GitHub
966591436,966591439,GitHub
966591440,966591455,GitHub
966591456,966591487,GitHub
966591488,966591615,GitHub
966591616,966591647,GitHub
966591648,966591655,GitHub
966591660,966591663,GitHub
966591664,966591671,GitHub
966591678,966591679,GitHub
966591680,966591683,GitHub
966591690,966591691,GitHub
966591692,966591695,GitHub
966591696,966591711,GitHub
966591712,966591743,GitHub
966591744,966591807,GitHub
966591808,966591839,GitHub
966591856,966591863,GitHub
966591870,966591871,GitHub
966591872,966591935,GitHub
966591936,966591943,GitHub
966591946,966591947,GitHub
966591948,966591951,GitHub
966591952,966591967,GitHub
966591968,966591999,GitHub
966592000,966592015,GitHub
966592016,966592023,GitHub
966592060,966592063,GitHub
966592064,966592127,GitHub
966592128,966592255,GitHub
966592256,966592287,GitHub
966592306,966592307,GitHub
966592308,966592311,GitHub
966592312,966592319,GitHub
966592320,966592383,GitHub
966592384,966592511,GitHub
966592512,966592767,GitHub
966592768,966592783,GitHub
966592784,966592791,GitHub
966592792,966592795,GitHub
966592796,966592797,GitHub
966592800,966592831,GitHub
966592832,966592895,GitHub
966592896,966593023,GitHub
966593024,966593031,GitHub
966593032,966593035,GitHub
966593072,966593087,GitHub
966593088,966593151,GitHub
966593152,966593279,GitHub
966593280,966593311,GitHub
966593312,966593315,GitHub
966593352,966593359,GitHub
966593360,966593375,GitHub
966593376,966593407,GitHub
966593408,966593535,GitHub
966593536,966593599,GitHub
966593600,966593601,GitHub
966593604,966593607,GitHub
966593608,966593615,GitHub
966593616,966593631,GitHub
966593632,966593663,GitHub
966593664,966593791,GitHub
966593792,966593919,GitHub
966593920,966593927,GitHub
966593928,966593929,GitHub
966593932,966593935,GitHub
966593936,966593939,GitHub
966593940,966593941,GitHub
966593962,966593963,GitHub
966593966,966593967,GitHub
966593970,966593971,GitHub
966593974,966593975,GitHub
966593978,966593979,GitHub
966593982,966593983,GitHub
966593986,966593987,GitHub
966593990,966593991,GitHub
966593994,966593995,GitHub
966593998,966593999,GitHub
966594002,966594003,GitHub
966594006,966594007,GitHub
966594008,966594015,GitHub
966594016,966594019,GitHub
966594020,966594021,GitHub
966594024,966594031,GitHub
966594032,966594047,GitHub
966594048,966594559,GitHub
966597632,966597759,GitHub
966597760,966597823,GitHub
966597824,966597831,GitHub
966597832,966597835,GitHub
966597838,966597839,GitHub
966597840,966597855,GitHub
966597856,966597887,GitHub
966597888,966598015,GitHub
966598016,966598079,GitHub
966598080,966598111,GitHub
966598112,966598127,GitHub
966598128,966598131,GitHub
966598656,966599167,GitHub
966599168,966599423,GitHub
966599424,966599551,GitHub
966599552,966599583,GitHub
966599584,966599587,GitHub
966599588,966599589,GitHub
966601728,966601855,GitHub
966601856,966601887,GitHub
966601888,966601903,GitHub
966601908,966601911,GitHub
966601912,966601915,GitHub
966601916,966601917,GitHub
966601920,966601983,GitHub
966601984,966601999,GitHub
966602002,966602003,GitHub
966602004,966602007,GitHub
966602008,966602015,GitHub
966602016,966602019,GitHub
966602752,966602783,GitHub
966602784,966602791,GitHub
966602792,966602795,GitHub
966602798,966602799,GitHub
966602800,966602815,GitHub
966602816,966602879,GitHub
966602880,966602911,GitHub
966602912,966602915,GitHub
966602918,966602919,GitHub
966602920,966602921,GitHub
966602926,966602927,GitHub
966602928,966602943,GitHub
966602944,966602951,GitHub
966602952,966602955,GitHub
966602956,966602957,GitHub
966602962,966602963,GitHub
966602964,966602967,GitHub
966602968,966602975,GitHub
966602976,966603007,GitHub
966603008,966603071,GitHub
966603072,966603087,GitHub
966603088,966603091,GitHub
966603094,966603095,GitHub
966603096,966603103,GitHub
966603104,966603135,GitHub
966603136,966603167,GitHub
966603168,966603183,GitHub
966603184,966603187,GitHub
966603194,966603195,GitHub
966603196,966603199,GitHub
966603200,966603263,GitHub
966603268,966603271,GitHub
966603272,966603279,GitHub
966603280,966603295,GitHub
966603296,966603299,GitHub
966603300,966603301,GitHub
966603304,966603311,GitHub
966603312,966603327,GitHub
966603328,966603343,GitHub
966603344,966603351,GitHub
966603352,966603355,GitHub
966603356,966603357,GitHub
966604800,966605055,GitHub
966605056,966605087,GitHub
966605088,966605103,GitHub
966605104,966605107,GitHub
966606848,966607103,GitHub
966607104,966607231,GitHub
966607232,966607247,GitHub
966607248,966607255,GitHub
966608896,966609151,GitHub
966609152,966609215,GitHub
966609216,966609231,GitHub
966609232,966609235,GitHub
966609920,966610175,GitHub
966610176,966610207,GitHub
966610208,966610211,GitHub
966610212,966610213,GitHub
966610944,966611199,GitHub
966611200,966611263,GitHub
966611264,966611295,GitHub
966611296,966611311,GitHub
966611312,966611319,GitHub
966623232,966623487,GitHub
966623488,966623615,GitHub
966623616,966623679,GitHub
966623680,966623687,GitHub
966918144,966950911,GitHub
966950912,966983679,GitHub
966986240,966986751,GitHub
966987776,966988287,GitHub
966988288,966988799,GitHub
966988800,966989311,GitHub
966989312,966989823,GitHub
966990336,966990847,GitHub
966990848,966991359,GitHub
966991360,966991871,GitHub
966992384,966992895,GitHub
966992896,966993407,GitHub
966993920,966994431,GitHub
966994944,966995455,GitHub
966995456,966995967,GitHub
966995968,966996479,GitHub
966996480,966996991,GitHub
967114752,967147519,GitHub
967147520,967180287,GitHub
967180288,967213055,GitHub
967213056,967245823,GitHub
967245824,967278591,GitHub
967278592,967311359,GitHub
967311360,967376895,GitHub
967376896,967442431,GitHub
967508224,967508479,GitHub
967508736,967508991,GitHub
967509248,967509503,GitHub
967509760,967510015,GitHub
967510272,967510527,GitHub
967510784,967511039,GitHub
967511296,967511551,GitHub
967511808,967512063,GitHub
967671808,967704575,GitHub
967770112,967802879,GitHub
967802880,967835647,GitHub
968097792,968359935,Amazon AWS
968133184,968133247,Amazon AWS
968199844,968199845,Amazon AWS
968199848,968199851,Amazon AWS
968199862,968199863,Amazon AWS
968199904,968199905,Amazon AWS
968199908,968199911,Amazon AWS
968210624,968210687,Amazon AWS
968293632,968293887,Amazon AWS
968305152,968305279,Amazon AWS
989760000,989760127,Amazon AWS
989760128,989760191,Amazon AWS
1047770076,1047770077,Oracle Cloud
1047770084,1047770085,Oracle Cloud
1059061760,1059323903,Amazon AWS
1059208192,1059209215,Amazon AWS
1068498944,1068761087,Amazon AWS
1068734976,1068735487,Amazon AWS
1068761088,1069023231,Amazon AWS
1068831360,1068831487,Amazon AWS
1069023232,1069547519,Amazon AWS
1069138944,1069139455,Amazon AWS
1073115136,1073115391,Amazon AWS
1073115392,1073115647,Amazon AWS
1073115648,1073116159,Amazon AWS
1073116928,1073117183,Amazon AWS
1073117184,1073119231,Amazon AWS
1073315840,1073316095,Amazon AWS
1073316096,1073316351,Amazon AWS
1073316352,1073316607,Amazon AWS
1073316608,1073316863,Amazon AWS
1073316864,1073317119,Amazon AWS
1073317120,1073317375,Amazon AWS
1073317376,1073317631,Amazon AWS
1073317632,1073317887,Amazon AWS
1073317888,1073318143,Amazon AWS
1073318144,1073318399,Amazon AWS
1073318400,1073318655,Amazon AWS
1073318656,1073318911,Amazon AWS
1073318912,1073319167,Amazon AWS
1073319168,1073319423,Amazon AWS
1073319424,1073319679,Amazon AWS
1073319680,1073319935,Amazon AWS
1073319936,1073320191,Amazon AWS
1073320192,1073320447,Amazon AWS
1073320448,1073320703,Amazon AWS
1073320704,1073320959,Amazon AWS
1073320960,1073321215,Amazon AWS
1073321216,1073321471,Amazon AWS
1073321472,1073321727,Amazon AWS
1073321728,1073321983,Amazon AWS
1073321984,1073322239,Amazon AWS
1073322240,1073322495,Amazon AWS
1073322496,1073322751,Amazon AWS
1073322752,1073323007,Amazon AWS
1073323008,1073323263,Amazon AWS
1073323264,1073323519,Amazon AWS
1073323520,1073323775,Amazon AWS
1073323776,1073324031,Amazon AWS
1073324032,1073324287,Amazon AWS
1073324288,1073324543,Amazon AWS
1073324544,1073324799,Amazon AWS
1073324800,1073325055,Amazon AWS
1073325056,1073325311,Amazon AWS
1073325312,1073325567,Amazon AWS
1073325568,1073325823,Amazon AWS
1073325824,1073326079,Amazon AWS
1073326080,1073326335,Amazon AWS
1073326336,1073326591,Amazon AWS
1073326592,1073326847,Amazon AWS
1073326848,1073327103,Amazon AWS
1073327104,1073327359,Amazon AWS
1073327360,1073327615,Amazon AWS
1073327616,1073327871,Amazon AWS
1073327872,1073328127,Amazon AWS
1073328128,1073328383,Amazon AWS
1073328384,1073328639,Amazon AWS
1073328640,1073328895,Amazon AWS
1073328896,1073329151,Amazon AWS
1073329152,1073329407,Amazon AWS
1073329408,1073329663,Amazon AWS
1073329664,1073329919,Amazon AWS
1073329920,1073330175,Amazon AWS
1073330176,1073330431,Amazon AWS
1073330432,1073330687,Amazon AWS
1073330688,1073330943,Amazon AWS
1073330944,1073331199,Amazon AWS
1073331200,1073331455,Amazon AWS
1073331456,1073331711,Amazon AWS
1073331712,1073331967,Amazon AWS
1073331968,1073332223,Amazon AWS
1073332224,1073332479,Amazon AWS
1073332480,1073332735,Amazon AWS
1073332736,1073332991,Amazon AWS
1073332992,1073333247,Amazon AWS
1073333248,1073333503,Amazon AWS
1073333504,1073333759,Amazon AWS
1073333760,1073334015,Amazon AWS
1073334016,1073334271,Amazon AWS
1073334272,1073334527,Amazon AWS
1073334528,1073334783,Amazon AWS
1073334784,1073335039,Amazon AWS
1073335040,1073335295,Amazon AWS
1073335296,1073335551,Amazon AWS
1073335552,1073335807,Amazon AWS
1073335808,1073336063,Amazon AWS
1073336064,1073336319,Amazon AWS
1073336320,1073336575,Amazon AWS
1073336576,1073336831,Amazon AWS
1073336832,1073337087,Amazon AWS
1073337088,1073337343,Amazon AWS
1073337344,1073337599,Amazon AWS
1073337600,1073337855,Amazon AWS
1073337856,1073338111,Amazon AWS
1073338112,1073338367,Amazon AWS
1074006016,1074006271,GitHub
1074017792,1074018047,GitHub
1074753536,1074757631,Google
1075281920,1075286015,DigitalOcean
1075286016,1075290111,DigitalOcean
1075290112,1075294207,DigitalOcean
1075294208,1075298303,DigitalOcean
1075298304,1075306495,DigitalOcean
1075306496,1075310591,DigitalOcean
1075310592,1075314687,DigitalOcean
1078099968,1078100223,Amazon AWS
1078100224,1078100479,Amazon AWS
1078100480,1078100735,Amazon AWS
1078100736,1078100991,Amazon AWS
1078101248,1078101503,Amazon AWS
1078101504,1078101759,Amazon AWS
1078101760,1078102015,Amazon AWS
1078102016,1078102271,Amazon AWS
1078102272,1078102527,Amazon AWS
1078102528,1078102783,Amazon AWS
1078102784,1078103039,Amazon AWS
1078103040,1078103295,Amazon AWS
1078103296,1078103551,Amazon AWS
1078103552,1078103807,Amazon AWS
1078103808,1078104063,Amazon AWS
1078104064,1078104319,Amazon AWS
1078104320,1078104575,Amazon AWS
1078104576,1078104831,Amazon AWS
1078104832,1078105087,Amazon AWS
1078105088,1078105343,Amazon AWS
1078105344,1078105599,Amazon AWS
1078105600,1078105855,Amazon AWS
1078105856,1078106111,Amazon AWS
1078106112,1078106367,Amazon AWS
1078106368,1078106623,Amazon AWS
1078106624,1078106879,Amazon AWS
1078106880,1078107135,Amazon AWS
1078107136,1078107391,Amazon AWS
1078107392,1078107647,Amazon AWS
1078107648,1078107903,Amazon AWS
1078107904,1078108159,Amazon AWS
1078108160,1078108415,Amazon AWS
1078108416,1078108671,Amazon AWS
1078108672,1078108927,Amazon AWS
1078575104,1078575359,Amazon AWS
1078575360,1078575615,Amazon AWS
1078575616,1078575871,Amazon AWS
1078575872,1078576127,Amazon AWS
1078576128,1078576383,Amazon AWS
1078576384,1078576639,Amazon AWS
1078576640,1078576895,Amazon AWS
1078576896,1078577151,Amazon AWS
1078577152,1078577407,Amazon AWS
1078577664,1078577919,Amazon AWS
1078577920,1078578175,Amazon AWS
1078578176,1078578431,Amazon AWS
1078578432,1078578687,Amazon AWS
1078578688,1078578943,Amazon AWS
1078578944,1078579199,Amazon AWS
1078579200,1078579455,Amazon AWS
1078579456,1078579711,Amazon AWS
1078579712,1078579967,Amazon AWS
1078579968,1078580223,Amazon AWS
1078580224,1078580479,Amazon AWS
1078580480,1078580735,Amazon AWS
1078580736,1078580991,Amazon AWS
1078580992,1078581247,Amazon AWS
1078581248,1078581503,Amazon AWS
1080967168,1080975359,Oracle Cloud
1080975360,1080979455,Oracle Cloud
1080979456,1080981503,Oracle Cloud
1080981504,1080983551,Oracle Cloud
1085637632,1085637887,Oracle Cloud
1085638656,1085639679,Oracle Cloud
1085639680,1085640191,Oracle Cloud
1085640704,1085641215,Oracle Cloud
1085641216,1085641727,Oracle Cloud
1085642240,1085642751,Oracle Cloud
1085642752,1085644799,Oracle Cloud
1085644800,1085652991,Oracle Cloud
1085652992,1085661183,Oracle Cloud
1085661184,1085669375,Oracle Cloud
1086029824,1086033919,Amazon AWS
1088487424,1088491519,DigitalOcean
1088491520,1088495615,DigitalOcean
1088495616,1088499711,DigitalOcean
1088499712,1088503807,DigitalOcean
1088503808,1088507903,DigitalOcean
1088507904,1088508927,DigitalOcean
1088508928,1088509951,DigitalOcean
1088509952,1088510975,DigitalOcean
1088510976,1088511999,DigitalOcean
1088512000,1088516095,DigitalOcean
1088516096,1088520191,DigitalOcean
1088569344,1088573439,DigitalOcean
1088573440,1088577535,DigitalOcean
1088577536,1088581631,DigitalOcean
1088581632,1088585727,DigitalOcean
1088618496,1088622591,DigitalOcean
1088622592,1088626687,DigitalOcean
1088626688,1088630783,DigitalOcean
1088630784,1088634879,DigitalOcean
1088634880,1088638975,DigitalOcean
1088638976,1088643071,DigitalOcean
1088643072,1088647167,DigitalOcean
1088647168,1088651263,DigitalOcean
1088651264,1088659455,DigitalOcean
1088659456,1088663551,DigitalOcean
1088663552,1088667647,DigitalOcean
1088946176,1089011711,Amazon AWS
1089052672,1089060863,Google
1089208320,1089241087,GitHub
1089241088,1089273855,GitHub
1090273280,1090273535,Amazon AWS
1090273280,1090289663,Amazon AWS
1090273536,1090273791,Amazon AWS
1090273792,1090274047,Amazon AWS
1090274048,1090274303,Amazon AWS
1090274304,1090274559,Amazon AWS
1090274560,1090274815,Amazon AWS
1090274816,1090275071,Amazon AWS
1090275072,1090275327,Amazon AWS
1090275328,1090275583,Amazon AWS
1090275584,1090275839,Amazon AWS
1090275840,1090276095,Amazon AWS
1090276096,1090276351,Amazon AWS
1090276352,1090276607,Amazon AWS
1090276608,1090276863,Amazon AWS
1090276864,1090277119,Amazon AWS
1090277120,1090277375,Amazon AWS
1090277376,1090277631,Amazon AWS
1090277632,1090277887,Amazon AWS
1090277888,1090278143,Amazon AWS
1090278144,1090278399,Amazon AWS
1090278400,1090278655,Amazon AWS
1090278656,1090278911,Amazon AWS
1090278912,1090279167,Amazon AWS
1090279168,1090279423,Amazon AWS
1090279424,1090279679,Amazon AWS
1090279680,1090279935,Amazon AWS
1090281728,1090281983,Amazon AWS
1090281984,1090282239,Amazon AWS
1090282240,1090282495,Amazon AWS
1090282496,1090282751,Amazon AWS
1090282752,1090283007,Amazon AWS
1090283008,1090283263,Amazon AWS
1090283264,1090283519,Amazon AWS
1090283520,1090283775,Amazon AWS
1090283776,1090284031,Amazon AWS
1090284032,1090284287,Amazon AWS
1090284288,1090284543,Amazon AWS
1090284544,1090284799,Amazon AWS
1090284800,1090285055,Amazon AWS
1090285056,1090285311,Amazon AWS
1090285312,1090285567,Amazon AWS
1090285568,1090285823,Amazon AWS
1090285824,1090286079,Amazon AWS
1090286080,1090286335,Amazon AWS
1090286336,1090286591,Amazon AWS
1090286592,1090286847,Amazon AWS
1090286848,1090287103,Amazon AWS
1090287104,1090287359,Amazon AWS
1090287360,1090287615,Amazon AWS
1090287616,1090287871,Amazon AWS
1090287872,1090288127,Amazon AWS
1090288128,1090288383,Amazon AWS
1090288384,1090288639,Amazon AWS
1090288640,1090288895,Amazon AWS
1090288896,1090289151,Amazon AWS
1090289152,1090289407,Amazon AWS
1090289664,1090306047,Amazon AWS
1090519040,1090781183,Amazon AWS
1090568368,1090568383,Amazon AWS
1090568416,1090568447,Amazon AWS
1090578944,1090579007,Amazon AWS
1090611136,1090611143,Amazon AWS
1090611144,1090611147,Amazon AWS
1090611152,1090611167,Amazon AWS
1090611168,1090611183,Amazon AWS
1090624512,1090625535,Amazon AWS
1090628096,1090628607,Amazon AWS
1090628608,1090629119,Amazon AWS
1090629120,1090629631,Amazon AWS
1090653696,1090654207,Amazon AWS
1090654208,1090654719,Amazon AWS
1090699264,1090699327,Amazon AWS
1090781184,1090846719,Amazon AWS
1091043328,1091108863,Amazon AWS
1091108864,1091141631,Amazon AWS
1091141632,1091158015,Amazon AWS
1093926912,1093935103,GitHub
1093935104,1093937151,GitHub
1093939200,1093943295,GitHub
1093943296,1093947391,GitHub
1093953536,1093953791,GitHub
1093954048,1093954303,GitHub
1093954560,1093955071,GitHub
1093955072,1093955327,GitHub
1093955328,1093955583,GitHub
1093955584,1093959679,GitHub
1093959680,1093967871,GitHub
1093976064,1093984255,GitHub
1093984256,1093986303,GitHub
1093986304,1093988351,GitHub
1093988352,1093990399,GitHub
1094062976,1094063007,GitHub
1094131840,1094131855,GitHub
1094131905,1094131905,GitHub
1094131906,1094131907,GitHub
1094131908,1094131908,GitHub
1094131921,1094131921,GitHub
1094131922,1094131923,GitHub
1094134792,1094134799,GitHub
1094134800,1094134815,GitHub
1094134816,1094134847,GitHub
1094134848,1094134879,GitHub
1094134880,1094134895,GitHub
1094134896,1094134911,GitHub
1094134912,1094134943,GitHub
1094136576,1094136831,GitHub
1094139056,1094139063,GitHub
1094139068,1094139071,GitHub
1094150400,1094150463,GitHub
1094150496,1094150527,GitHub
1094150560,1094150591,GitHub
1094150592,1094150623,GitHub
1094150624,1094150655,GitHub
1094150656,1094150719,GitHub
1094150720,1094150751,GitHub
1094150784,1094150847,GitHub
1094150848,1094150863,GitHub
1094150864,1094150879,GitHub
1094150880,1094150895,GitHub
1094150896,1094150911,GitHub
1094150912,1094150927,GitHub
1094150960,1094150975,GitHub
1094150976,1094151007,GitHub
1094151008,1094151039,GitHub
1094151168,1094151423,GitHub
1094151424,1094151679,GitHub
1094151680,1094151935,GitHub
1094154240,1094154495,GitHub
1094160384,1094160895,GitHub
1094160896,1094161151,GitHub
1094176512,1094176767,GitHub
1094177024,1094177151,GitHub
1094177152,1094177215,GitHub
1094177216,1094177279,GitHub
1094177280,1094177535,GitHub
1094177536,1094177567,GitHub
1094177568,1094177599,GitHub
1094177792,1094177823,GitHub
1094177920,1094178047,GitHub
1094178048,1094178079,GitHub
1094178112,1094178175,GitHub
1094178176,1094178239,GitHub
1094179072,1094179327,GitHub
1094179328,1094179583,GitHub
1094179584,1094179615,GitHub
1094179616,1094179647,GitHub
1094179648,1094179711,GitHub
1094179712,1094179839,GitHub
1094187520,1094187775,GitHub
1094188032,1094188287,GitHub
1102053376,1102184447,Amazon AWS
1102184448,1102315519,Amazon AWS
1107755008,1107757055,Amazon AWS
1110376448,1110441983,Amazon AWS
1113980928,1113985023,Google
1118818304,1118818559,Linode
1118818560,1118818815,Linode
1118818816,1118819071,Linode
1118819072,1118819327,Linode
1118819328,1118819583,Linode
1118819584,1118819839,Linode
1118819840,1118820095,Linode
1118820096,1118820351,Linode
1118820352,1118820607,Linode
1118820608,1118820863,Linode
1118820864,1118821119,Linode
1118821120,1118821375,Linode
1118821376,1118821631,Linode
1118821632,1118821887,Linode
1118821888,1118822143,Linode
1118822144,1118822399,Linode
1119248384,1119252479,Amazon AWS
1122246656,1122246911,Linode
1122246912,1122247167,Linode
1122247168,1122247423,Linode
1122247424,1122247679,Linode
1122247680,1122247935,Linode
1122247936,1122248191,Linode
1122248192,1122248447,Linode
1122248448,1122248703,Linode
1122248704,1122248959,Linode
1122248960,1122249215,Linode
1122249216,1122249471,Linode
1122249472,1122249727,Linode
1122249728,1122249983,Linode
1122249984,1122250239,Linode
1122250240,1122250495,Linode
1122250496,1122250751,Linode
1122250752,1122251007,Linode
1122251008,1122251263,Linode
1122251264,1122251519,Linode
1122251520,1122251775,Linode
1122251776,1122252031,Linode
1122252032,1122252287,Linode
1122252288,1122252543,Linode
1122252544,1122252799,Linode
1122252800,1122253055,Linode
1122253056,1122253311,Linode
1122253312,1122253567,Linode
1122253568,1122253823,Linode
1122253824,1122254079,Linode
1122254080,1122254335,Linode
1122254336,1122254591,Linode
1122254592,1122254847,Linode
1123437312,1123437567,Linode
1123631104,1123639295,Google
1137311744,1137328127,Amazon AWS
1137541120,1137545215,DigitalOcean
1137545216,1137549311,DigitalOcean
1137549312,1137553407,DigitalOcean
1137553408,1137557503,DigitalOcean
1137656832,1137657855,DigitalOcean
1137657856,1137658879,DigitalOcean
1137658880,1137659903,DigitalOcean
1137659904,1137663999,DigitalOcean
1138548736,1138552831,Amazon AWS
1138552832,1138556927,Amazon AWS
1145204736,1145208831,Amazon AWS
1146028032,1146044415,Amazon AWS
1146028608,1146028639,Amazon AWS
1146028736,1146028751,Amazon AWS
1146028768,1146028783,Amazon AWS
1146028788,1146028791,Amazon AWS
1146028792,1146028799,Amazon AWS
1150943232,1150975999,GitHub
1152843776,1152847871,DigitalOcean
1152847872,1152851967,DigitalOcean
1152851968,1152856063,DigitalOcean
1152856064,1152860159,DigitalOcean
1152860160,1152864255,DigitalOcean
1152864256,1152868351,DigitalOcean
1152868352,1152872447,DigitalOcean
1152872448,1152876543,DigitalOcean
1152876544,1152880639,DigitalOcean
1152880640,1152884735,DigitalOcean
1152884736,1152888831,DigitalOcean
1152888832,1152892927,DigitalOcean
1152892928,1152897023,DigitalOcean
1152897024,1152901119,DigitalOcean
1152901120,1152905215,DigitalOcean
1152905216,1152906239,DigitalOcean
1152906240,1152907263,DigitalOcean
1152907264,1152908287,DigitalOcean
1152908288,1152909311,DigitalOcean
1155203072,1155235839,GitHub
1155235840,1155244031,GitHub
1155244032,1155252223,GitHub
1155252224,1155268607,GitHub
1155268608,1155276799,GitHub
1155276800,1155284991,GitHub
1155291136,1155293183,GitHub
1155301376,1155334143,GitHub
1156145152,1156149247,Oracle Cloud
1156149248,1156151295,Oracle Cloud
1156151296,1156153343,Oracle Cloud
1157662720,1157663743,Amazon AWS
1161244672,1161245695,DigitalOcean
1161244928,1161245183,DigitalOcean
1161246208,1161246463,DigitalOcean
1161246464,1161246719,DigitalOcean
1161247232,1161247743,DigitalOcean
1161247552,1161247615,DigitalOcean
1161247616,1161247679,DigitalOcean
1161247680,1161247711,DigitalOcean
1161247744,1161248767,DigitalOcean
1161247840,1161247871,DigitalOcean
1161247872,1161247935,DigitalOcean
1161248064,1161248127,DigitalOcean
1161248256,1161248319,DigitalOcean
1164641200,1164641207,Amazon AWS
1164641208,1164641215,Amazon AWS
1164641904,1164641911,Amazon AWS
1164641912,1164641919,Amazon AWS
1164641952,1164641959,Amazon AWS
1164641960,1164641967,Amazon AWS
1164641992,1164641999,Amazon AWS
1164642000,1164642007,Amazon AWS
1164642008,1164642015,Amazon AWS
1164642016,1164642023,Amazon AWS
1164642048,1164642055,Amazon AWS
1164642056,1164642063,Amazon AWS
1164642064,1164642071,Amazon AWS
1164642080,1164642087,Amazon AWS
1164642088,1164642095,Amazon AWS
1164642096,1164642103,Amazon AWS
1164642104,1164642111,Amazon AWS
1164642112,1164642119,Amazon AWS
1164642120,1164642127,Amazon AWS
1164642128,1164642135,Amazon AWS
1164642136,1164642143,Amazon AWS
1164642144,1164642151,Amazon AWS
1164642152,1164642159,Amazon AWS
1164642160,1164642167,Amazon AWS
1164642168,1164642175,Amazon AWS
1164642176,1164642183,Amazon AWS
1164642184,1164642191,Amazon AWS
1164642688,1164642695,Amazon AWS
1164642696,1164642703,Amazon AWS
1164642736,1164642743,Amazon AWS
1164642744,1164642751,Amazon AWS
1164642752,1164642759,Amazon AWS
1164642760,1164642767,Amazon AWS
1164642768,1164642775,Amazon AWS
1164642776,1164642783,Amazon AWS
1164642784,1164642791,Amazon AWS
1164642792,1164642799,Amazon AWS
1164642800,1164642807,Amazon AWS
1164642808,1164642815,Amazon AWS
1164642816,1164642823,Amazon AWS
1164642824,1164642831,Amazon AWS
1164642832,1164642839,Amazon AWS
1164642840,1164642847,Amazon AWS
1164642848,1164642855,Amazon AWS
1164642856,1164642863,Amazon AWS
1164642864,1164642871,Amazon AWS
1164642872,1164642879,Amazon AWS
1164642880,1164642887,Amazon AWS
1164642888,1164642895,Amazon AWS
1164642896,1164642903,Amazon AWS
1164642904,1164642911,Amazon AWS
1164642912,1164642919,Amazon AWS
1164642920,1164642927,Amazon AWS
1164642928,1164642935,Amazon AWS
1164642936,1164642943,Amazon AWS
1164642944,1164642951,Amazon AWS
1164642952,1164642959,Amazon AWS
1164642960,1164642967,Amazon AWS
1164642968,1164642975,Amazon AWS
1164642976,1164642983,Amazon AWS
1164642984,1164642991,Amazon AWS
1164642992,1164642999,Amazon AWS
1164643000,1164643007,Amazon AWS
1164643008,1164643015,Amazon AWS
1164643016,1164643023,Amazon AWS
1164643024,1164643031,Amazon AWS
1164643032,1164643039,Amazon AWS
1164643040,1164643047,Amazon AWS
1164643048,1164643055,Amazon AWS
1164643056,1164643063,Amazon AWS
1164643064,1164643071,Amazon AWS
1164643072,1164643079,Amazon AWS
1164643080,1164643087,Amazon AWS
1164643088,1164643095,Amazon AWS
1164643096,1164643103,Amazon AWS
1164643104,1164643111,Amazon AWS
1164643112,1164643119,Amazon AWS
1164643120,1164643127,Amazon AWS
1164643128,1164643135,Amazon AWS
1164643136,1164643143,Amazon AWS
1164643144,1164643151,Amazon AWS
1164643152,1164643159,Amazon AWS
1164643160,1164643167,Amazon AWS
1164643168,1164643175,Amazon AWS
1164643176,1164643183,Amazon AWS
1164643184,1164643191,Amazon AWS
1164643192,1164643199,Amazon AWS
1164643200,1164643207,Amazon AWS
1164643208,1164643215,Amazon AWS
1164643216,1164643223,Amazon AWS
1164643224,1164643231,Amazon AWS
1164643232,1164643239,Amazon AWS
1164643240,1164643247,Amazon AWS
1164643248,1164643255,Amazon AWS
1164643256,1164643263,Amazon AWS
1164643264,1164643271,Amazon AWS
1164643272,1164643279,Amazon AWS
1164643280,1164643287,Amazon AWS
1164643288,1164643295,Amazon AWS
1164643296,1164643303,Amazon AWS
1164643304,1164643311,Amazon AWS
1164643312,1164643319,Amazon AWS
1164643320,1164643327,Amazon AWS
1164643328,1164643335,Amazon AWS
1164643336,1164643343,Amazon AWS
1164643344,1164643351,Amazon AWS
1164643352,1164643359,Amazon AWS
1164643360,1164643367,Amazon AWS
1164643368,1164643375,Amazon AWS
1164643376,1164643383,Amazon AWS
1164643384,1164643391,Amazon AWS
1164643392,1164643399,Amazon AWS
1164643400,1164643407,Amazon AWS
1164643408,1164643415,Amazon AWS
1164643416,1164643423,Amazon AWS
1164643424,1164643431,Amazon AWS
1164643432,1164643439,Amazon AWS
1164643440,1164643447,Amazon AWS
1164643448,1164643455,Amazon AWS
1164643456,1164643463,Amazon AWS
1164643464,1164643471,Amazon AWS
1164643472,1164643479,Amazon AWS
1164643480,1164643487,Amazon AWS
1164643488,1164643495,Amazon AWS
1164643496,1164643503,Amazon AWS
1164643504,1164643511,Amazon AWS
1164643512,1164643519,Amazon AWS
1164643520,1164643527,Amazon AWS
1164643528,1164643535,Amazon AWS
1164643536,1164643543,Amazon AWS
1164643544,1164643551,Amazon AWS
1164643552,1164643559,Amazon AWS
1164643560,1164643567,Amazon AWS
1164643568,1164643575,Amazon AWS
1164643576,1164643583,Amazon AWS
1164643584,1164643591,Amazon AWS
1164643592,1164643599,Amazon AWS
1164643600,1164643607,Amazon AWS
1164643608,1164643615,Amazon AWS
1168424960,1168425215,Linode
1168425216,1168425471,Linode
1168425472,1168425727,Linode
1168425728,1168425983,Linode
1168425984,1168426239,Linode
1168426240,1168426495,Linode
1168426496,1168426751,Linode
1168426752,1168427007,Linode
1168427264,1168427519,Linode
1168427520,1168427775,Linode
1168427776,1168428031,Linode
1168428032,1168428287,Linode
1168428288,1168428543,Linode
1168428544,1168428799,Linode
1168428800,1168429055,Linode
1168429056,1168429311,Linode
1168429312,1168429567,Linode
1168429568,1168429823,Linode
1168429824,1168430079,Linode
1168430080,1168430335,Linode
1168430336,1168430591,Linode
1168430592,1168430847,Linode
1168430848,1168431103,Linode
1168431104,1168431359,Linode
1168431360,1168431615,Linode
1168431616,1168431871,Linode
1168431872,1168432127,Linode
1168432128,1168432383,Linode
1168432384,1168432639,Linode
1168432640,1168432895,Linode
1168432896,1168433151,Linode
1172750336,1172766719,Amazon AWS
1172757248,1172757503,Amazon AWS
1172759040,1172759295,Amazon AWS
1172759296,1172759551,Amazon AWS
1172759552,1172759807,Amazon AWS
1172799488,1172815871,Amazon AWS
1173012480,1173028863,Amazon AWS
1173013832,1173013839,Amazon AWS
1173013952,1173014015,Amazon AWS
1173027392,1173027407,Amazon AWS
1173027408,1173027423,Amazon AWS
1173061632,1173078015,Amazon AWS
1173070336,1173070591,Amazon AWS
1173072384,1173072895,Amazon AWS
1176535040,1176543231,Google
1176829952,1176831999,GitHub
1176832000,1176833023,GitHub
1176834048,1176838143,GitHub
1176838144,1176842239,GitHub
1176842240,1176846335,GitHub
1176846336,1176862719,GitHub
1176870912,1176872959,GitHub
1183055872,1183072255,Amazon AWS
1184367616,1184367871,GitHub
1184367872,1184368127,GitHub
1184368384,1184368639,GitHub
1184368640,1184368895,GitHub
1184368896,1184369151,GitHub
1184371200,1184371455,GitHub
1184371456,1184371711,GitHub
1184372736,1184372991,GitHub
1184375552,1184375807,GitHub
1184375808,1184376063,GitHub
1184376320,1184376575,GitHub
1184376576,1184376831,GitHub
1184376832,1184377087,GitHub
1184380672,1184380927,GitHub
1184380928,1184381439,GitHub
1184382976,1184383487,GitHub
1184383488,1184383743,GitHub
1184383744,1184383999,GitHub
1184384000,1184384511,GitHub
1184389888,1184390143,GitHub
1184390144,1184391167,GitHub
1184391168,1184393215,GitHub
1184393216,1184393727,GitHub
1184393728,1184394239,GitHub
1184394240,1184395263,GitHub
1184395264,1184397311,GitHub
1184397312,1184397567,GitHub
1184397568,1184397823,GitHub
1184397824,1184398335,GitHub
1184398336,1184399359,GitHub
1184399360,1184401407,GitHub
1184401408,1184403455,GitHub
1184403456,1184404479,GitHub
1184404480,1184404991,GitHub
1184404992,1184405247,GitHub
1184405248,1184405503,GitHub
1184405504,1184407551,GitHub
1184407552,1184411647,GitHub
1184411648,1184412671,GitHub
1184412672,1184412927,GitHub
1184412928,1184413183,GitHub
1184413184,1184413695,GitHub
1184413696,1184415743,GitHub
1184415744,1184419839,GitHub
1184419840,1184420351,GitHub
1184420352,1184420607,GitHub
1184422912,1184423167,GitHub
1184426240,1184426495,GitHub
1184428800,1184429055,GitHub
1184429056,1184429311,GitHub
1184429312,1184429567,GitHub
1184429568,1184429823,GitHub
1184430848,1184431103,GitHub
1184431104,1184431615,GitHub
1189134336,1189150719,Amazon AWS
1189625856,1189629951,Amazon AWS
1189629952,1189631999,Amazon AWS
1189631612,1189631612,Amazon AWS
1189631613,1189631613,Amazon AWS
1189631614,1189631614,Amazon AWS
1189632000,1189633023,Amazon AWS
1189633024,1189634047,Amazon AWS
1189634048,1189638143,Amazon AWS
1189638144,1189640191,Amazon AWS
1189640192,1189641215,Amazon AWS
1189641216,1189642239,Amazon AWS
1199816704,1199833087,Amazon AWS
1199817856,1199817919,Amazon AWS
1199817952,1199817967,Amazon AWS
1199817968,1199817983,Amazon AWS
1199833088,1199849471,Amazon AWS
1200111616,1200127999,Amazon AWS
1200160768,1200177151,Amazon AWS
1201143808,1201176575,Amazon AWS
1208922112,1208922367,Linode
1208922368,1208922623,Linode
1208922624,1208922879,Linode
1208922880,1208923135,Linode
1208923392,1208923647,Linode
1208923648,1208923903,Linode
1208923904,1208924159,Linode
1208924160,1208924415,Linode
1208924416,1208924671,Linode
1208924672,1208924927,Linode
1208924928,1208925183,Linode
1208925184,1208925439,Linode
1208925440,1208925695,Linode
1208925696,1208925951,Linode
1208925952,1208926207,Linode
1208926208,1208942591,Google
1209384960,1209393151,Amazon AWS
1210646528,1210650623,Amazon AWS
1210851328,1210859519,Amazon AWS
1217462272,1217495039,GitHub
1217495040,1217511423,GitHub
1217626112,1217658879,GitHub
1217921024,1217953791,GitHub
1217953792,1217986559,GitHub
1217986560,1218019327,GitHub
1218019328,1218052095,GitHub
1218052096,1218084863,GitHub
1218084864,1218117631,GitHub
1223819264,1223950335,Amazon AWS
1248991232,1248993279,Google
1249705984,1249771519,Google
1250951168,1250983935,GitHub
1251016704,1251049471,GitHub
1251049472,1251082239,GitHub
1251082240,1251115007,GitHub
1251115008,1251147775,GitHub
1251442688,1251475455,GitHub
1251672064,1251704831,GitHub
1253179392,1253212159,GitHub
1253212160,1253244927,GitHub
1253244928,1253277695,GitHub
1253277696,1253310463,GitHub
1255137280,1255137535,Linode
1255137536,1255137791,Linode
1255137792,1255138047,Linode
1255138048,1255138303,Linode
1255138304,1255138559,Linode
1255138560,1255138815,Linode
1255138816,1255139071,Linode
1255139072,1255139327,Linode
1255139328,1255139583,Linode
1255139584,1255139839,Linode
1255139840,1255140095,Linode
1255140096,1255140351,Linode
1255140352,1255140607,Linode
1255140608,1255140863,Linode
1255141376,1255141631,Linode
1255141632,1255141887,Linode
1255141888,1255142143,Linode
1255142144,1255142399,Linode
1255142400,1255142655,Linode
1255142656,1255142911,Linode
1255142912,1255143167,Linode
1255143168,1255143423,Linode
1255143424,1255143679,Linode
1255143680,1255143935,Linode
1255143936,1255144191,Linode
1255144192,1255144447,Linode
1255144448,1255144703,Linode
1255144704,1255144959,Linode
1255144960,1255145215,Linode
1256849408,1256882175,GitHub
1256882176,1256914943,GitHub
1256914944,1256980479,GitHub
1257832448,1257865215,GitHub
1257865216,1257897983,GitHub
1258422272,1258455039,Amazon AWS
1258455040,1258471423,Amazon AWS
1258487808,1258504191,Amazon AWS
1258520576,1258536959,Amazon AWS
1259782144,1259798527,Amazon AWS
1261273088,1261289471,Amazon AWS
1261371392,1261387775,Amazon AWS
1263468544,1263534079,Amazon AWS
1264943104,1264975871,Amazon AWS
1285685248,1285816319,Amazon AWS
1289682944,1289715711,Amazon AWS
1289707264,1289707519,Amazon AWS
1289707520,1289707775,Amazon AWS
1289707776,1289708031,Amazon AWS
1289708032,1289708287,Amazon AWS
1289708288,1289708543,Amazon AWS
1289708544,1289708799,Amazon AWS
1289708800,1289709055,Amazon AWS
1289709056,1289709311,Amazon AWS
1289709312,1289709567,Amazon AWS
1289709568,1289709823,Amazon AWS
1289725952,1289726207,Amazon AWS
1289726208,1289726463,Amazon AWS
1289726464,1289726479,Amazon AWS
1289726496,1289726511,Amazon AWS
1289726512,1289726527,Amazon AWS
1289726528,1289726543,Amazon AWS
1289726544,1289726559,Amazon AWS
1289726560,1289726575,Amazon AWS
1289726576,1289726591,Amazon AWS
1289726592,1289726607,Amazon AWS
1289726608,1289726623,Amazon AWS
1289726976,1289727999,Amazon AWS
1299185664,1299447807,Amazon AWS
1309409280,1309540351,Amazon AWS
1309413376,1309413631,Amazon AWS
1309424128,1309424383,Amazon AWS
1309424384,1309424639,Amazon AWS
1309424640,1309424895,Amazon AWS
1309424896,1309425151,Amazon AWS
1309425152,1309425407,Amazon AWS
1309425408,1309425663,Amazon AWS
1309425664,1309426175,Amazon AWS
1309429696,1309429711,Amazon AWS
1309429712,1309429727,Amazon AWS
1309462280,1309462287,Amazon AWS
1309497344,1309497855,Amazon AWS
1309522944,1309523455,Amazon AWS
1309540352,1309671423,Amazon AWS
1309570048,1309570559,Amazon AWS
1330118656,1330122751,Oracle Cloud
1330122752,1330123775,Oracle Cloud
1330123776,1330124287,Oracle Cloud
1330124800,1330126847,Oracle Cloud
1330126848,1330127871,Oracle Cloud
1330128896,1330130943,Oracle Cloud
1330130944,1330135039,Oracle Cloud
1330135040,1330143231,Oracle Cloud
1330384896,1330385407,Oracle Cloud
1330385408,1330385919,Oracle Cloud
1330385920,1330386175,Oracle Cloud
1330386944,1330388991,Oracle Cloud
1330388992,1330397183,Oracle Cloud
1330405376,1330413567,Oracle Cloud
1333592064,1333624831,Amazon AWS
1347769344,1347769599,Linode
1347769600,1347769855,Linode
1347769856,1347770111,Linode
1347770112,1347770367,Linode
1350434816,1350435071,Amazon AWS
1356939264,1356943359,Oracle Cloud
1356943360,1356947455,Oracle Cloud
1356963840,1356963903,Oracle Cloud
1356963968,1356964095,Oracle Cloud
1356964288,1356964351,Oracle Cloud
1356964352,1356964863,Oracle Cloud
1356964864,1356965887,Oracle Cloud
1356965888,1356966911,Oracle Cloud
1356967936,1356968447,Oracle Cloud
1356968576,1356968703,Oracle Cloud
1356969984,1356972031,Oracle Cloud
1356972032,1356988415,Oracle Cloud
1357938688,1357942783,DigitalOcean
1372626944,1372631039,Oracle Cloud
1372634112,1372635135,Oracle Cloud
1372635136,1372643327,Oracle Cloud
1380327424,1380335615,Oracle Cloud
1380335616,1380343807,Oracle Cloud
1380372480,1380376575,Oracle Cloud
1380376576,1380380671,Oracle Cloud
1380382720,1380383743,Oracle Cloud
1380383744,1380384767,Oracle Cloud
1388576768,1388580863,DigitalOcean
1400303616,1400304639,Amazon AWS
1400303616,1400305663,Amazon AWS
1400324096,1400340479,Amazon AWS
1400340480,1400356863,Amazon AWS
1402994688,1403125759,Amazon AWS
1403125760,1403256831,Amazon AWS
1409826816,1409827839,Oracle Cloud
1409827840,1409827967,Oracle Cloud
1409828864,1409829887,Oracle Cloud
1409833088,1409833215,Oracle Cloud
1409835008,1409843199,Oracle Cloud
1409843200,1409847295,Oracle Cloud
1409847296,1409851391,Oracle Cloud
1409859584,1409859647,Oracle Cloud
1409859712,1409859839,Oracle Cloud
1409860032,1409860095,Oracle Cloud
1409860096,1409860607,Oracle Cloud
1409860608,1409861631,Oracle Cloud
1409861632,1409862655,Oracle Cloud
1409863680,1409864191,Oracle Cloud
1409864320,1409864447,Oracle Cloud
1409865728,1409867775,Oracle Cloud
1424728064,1424736255,Oracle Cloud
1424736256,1424736767,Oracle Cloud
1424740352,1424744447,Oracle Cloud
1424744448,1424748543,Oracle Cloud
1424748544,1424752639,Oracle Cloud
1432024064,1432024319,Linode
1432024320,1432024575,Linode
1432024576,1432024831,Linode
1432024832,1432025087,Linode
1436536832,1436537087,Linode
1436537088,1436537343,Linode
1436537344,1436537599,Linode
1436537600,1436537855,Linode
1436537856,1436538111,Linode
1436538112,1436538367,Linode
1436538368,1436538623,Linode
1436538624,1436538879,Linode
1450180608,1450311679,Amazon AWS
1475235840,1475237887,Amazon AWS
1481684992,1481685247,Linode
1481685248,1481685503,Linode
1481685504,1481685759,Linode
1481685760,1481686015,Linode
1481686016,1481686271,Linode
1481686272,1481686527,Linode
1481686528,1481686783,Linode
1481686784,1481687039,Linode
1482686464,1482694655,Oracle Cloud
1482694656,1482702847,Oracle Cloud
1483210752,1483341823,Amazon AWS
1483341824,1483472895,Amazon AWS
1483472896,1483735039,Amazon AWS
1496317952,1496842239,Amazon AWS
1497104384,1497235455,Amazon AWS
1504182272,1504184319,Oracle Cloud
1504186368,1504190463,Oracle Cloud
1504190464,1504198655,Oracle Cloud
1504198656,1504215039,Oracle Cloud
1543782400,1543790591,Oracle Cloud
1543798784,1543806975,Oracle Cloud
1543806976,1543811071,Oracle Cloud
1543811072,1543815167,Oracle Cloud
1543815168,1543817215,Oracle Cloud
1543817728,1543818239,Oracle Cloud
1543824384,1543825407,Oracle Cloud
1543825408,1543825919,Oracle Cloud
1543827456,1543831551,Oracle Cloud
1543831552,1543864319,Oracle Cloud
1543864320,1543880703,Oracle Cloud
1543880704,1543888895,Oracle Cloud
1543888896,1543892991,Oracle Cloud
1543892992,1543895039,Oracle Cloud
1543895040,1543896063,Oracle Cloud
1543896576,1543896831,Oracle Cloud
1543896832,1543897087,Oracle Cloud
1565360128,1565368319,Amazon AWS
1579417600,1579548671,Amazon AWS
1579548672,1579679743,Amazon AWS
1593137152,1593139199,GitHub
1593141248,1593143295,GitHub
1593144672,1593144703,GitHub
1593144832,1593144959,GitHub
1593145472,1593145503,GitHub
1593145856,1593146111,GitHub
1593146256,1593146271,GitHub
1593146288,1593146303,GitHub
1596456960,1596588031,Amazon AWS
1599406336,1599406591,DigitalOcean
1599406592,1599406847,DigitalOcean
1599406848,1599407103,DigitalOcean
1599407104,1599407359,DigitalOcean
1599407360,1599407615,DigitalOcean
1599407616,1599407871,DigitalOcean
1599407872,1599408127,DigitalOcean
1599408128,1599408383,DigitalOcean
1599408384,1599408639,DigitalOcean
1599408640,1599408895,DigitalOcean
1599408896,1599409151,DigitalOcean
1599409152,1599409407,DigitalOcean
1599409408,1599409663,DigitalOcean
1599409664,1599409919,DigitalOcean
1599409920,1599410175,DigitalOcean
1599410176,1599410431,DigitalOcean
1599410432,1599410687,DigitalOcean
1599410688,1599410943,DigitalOcean
1599410944,1599411199,DigitalOcean
1599411200,1599411455,DigitalOcean
1599411456,1599411711,DigitalOcean
1599411712,1599411967,DigitalOcean
1599411968,1599412223,DigitalOcean
1599412224,1599412479,DigitalOcean
1599412480,1599412735,DigitalOcean
1599412736,1599412991,DigitalOcean
1599412992,1599413247,DigitalOcean
1599413248,1599413503,DigitalOcean
1599413504,1599413759,DigitalOcean
1599413760,1599414015,DigitalOcean
1599414016,1599414271,DigitalOcean
1599414272,1599414527,DigitalOcean
1599414528,1599414783,DigitalOcean
1599414784,1599415039,DigitalOcean
1599415040,1599415295,DigitalOcean
1599415296,1599415551,DigitalOcean
1599415552,1599415807,DigitalOcean
1599415808,1599416063,DigitalOcean
1599416064,1599416319,DigitalOcean
1599416320,1599416575,DigitalOcean
1599416576,1599416831,DigitalOcean
1599416832,1599417087,DigitalOcean
1599417088,1599417343,DigitalOcean
1599417344,1599417599,DigitalOcean
1599417600,1599417855,DigitalOcean
1599417856,1599418111,DigitalOcean
1599418112,1599418367,DigitalOcean
1599418368,1599418623,DigitalOcean
1599418624,1599418879,DigitalOcean
1599418880,1599419135,DigitalOcean
1599419136,1599419391,DigitalOcean
1599419392,1599419647,DigitalOcean
1599419648,1599419903,DigitalOcean
1599419904,1599420159,DigitalOcean
1599420160,1599420415,DigitalOcean
1599420416,1599420671,DigitalOcean
1599420672,1599420927,DigitalOcean
1599420928,1599421183,DigitalOcean
1599421184,1599421439,DigitalOcean
1599421440,1599421695,DigitalOcean
1599421696,1599421951,DigitalOcean
1599421952,1599422207,DigitalOcean
1599422208,1599422463,DigitalOcean
1610612736,1610614783,Amazon AWS
1610614784,1610615807,Amazon AWS
1610615808,1610616831,Amazon AWS
1610616832,1610618879,Amazon AWS
1610618880,1610620927,Amazon AWS
1610620928,1610621951,Amazon AWS
1610621952,1610622975,Amazon AWS
1610622976,1610625023,Amazon AWS
1610625024,1610627071,Amazon AWS
1610627072,1610628095,Amazon AWS
1610628096,1610629119,Amazon AWS
1610629120,1610631167,Amazon AWS
1610631168,1610633215,Amazon AWS
1610633216,1610634239,Amazon AWS
1610634240,1610635263,Amazon AWS
1610635264,1610636287,Amazon AWS
1610636288,1610636799,Amazon AWS
1610636800,1610637311,Amazon AWS
1610637312,1610638335,Amazon AWS
1610638336,1610638847,Amazon AWS
1610638848,1610639359,Amazon AWS
1610639360,1610640383,Amazon AWS
1610640384,1610640639,Amazon AWS
1610640896,1610641407,Amazon AWS
1610641408,1610643455,Amazon AWS
1610643456,1610645503,Amazon AWS
1610645504,1610646015,Amazon AWS
1610646016,1610646271,Amazon AWS
1610646272,1610646527,Amazon AWS
1610646528,1610647551,Amazon AWS
1610647552,1610649599,Amazon AWS
1610649600,1610651647,Amazon AWS
1610651648,1610653695,Amazon AWS
1610653696,1610657791,Amazon AWS
1610657792,1610658815,Amazon AWS
1610658816,1610659839,Amazon AWS
1610659840,1610660863,Amazon AWS
1618894848,1618895103,Linode
1618895104,1618895359,Linode
1618895360,1618895615,Linode
1618895616,1618895871,Linode
1618895872,1618896127,Linode
1618896128,1618896383,Linode
1618896384,1618896639,Linode
1618896640,1618896895,Linode
1618896896,1618897151,Linode
1618897152,1618897407,Linode
1618897408,1618897663,Linode
1618897664,1618897919,Linode
1618897920,1618898175,Linode
1618898176,1618898431,Linode
1618898432,1618898687,Linode
1618898688,1618898943,Linode
1618898944,1618899199,Linode
1618899200,1618899455,Linode
1618899456,1618899711,Linode
1618899712,1618899967,Linode
1618899968,1618900223,Linode
1618900224,1618900479,Linode
1618900480,1618900735,Linode
1618900736,1618900991,Linode
1618900992,1618901247,Linode
1618901248,1618901503,Linode
1618901504,1618901759,Linode
1618901760,1618902015,Linode
1618902016,1618902271,Linode
1618902272,1618902527,Linode
1618902528,1618902783,Linode
1618902784,1618903039,Linode
1618935808,1618968575,Amazon AWS
1618965504,1618966015,Amazon AWS
1634435072,1634435327,Linode
1634435328,1634435583,Linode
1634435584,1634435839,Linode
1634435840,1634436095,Linode
1634436096,1634436351,Linode
1634436352,1634436607,Linode
1634436608,1634436863,Linode
1634436864,1634437119,Linode
1634437120,1634437375,Linode
1634437376,1634437631,Linode
1634437632,1634437887,Linode
1634437888,1634438143,Linode
1634438144,1634438399,Linode
1634438400,1634438655,Linode
1634438656,1634438911,Linode
1648361472,1648427007,GitHub
1648820224,1648852991,GitHub
1648852992,1648885759,GitHub
1649410048,1649934335,Amazon AWS
1649459968,1649460095,Amazon AWS
1649470976,1649471487,Amazon AWS
1649569040,1649569055,Amazon AWS
1649569152,1649569279,Amazon AWS
1649577472,1649577727,Amazon AWS
1649580544,1649581055,Amazon AWS
1649581056,1649581567,Amazon AWS
1649581568,1649582079,Amazon AWS
1649582080,1649582591,Amazon AWS
1649912320,1649912831,Amazon AWS
1649912832,1649913343,Amazon AWS
1649913344,1649913855,Amazon AWS
1649934336,1650458623,Amazon AWS
1649937920,1649938431,Amazon AWS
1650081280,1650081791,Amazon AWS
1652686848,1652752383,Amazon AWS
1652689920,1652690431,Amazon AWS
1652752384,1652817919,Amazon AWS
1661599744,1661616127,Amazon AWS
1665990656,1665994751,Amazon AWS
1665994752,1665996799,Amazon AWS
1665996800,1665997823,Amazon AWS
1665997824,1665998847,Amazon AWS
1665998848,1666002943,Amazon AWS
1666002944,1666004991,Amazon AWS
1666004736,1666004736,Amazon AWS
1666004737,1666004737,Amazon AWS
1666004738,1666004738,Amazon AWS
1666004739,1666004739,Amazon AWS
1666004748,1666004748,Amazon AWS
1666004749,1666004749,Amazon AWS
1666004750,1666004750,Amazon AWS
1666004751,1666004751,Amazon AWS
1666004760,1666004760,Amazon AWS
1666004761,1666004761,Amazon AWS
1666004762,1666004762,Amazon AWS
1666004763,1666004763,Amazon AWS
1666004768,1666004768,Amazon AWS
1666004769,1666004769,Amazon AWS
1666004770,1666004770,Amazon AWS
1666004771,1666004771,Amazon AWS
1666004772,1666004772,Amazon AWS
1666004773,1666004773,Amazon AWS
1666004774,1666004774,Amazon AWS
1666004775,1666004775,Amazon AWS
1666004776,1666004776,Amazon AWS
1666004777,1666004777,Amazon AWS
1666004778,1666004778,Amazon AWS
1666004779,1666004779,Amazon AWS
1666004780,1666004780,Amazon AWS
1666004781,1666004781,Amazon AWS
1666004782,1666004782,Amazon AWS
1666004783,1666004783,Amazon AWS
1666004785,1666004785,Amazon AWS
1666004786,1666004786,Amazon AWS
1666004787,1666004787,Amazon AWS
1666004788,1666004788,Amazon AWS
1666004789,1666004789,Amazon AWS
1666004790,1666004790,Amazon AWS
1666004791,1666004791,Amazon AWS
1666004792,1666004792,Amazon AWS
1666004989,1666004989,Amazon AWS
1666004990,1666004990,Amazon AWS
1666004991,1666004991,Amazon AWS
1666004992,1666007039,Amazon AWS
1666023424,1666023679,Amazon AWS
1666023424,1666039807,Amazon AWS
1666023680,1666023935,Amazon AWS
1666023936,1666024191,Amazon AWS
1666024192,1666024447,Amazon AWS
1666024448,1666024703,Amazon AWS
1666024704,1666024959,Amazon AWS
1666024960,1666025215,Amazon AWS
1666025216,1666025471,Amazon AWS
1666025472,1666025727,Amazon AWS
1666025728,1666025983,Amazon AWS
1666025984,1666026239,Amazon AWS
1666026240,1666026495,Amazon AWS
1666026496,1666026751,Amazon AWS
1666026752,1666027007,Amazon AWS
1666027008,1666027263,Amazon AWS
1666027264,1666027519,Amazon AWS
1666027520,1666027775,Amazon AWS
1666027776,1666028031,Amazon AWS
1666028288,1666028543,Amazon AWS
1666028544,1666028799,Amazon AWS
1666028800,1666029055,Amazon AWS
1666029056,1666029311,Amazon AWS
1666029312,1666029567,Amazon AWS
1666029568,1666029823,Amazon AWS
1666029824,1666030079,Amazon AWS
1666030080,1666030335,Amazon AWS
1666030336,1666030591,Amazon AWS
1666030592,1666030847,Amazon AWS
1666030848,1666031103,Amazon AWS
1666031104,1666031359,Amazon AWS
1666031360,1666031615,Amazon AWS
1666031616,1666031871,Amazon AWS
1666031872,1666032127,Amazon AWS
1666032128,1666032383,Amazon AWS
1666032384,1666032639,Amazon AWS
1666037504,1666037759,Amazon AWS
1666037760,1666038015,Amazon AWS
1666038272,1666038527,Amazon AWS
1666038528,1666038783,Amazon AWS
1666038784,1666039039,Amazon AWS
1666039040,1666039295,Amazon AWS
1666039296,1666039551,Amazon AWS
1666039552,1666039807,Amazon AWS
1666050048,1666050303,Amazon AWS
1666050304,1666050559,Amazon AWS
1666050560,1666050815,Amazon AWS
1666050816,1666051071,Amazon AWS
1666051072,1666051327,Amazon AWS
1666051328,1666051583,Amazon AWS
1666051584,1666051839,Amazon AWS
1666051840,1666052095,Amazon AWS
1666052096,1666052351,Amazon AWS
1666052352,1666052607,Amazon AWS
1666052608,1666052863,Amazon AWS
1666052864,1666053119,Amazon AWS
1666053120,1666053375,Amazon AWS
1666053376,1666053631,Amazon AWS
1666053632,1666053887,Amazon AWS
1666053888,1666054143,Amazon AWS
1666054144,1666054399,Amazon AWS
1666054400,1666054655,Amazon AWS
1666054656,1666054911,Amazon AWS
1666054912,1666055167,Amazon AWS
1666055168,1666055423,Amazon AWS
1666055424,1666055679,Amazon AWS
1666055680,1666055935,Amazon AWS
1666088960,1666093055,Amazon AWS
1666093056,1666095103,Amazon AWS
1666095104,1666096127,Amazon AWS
1666096128,1666097151,Amazon AWS
1666097152,1666099199,Amazon AWS
1666099200,1666099711,Amazon AWS
1666099712,1666100223,Amazon AWS
1666100224,1666100479,Amazon AWS
1666101248,1666103295,Amazon AWS
1666103296,1666104319,Amazon AWS
1666104320,1666105343,Amazon AWS
1666105344,1666106367,Amazon AWS
1666106368,1666107391,Amazon AWS
1666109440,1666110463,Amazon AWS
1666110464,1666111487,Amazon AWS
1666111488,1666112511,Amazon AWS
1666112512,1666112543,Amazon AWS
1666112544,1666112575,Amazon AWS
1666112577,1666112577,Amazon AWS
1666112578,1666112578,Amazon AWS
1666112608,1666112639,Amazon AWS
1666112640,1666112671,Amazon AWS
1666112672,1666112703,Amazon AWS
1666114560,1666115583,Amazon AWS
1666115584,1666117631,Amazon AWS
1666117371,1666117371,Amazon AWS
1666117373,1666117373,Amazon AWS
1666117375,1666117375,Amazon AWS
1666117632,1666121727,Amazon AWS
1666121728,1666187263,Amazon AWS
1666127040,1666127071,Amazon AWS
1666127072,1666127103,Amazon AWS
1666130432,1666130943,Amazon AWS
1666153984,1666154239,Amazon AWS
1666164992,1666165247,Amazon AWS
1666187264,1666318335,Amazon AWS
1666196016,1666196031,Amazon AWS
1666196032,1666196095,Amazon AWS
1666196096,1666196223,Amazon AWS
1666209792,1666209855,Amazon AWS
1666209856,1666209919,Amazon AWS
1666318336,1666319359,Amazon AWS
1666320384,1666322431,Amazon AWS
1666351104,1666355199,Amazon AWS
1666355200,1666357247,Amazon AWS
1666357248,1666358271,Amazon AWS
1666358272,1666359295,Amazon AWS
1666359296,1666359551,Amazon AWS
1666359552,1666359807,Amazon AWS
1666359808,1666360063,Amazon AWS
1666360064,1666360319,Amazon AWS
1666360320,1666360575,Amazon AWS
1666360576,1666360831,Amazon AWS
1666360832,1666361087,Amazon AWS
1666361088,1666361343,Amazon AWS
1666361344,1666361599,Amazon AWS
1666361600,1666361855,Amazon AWS
1666361856,1666362111,Amazon AWS
1666362112,1666362367,Amazon AWS
1666362368,1666362623,Amazon AWS
1666362624,1666362879,Amazon AWS
1666362880,1666363135,Amazon AWS
1666363136,1666363391,Amazon AWS
1666363392,1666365439,Amazon AWS
1666365440,1666366463,Amazon AWS
1666366464,1666367487,Amazon AWS
1666400256,1666402303,Amazon AWS
1666402304,1666403327,Amazon AWS
1666403328,1666404351,Amazon AWS
1666404352,1666405375,Amazon AWS
1666405376,1666406399,Amazon AWS
1666406400,1666408447,Amazon AWS
1666408448,1666408703,Amazon AWS
1666408704,1666408959,Amazon AWS
1666408960,1666409215,Amazon AWS
1666409216,1666409471,Amazon AWS
1666409472,1666409727,Amazon AWS
1666409728,1666409983,Amazon AWS
1666409984,1666410239,Amazon AWS
1666410240,1666410495,Amazon AWS
1666410496,1666410751,Amazon AWS
1666410752,1666411007,Amazon AWS
1666411008,1666411263,Amazon AWS
1666411264,1666411519,Amazon AWS
1666411520,1666411775,Amazon AWS
1666411776,1666412031,Amazon AWS
1666412544,1666414591,Amazon AWS
1666414592,1666415615,Amazon AWS
1666416640,1666449407,Amazon AWS
1666449408,1666514943,Amazon AWS
1666580480,1666646015,Amazon AWS
1666646016,1666647039,Amazon AWS
1666647040,1666648063,Amazon AWS
1666648064,1666650111,Amazon AWS
1666650112,1666654207,Amazon AWS
1666654208,1666655231,Amazon AWS
1670774784,1670776831,Amazon AWS
1670776832,1670778879,Amazon AWS
1670778880,1670780927,Amazon AWS
1670780928,1670782975,Amazon AWS
1670782976,1670785023,Amazon AWS
1670785024,1670787071,Amazon AWS
1670787072,1670789119,Amazon AWS
1670789120,1670791167,Amazon AWS
1670791168,1670793215,Amazon AWS
1670793216,1670795263,Amazon AWS
1670795264,1670797311,Amazon AWS
1670797312,1670799359,Amazon AWS
1670799360,1670801407,Amazon AWS
1670801408,1670803455,Amazon AWS
1670803456,1670805503,Amazon AWS
1670805504,1670807551,Amazon AWS
1670856704,1670858751,Amazon AWS
1670858752,1670860799,Amazon AWS
1670860800,1670862847,Amazon AWS
1670862848,1670864895,Amazon AWS
1670864896,1670866943,Amazon AWS
1670866944,1670868991,Amazon AWS
1670868992,1670871039,Amazon AWS
1670871040,1670873087,Amazon AWS
1670873088,1670875135,Amazon AWS
1670875136,1670877183,Amazon AWS
1670877184,1670879231,Amazon AWS
1670879232,1670881279,Amazon AWS
1670881280,1670883327,Amazon AWS
1670883328,1670885375,Amazon AWS
1670887424,1670887935,Amazon AWS
1670887936,1670888447,Amazon AWS
1670888448,1670888959,Amazon AWS
1670888960,1670889471,Amazon AWS
1672822784,1672839167,Amazon AWS
1674051584,1674575871,Amazon AWS
1679032320,1679294463,Amazon AWS
1679294464,1679818751,Amazon AWS
1679552000,1679552511,Amazon AWS
1679609344,1679609599,Amazon AWS
1679609856,1679610367,Amazon AWS
1680867328,1681915903,Amazon AWS
1680881152,1680881663,Amazon AWS
1680983552,1680984063,Amazon AWS
1681171456,1681171967,Amazon AWS
1681282048,1681282559,Amazon AWS
1681358848,1681359359,Amazon AWS
1681645568,1681645695,Amazon AWS
1728265216,1728265471,Linode
1728265472,1728265727,Linode
1728265728,1728265983,Linode
1728265984,1728266239,Linode
1728317440,1728319487,Amazon AWS
1728621568,1728622591,Amazon AWS
1728953344,1728953599,Amazon AWS
1728953600,1728953855,Amazon AWS
1729491968,1729492991,Cloudflare
1729546240,1729547263,Cloudflare
1729971200,1729971455,Linode
1729971456,1729971711,Linode
1729971712,1729971967,Linode
1729971968,1729972223,Linode
1730085888,1730086911,Cloudflare
1731538944,1731539967,Amazon AWS
1744056832,1744057087,Fastly
1744166400,1744166911,Fastly
1744166912,1744167167,Fastly
1744212992,1744213503,Amazon AWS
1744213504,1744214015,Amazon AWS
1744670976,1744671231,DigitalOcean
1744671232,1744671487,DigitalOcean
1744671488,1744671743,DigitalOcean
1745879040,1746403327,Cloudflare
1746403328,1746665471,Cloudflare
1747451904,1747484671,GitHub
1747484672,1747517439,GitHub
1747533824,1747550207,GitHub
1747550208,1747558399,GitHub
1747566592,1747582975,GitHub
1747582976,1747648511,GitHub
1747681280,1747714047,GitHub
1747736576,1747736607,GitHub
1747736608,1747736639,GitHub
1747736640,1747736671,GitHub
1747736672,1747736703,GitHub
1747736704,1747736735,GitHub
1747736736,1747736767,GitHub
1747736832,1747736863,GitHub
1747736896,1747736927,GitHub
1747736928,1747736959,GitHub
1747736960,1747736991,GitHub
1747736992,1747737023,GitHub
1747737024,1747737055,GitHub
1747737280,1747737311,GitHub
1747737344,1747737375,GitHub
1747737376,1747737407,GitHub
1747737408,1747737439,GitHub
1747737440,1747737471,GitHub
1747737472,1747737503,GitHub
1747737504,1747737535,GitHub
1747737664,1747737695,GitHub
1747737696,1747737727,GitHub
1747737792,1747737823,GitHub
1747737824,1747737855,GitHub
1747737856,1747737887,GitHub
1747737888,1747737919,GitHub
1747737920,1747737951,GitHub
1747738016,1747738047,GitHub
1747738048,1747738079,GitHub
1747738112,1747738127,GitHub
1747738128,1747738143,GitHub
1747738144,1747738159,GitHub
1747738160,1747738175,GitHub
1747738176,1747738191,GitHub
1747738192,1747738207,GitHub
1747738272,1747738303,GitHub
1747738368,1747738383,GitHub
1747738384,1747738399,GitHub
1747738400,1747738415,GitHub
1747738448,1747738463,GitHub
1747738464,1747738479,GitHub
1747738496,1747738527,GitHub
1747738528,1747738559,GitHub
1747738608,1747738623,GitHub
1747746816,1747763199,GitHub
1747779584,1747795967,GitHub
1747795968,1747800063,GitHub
1747800064,1747804159,GitHub
1747804160,1747812351,GitHub
1747812352,1747828735,GitHub
1747828736,1747832831,GitHub
1747832832,1747836927,GitHub
1747836928,1747845119,GitHub
1747845120,1747847167,GitHub
1747847168,1747849215,GitHub
1747853312,1747861503,GitHub
1747861504,1747869695,GitHub
1747869696,1747877887,GitHub
1747894272,1747898367,GitHub
1747943424,1747959807,GitHub
1747961856,1747963903,GitHub
1747963904,1747964415,GitHub
1747966016,1747966079,GitHub
1747966464,1747966975,GitHub
1747966976,1747967999,GitHub
1747968000,1747972095,GitHub
1749024768,1749025023,Linode
1749025024,1749025279,Linode
1749025280,1749025535,Linode
1749025536,1749025791,Linode
1749025792,1749026047,Linode
1749026048,1749026303,Linode
1749026304,1749026559,Linode
1749026560,1749026815,Linode
1749026816,1749027071,Linode
1749027072,1749027327,Linode
1749027328,1749027583,Linode
1749027584,1749027839,Linode
1749027840,1749028095,Linode
1749028096,1749028351,Linode
1749028352,1749028607,Linode
1749028608,1749028863,Linode
1749028864,1749029119,Linode
1749029120,1749029375,Linode
1749029376,1749029631,Linode
1749029632,1749029887,Linode
1749029888,1749030143,Linode
1749030144,1749030399,Linode
1749030400,1749030655,Linode
1749030656,1749030911,Linode
1749030912,1749031167,Linode
1749031168,1749031423,Linode
1749031424,1749031679,Linode
1749031680,1749031935,Linode
1749031936,1749032191,Linode
1749032192,1749032447,Linode
1749032448,1749032703,Linode
1749032704,1749032959,Linode
1749032960,1749033215,Linode
1749033216,1749033471,Linode
1749033472,1749033727,Linode
1749033728,1749033983,Linode
1749033984,1749034239,Linode
1749034240,1749034495,Linode
1749034496,1749034751,Linode
1749034752,1749035007,Linode
1749035008,1749035263,Linode
1749035264,1749035519,Linode
1749035520,1749035775,Linode
1749035776,1749036031,Linode
1749036032,1749036287,Linode
1749036288,1749036543,Linode
1749036544,1749036799,Linode
1749036800,1749037055,Linode
1749037056,1749037311,Linode
1749037312,1749037567,Linode
1749037568,1749037823,Linode
1749037824,1749038079,Linode
1749038080,1749038335,Linode
1749038336,1749038591,Linode
1749038592,1749038847,Linode
1749038848,1749039103,Linode
1749039104,1749039359,Linode
1749039360,1749039615,Linode
1749039616,1749039871,Linode
1749039872,1749040127,Linode
1749040128,1749040383,Linode
1749040384,1749040639,Linode
1749040640,1749040895,Linode
1749040896,1749041151,Linode
1749041152,1749041407,Linode
1749041408,1749041663,Linode
1749041664,1749041919,Linode
1749041920,1749042175,Linode
1749042176,1749042431,Linode
1749042432,1749042687,Linode
1749042688,1749042943,Linode
1749042944,1749043199,Linode
1749043200,1749043455,Linode
1749043456,1749043711,Linode
1749043712,1749043967,Linode
1749043968,1749044223,Linode
1749044224,1749044479,Linode
1749044480,1749044735,Linode
1749044736,1749044991,Linode
1749044992,1749045247,Linode
1749045248,1749045503,Linode
1749045504,1749045759,Linode
1749045760,1749046015,Linode
1749046016,1749046271,Linode
1749046272,1749046527,Linode
1749046528,1749046783,Linode
1749046784,1749047039,Linode
1749047040,1749047295,Linode
1749047296,1749047551,Linode
1749047552,1749047807,Linode
1749047808,1749048063,Linode
1749048064,1749048319,Linode
1749048320,1749048575,Linode
1749048576,1749048831,Linode
1749048832,1749049087,Linode
1749049088,1749049343,Linode
1749049344,1749049599,Linode
1749049600,1749049855,Linode
1749049856,1749050111,Linode
1749050112,1749050367,Linode
1749050368,1749050623,Linode
1749050624,1749050879,Linode
1749050880,1749051135,Linode
1749051136,1749051391,Linode
1749051392,1749051647,Linode
1749051648,1749051903,Linode
1749051904,1749052159,Linode
1749052160,1749052415,Linode
1749052416,1749052671,Linode
1749052672,1749052927,Linode
1749052928,1749053183,Linode
1749053184,1749053439,Linode
1749053440,1749053695,Linode
1749053696,1749053951,Linode
1749053952,1749054207,Linode
1749054208,1749054463,Linode
1749054464,1749054719,Linode
1749054720,1749054975,Linode
1749054976,1749055231,Linode
1749055232,1749055487,Linode
1749055488,1749055743,Linode
1749055744,1749055999,Linode
1749056000,1749056255,Linode
1749056256,1749056511,Linode
1749056512,1749056767,Linode
1749056768,1749057023,Linode
1749057024,1749057279,Linode
1749057280,1749057535,Linode
1749057536,1749057791,Linode
1749057792,1749058047,Linode
1749058048,1749058303,Linode
1749058304,1749058559,Linode
1749058560,1749058815,Linode
1749058816,1749059071,Linode
1749059072,1749059327,Linode
1749059328,1749059583,Linode
1749059584,1749059839,Linode
1749059840,1749060095,Linode
1749060096,1749060351,Linode
1749060352,1749060607,Linode
1749060608,1749060863,Linode
1749060864,1749061119,Linode
1749061120,1749061375,Linode
1749061376,1749061631,Linode
1749061632,1749061887,Linode
1749061888,1749062143,Linode
1749062144,1749062399,Linode
1749062400,1749062655,Linode
1749062656,1749062911,Linode
1749062912,1749063167,Linode
1749063168,1749063423,Linode
1749063424,1749063679,Linode
1749063680,1749063935,Linode
1749063936,1749064191,Linode
1749064192,1749064447,Linode
1749064448,1749064703,Linode
1749064704,1749064959,Linode
1749064960,1749065215,Linode
1749065216,1749065471,Linode
1749065472,1749065727,Linode
1749065728,1749065983,Linode
1749065984,1749066239,Linode
1749066240,1749066495,Linode
1749066496,1749066751,Linode
1749066752,1749067007,Linode
1749067008,1749067263,Linode
1749067264,1749067519,Linode
1749067520,1749067775,Linode
1749067776,1749068031,Linode
1749068032,1749068287,Linode
1749068288,1749068543,Linode
1749068544,1749068799,Linode
1749068800,1749069055,Linode
1749069056,1749069311,Linode
1749069312,1749069567,Linode
1749069568,1749069823,Linode
1749069824,1749070079,Linode
1749070080,1749070335,Linode
1749070336,1749070591,Linode
1749070592,1749070847,Linode
1749070848,1749071103,Linode
1749071104,1749071359,Linode
1749071360,1749071615,Linode
1749071616,1749071871,Linode
1749071872,1749072127,Linode
1749072128,1749072383,Linode
1749072384,1749072639,Linode
1749072640,1749072895,Linode
1749072896,1749073151,Linode
1749073152,1749073407,Linode
1749073408,1749073663,Linode
1749073664,1749073919,Linode
1749073920,1749074175,Linode
1749074176,1749074431,Linode
1749074432,1749074687,Linode
1749074688,1749074943,Linode
1749074944,1749075199,Linode
1749075200,1749075455,Linode
1749075456,1749075711,Linode
1749075712,1749075967,Linode
1749075968,1749076223,Linode
1749076224,1749076479,Linode
1749076480,1749076735,Linode
1749076736,1749076991,Linode
1749076992,1749077247,Linode
1749077248,1749077503,Linode
1749077504,1749077759,Linode
1749077760,1749078015,Linode
1749078016,1749078271,Linode
1749078272,1749078527,Linode
1749078528,1749078783,Linode
1749078784,1749079039,Linode
1749079040,1749079295,Linode
1749079296,1749079551,Linode
1749079552,1749079807,Linode
1749079808,1749080063,Linode
1749080064,1749080319,Linode
1749080320,1749080575,Linode
1749080576,1749080831,Linode
1749080832,1749081087,Linode
1749081088,1749081343,Linode
1749081344,1749081599,Linode
1749081600,1749081855,Linode
1749081856,1749082111,Linode
1749082112,1749090303,Linode
1749188608,1749188863,Linode
1749188864,1749189119,Linode
1749189120,1749189375,Linode
1749189376,1749189631,Linode
1749189632,1749189887,Linode
1749189888,1749190143,Linode
1749190144,1749190399,Linode
1749190400,1749190655,Linode
1749190656,1749190911,Linode
1749190912,1749191167,Linode
1749191168,1749191423,Linode
1749191424,1749191679,Linode
1749191680,1749191935,Linode
1749191936,1749192191,Linode
1749192192,1749192447,Linode
1749192448,1749192703,Linode
1749192704,1749192959,Linode
1749192960,1749193215,Linode
1749193216,1749193471,Linode
1749193472,1749193727,Linode
1749193728,1749193983,Linode
1749193984,1749194239,Linode
1749194240,1749194495,Linode
1749194496,1749194751,Linode
1749194752,1749195007,Linode
1749195008,1749195263,Linode
1749195264,1749195519,Linode
1749195520,1749195775,Linode
1749195776,1749196031,Linode
1749196032,1749196287,Linode
1749196288,1749196543,Linode
1749196544,1749196799,Linode
1749196800,1749197055,Linode
1749197056,1749197311,Linode
1749197312,1749197567,Linode
1749197568,1749197823,Linode
1749197824,1749198079,Linode
1749198080,1749198335,Linode
1749198336,1749198591,Linode
1749198592,1749198847,Linode
1749198848,1749199103,Linode
1749199104,1749199359,Linode
1749199360,1749199615,Linode
1749199616,1749199871,Linode
1749199872,1749200127,Linode
1749200128,1749200383,Linode
1749200384,1749200639,Linode
1749200640,1749200895,Linode
1749200896,1749201151,Linode
1749201152,1749201407,Linode
1749201408,1749201663,Linode
1749201664,1749201919,Linode
1749201920,1749202175,Linode
1749202176,1749202431,Linode
1749202432,1749202687,Linode
1749202688,1749202943,Linode
1749202944,1749203199,Linode
1749203200,1749203455,Linode
1749203456,1749203711,Linode
1749203712,1749203967,Linode
1749203968,1749204223,Linode
1749204224,1749204479,Linode
1749204480,1749204735,Linode
1749204736,1749204991,Linode
1749204992,1749205247,Linode
1749205248,1749205503,Linode
1749205504,1749205759,Linode
1749205760,1749206015,Linode
1749206016,1749206271,Linode
1749206272,1749206527,Linode
1749206528,1749206783,Linode
1749206784,1749207039,Linode
1749207040,1749207295,Linode
1749207296,1749207551,Linode
1749207552,1749207807,Linode
1749207808,1749208063,Linode
1749208064,1749208319,Linode
1749208320,1749208575,Linode
1749208576,1749208831,Linode
1749208832,1749209087,Linode
1749209088,1749209343,Linode
1749209344,1749209599,Linode
1749209600,1749209855,Linode
1749209856,1749210111,Linode
1749210112,1749210367,Linode
1749210368,1749210623,Linode
1749210624,1749210879,Linode
1749210880,1749211135,Linode
1749211136,1749211391,Linode
1749211392,1749211647,Linode
1749211648,1749211903,Linode
1749211904,1749212159,Linode
1749212160,1749212415,Linode
1749212416,1749212671,Linode
1749212672,1749212927,Linode
1749212928,1749213183,Linode
1749221376,1749221631,Linode
1749221632,1749221887,Linode
1749221888,1749222143,Linode
1749222144,1749222399,Linode
1749222400,1749222655,Linode
1749222656,1749222911,Linode
1749222912,1749223167,Linode
1749223168,1749223423,Linode
1749223424,1749223679,Linode
1749223680,1749223935,Linode
1749223936,1749224191,Linode
1749224192,1749224447,Linode
1749224448,1749224703,Linode
1749224704,1749224959,Linode
1749224960,1749225215,Linode
1749225216,1749225471,Linode
1749225472,1749225727,Linode
1749225728,1749225983,Linode
1749225984,1749226239,Linode
1749226240,1749226495,Linode
1749226496,1749226751,Linode
1749226752,1749227007,Linode
1749227008,1749227263,Linode
1749227264,1749227519,Linode
1749227520,1749227775,Linode
1749227776,1749228031,Linode
1749228032,1749228287,Linode
1749228288,1749228543,Linode
1749228544,1749228799,Linode
1749228800,1749229055,Linode
1749229056,1749229311,Linode
1749229312,1749229567,Linode
1749229568,1749229823,Linode
1749229824,1749230079,Linode
1749230080,1749230335,Linode
1749230336,1749230591,Linode
1749230592,1749230847,Linode
1749230848,1749231103,Linode
1749231104,1749231359,Linode
1749231360,1749231615,Linode
1749231616,1749231871,Linode
1749231872,1749232127,Linode
1749232128,1749232383,Linode
1749232384,1749232639,Linode
1749232640,1749232895,Linode
1749232896,1749233151,Linode
1749233152,1749233407,Linode
1749233408,1749233663,Linode
1749233664,1749233919,Linode
1749233920,1749234175,Linode
1749234176,1749234431,Linode
1749234432,1749234687,Linode
1749234688,1749234943,Linode
1749234944,1749235199,Linode
1749235200,1749235455,Linode
1749235456,1749235711,Linode
1749235712,1749235967,Linode
1749235968,1749236223,Linode
1749236224,1749236479,Linode
1749236480,1749236735,Linode
1749236736,1749236991,Linode
1749236992,1749237247,Linode
1749237248,1749237503,Linode
1749237504,1749237759,Linode
1751711744,1751711999,Linode
1751712000,1751712255,Linode
1751712256,1751712511,Linode
1751712512,1751712767,Linode
1751712768,1751713023,Linode
1751713024,1751713279,Linode
1751713280,1751713535,Linode
1751713536,1751713791,Linode
1751713792,1751714047,Linode
1751714048,1751714303,Linode
1751714304,1751714559,Linode
1751714560,1751714815,Linode
1751714816,1751715071,Linode
1751715072,1751715327,Linode
1751715328,1751715583,Linode
1751715584,1751715839,Linode
1751715840,1751716095,Linode
1751716096,1751716351,Linode
1751716352,1751716607,Linode
1751716608,1751716863,Linode
1751716864,1751717119,Linode
1751717120,1751717375,Linode
1751717376,1751717631,Linode
1751717632,1751717887,Linode
1751717888,1751718143,Linode
1751718144,1751718399,Linode
1751718400,1751718655,Linode
1751718656,1751718911,Linode
1751718912,1751719167,Linode
1751719168,1751719423,Linode
1751719424,1751719679,Linode
1751719680,1751719935,Linode
1751719936,1751720191,Linode
1751720192,1751720447,Linode
1751720448,1751720703,Linode
1751720704,1751720959,Linode
1751720960,1751721215,Linode
1751721216,1751721471,Linode
1751721472,1751721727,Linode
1751721728,1751721983,Linode
1751721984,1751722239,Linode
1751722240,1751722495,Linode
1751722496,1751722751,Linode
1751722752,1751723007,Linode
1751723008,1751723263,Linode
1751723264,1751723519,Linode
1751723520,1751723775,Linode
1751723776,1751724031,Linode
1751724032,1751724287,Linode
1751724288,1751724543,Linode
1751724544,1751724799,Linode
1751724800,1751725055,Linode
1751725056,1751725311,Linode
1751725312,1751725567,Linode
1751725568,1751725823,Linode
1751725824,1751726079,Linode
1751726080,1751726335,Linode
1751726336,1751726591,Linode
1751726592,1751726847,Linode
1751726848,1751727103,Linode
1751727104,1751727359,Linode
1751727360,1751727615,Linode
1751727616,1751727871,Linode
1751727872,1751728127,Linode
1751728128,1751728383,Linode
1751728384,1751728639,Linode
1751728640,1751728895,Linode
1751728896,1751729151,Linode
1751729152,1751729407,Linode
1751729408,1751729663,Linode
1751729664,1751729919,Linode
1751729920,1751730175,Linode
1751730176,1751730431,Linode
1751730432,1751730687,Linode
1751730688,1751730943,Linode
1751730944,1751731199,Linode
1751731200,1751731455,Linode
1751731456,1751731711,Linode
1751731712,1751731967,Linode
1751731968,1751732223,Linode
1751732224,1751732479,Linode
1751732480,1751732735,Linode
1751732736,1751732991,Linode
1751732992,1751733247,Linode
1751733248,1751733503,Linode
1751733504,1751733759,Linode
1751733760,1751734015,Linode
1751734016,1751734271,Linode
1751734272,1751734527,Linode
1751734528,1751734783,Linode
1751734784,1751735039,Linode
1751735040,1751735295,Linode
1751735296,1751735551,Linode
1751735552,1751735807,Linode
1751735808,1751736063,Linode
1751736064,1751736319,Linode
1751736320,1751736575,Linode
1751736576,1751736831,Linode
1751736832,1751737087,Linode
1751737088,1751737343,Linode
1751737344,1751737599,Linode
1751737600,1751737855,Linode
1751737856,1751738111,Linode
1751738112,1751738367,Linode
1751738368,1751738623,Linode
1751738624,1751738879,Linode
1751738880,1751739135,Linode
1751739136,1751739391,Linode
1751739392,1751739647,Linode
1751739648,1751739903,Linode
1751739904,1751740159,Linode
1751740160,1751740415,Linode
1751740416,1751740671,Linode
1751740672,1751740927,Linode
1751740928,1751741183,Linode
1751741184,1751741439,Linode
1751741440,1751741695,Linode
1751741696,1751741951,Linode
1751741952,1751742207,Linode
1751742208,1751742463,Linode
1751742464,1751742719,Linode
1751742720,1751742975,Linode
1751742976,1751743231,Linode
1751743232,1751743487,Linode
1751743488,1751743743,Linode
1751743744,1751743999,Linode
1751744000,1751744255,Linode
1751744256,1751744511,Linode
1751744512,1751744767,Linode
1751744768,1751745023,Linode
1751745024,1751745279,Linode
1751745280,1751745535,Linode
1751745536,1751745791,Linode
1751745792,1751746047,Linode
1751746048,1751746303,Linode
1751746304,1751746559,Linode
1751746560,1751746815,Linode
1751746816,1751747071,Linode
1751747072,1751747327,Linode
1751747328,1751747583,Linode
1751747584,1751747839,Linode
1751747840,1751748095,Linode
1751748096,1751748351,Linode
1751748352,1751748607,Linode
1751748608,1751748863,Linode
1751748864,1751749119,Linode
1751749120,1751749375,Linode
1751749376,1751749631,Linode
1751749632,1751749887,Linode
1751749888,1751750143,Linode
1751750144,1751750399,Linode
1751750400,1751750655,Linode
1751750656,1751750911,Linode
1751750912,1751751167,Linode
1751751168,1751751423,Linode
1751751424,1751751679,Linode
1751751680,1751751935,Linode
1751751936,1751752191,Linode
1751752192,1751752447,Linode
1751752448,1751752703,Linode
1751752704,1751752959,Linode
1751752960,1751753215,Linode
1751753216,1751753471,Linode
1751753472,1751753727,Linode
1751753728,1751753983,Linode
1751753984,1751754239,Linode
1751754240,1751754495,Linode
1751754496,1751754751,Linode
1751754752,1751755007,Linode
1751755008,1751755263,Linode
1751755264,1751755519,Linode
1751755520,1751755775,Linode
1751755776,1751756031,Linode
1751756032,1751756287,Linode
1751756288,1751756543,Linode
1751756544,1751756799,Linode
1751756800,1751757055,Linode
1751757056,1751757311,Linode
1751757312,1751757567,Linode
1751757568,1751757823,Linode
1751757824,1751758079,Linode
1751758080,1751758335,Linode
1751758336,1751758591,Linode
1751758592,1751758847,Linode
1751758848,1751759103,Linode
1751759104,1751759359,Linode
1751759360,1751759615,Linode
1751759616,1751759871,Linode
1751759872,1751760127,Linode
1751760128,1751760383,Linode
1751760384,1751760639,Linode
1751760640,1751760895,Linode
1751760896,1751761151,Linode
1751761152,1751761407,Linode
1751761408,1751761663,Linode
1751761664,1751761919,Linode
1751761920,1751762175,Linode
1751762176,1751762431,Linode
1751762432,1751762687,Linode
1751762688,1751762943,Linode
1751762944,1751763199,Linode
1751763200,1751763455,Linode
1751763456,1751763711,Linode
1751763712,1751763967,Linode
1751763968,1751764223,Linode
1751764224,1751764479,Linode
1751764480,1751764735,Linode
1751764736,1751764991,Linode
1751764992,1751765247,Linode
1751765248,1751765503,Linode
1751765504,1751765759,Linode
1751765760,1751766015,Linode
1751766016,1751766271,Linode
1751766272,1751766527,Linode
1751766528,1751766783,Linode
1751766784,1751767039,Linode
1751767040,1751767295,Linode
1751767296,1751767551,Linode
1751767552,1751767807,Linode
1751767808,1751768063,Linode
1751768064,1751768319,Linode
1751768320,1751768575,Linode
1751768576,1751768831,Linode
1751768832,1751769087,Linode
1751769088,1751769343,Linode
1751769344,1751769599,Linode
1751769600,1751769855,Linode
1751769856,1751770111,Linode
1751770112,1751770367,Linode
1751770368,1751770623,Linode
1751770624,1751770879,Linode
1751770880,1751771135,Linode
1751771136,1751771391,Linode
1751771392,1751771647,Linode
1751771648,1751771903,Linode
1751771904,1751772159,Linode
1751772160,1751772415,Linode
1751772416,1751772671,Linode
1751772672,1751772927,Linode
1751772928,1751773183,Linode
1751773184,1751773439,Linode
1751773440,1751773695,Linode
1751773696,1751773951,Linode
1751773952,1751774207,Linode
1751774208,1751774463,Linode
1751774464,1751774719,Linode
1751774720,1751774975,Linode
1751774976,1751775231,Linode
1751775232,1751775487,Linode
1751775488,1751775743,Linode
1751775744,1751775999,Linode
1751776000,1751776255,Linode
1751776256,1751776511,Linode
1751776512,1751776767,Linode
1751776768,1751777023,Linode
1751777024,1751777279,Linode
1753415680,1753432063,DigitalOcean
1753432064,1753448447,DigitalOcean
1753448448,1753452543,DigitalOcean
1753452544,1753456639,DigitalOcean
1753456640,1753460735,DigitalOcean
1753460736,1753464831,DigitalOcean
1753464832,1753473023,DigitalOcean
1753473024,1753481215,DigitalOcean
1754886144,1754886399,Amazon AWS
1754886400,1754886655,Amazon AWS
1754886656,1754886911,Amazon AWS
1754886912,1754887167,Amazon AWS
1754887168,1754887423,Amazon AWS
1754887680,1754887935,Amazon AWS
1754923008,1755054079,Google
1754927104,1754931199,Google Cloud
1754931200,1754939391,Google Cloud
1754939392,1754947583,Google Cloud
1754947584,1754951679,Google Cloud
1754951936,1754952191,Google Cloud
1754952192,1754952703,Google Cloud
1754952704,1754953727,Google Cloud
1754953728,1754954239,Google Cloud
1754955776,1754988543,Google Cloud
1754988544,1755021311,Google Cloud
1755021312,1755037695,Google Cloud
1755037696,1755045887,Google Cloud
1755045888,1755049983,Google Cloud
1755074560,1755078655,Fastly
1757675520,1757691903,Google Cloud
1757675520,1757937663,Google
1757692160,1757692415,Google Cloud
1757692416,1757692927,Google Cloud
1757692928,1757693951,Google Cloud
1757700096,1757708287,Google Cloud
1757708288,1757724671,Google Cloud
1757724672,1757732863,Google Cloud
1757732864,1757741055,Google Cloud
1757741056,1757806591,Google Cloud
1757806592,1757810687,Google Cloud
1757810688,1757814783,Google Cloud
1757814784,1757822975,Google Cloud
1757822976,1757827071,Google Cloud
1757827072,1757831167,Google Cloud
1757831168,1757835263,Google Cloud
1757835264,1757839359,Google Cloud
1757839360,1757872127,Google Cloud
1757872128,1757888511,Google Cloud
1757889024,1757889535,Google Cloud
1757889536,1757890559,Google Cloud
1757890560,1757892607,Google Cloud
1757892608,1757896703,Google Cloud
1757896704,1757900799,Google Cloud
1757900800,1757904895,Google Cloud
1757904896,1757921279,Google Cloud
1757921280,1757929471,Google Cloud
1757929472,1757933567,Google Cloud
1757934080,1757934591,Google Cloud
1757934592,1757935615,Google Cloud
1757935616,1757937663,Google Cloud
1757941760,1757942015,Linode
1757942016,1757942271,Linode
1757942272,1757942527,Linode
1757942528,1757942783,Linode
1757942784,1757943039,Linode
1757943040,1757943295,Linode
1757943296,1757943551,Linode
1757943552,1757943807,Linode
1757943808,1757944063,Linode
1757944064,1757944319,Linode
1757944320,1757944575,Linode
1757944576,1757944831,Linode
1757944832,1757945087,Linode
1757945088,1757945343,Linode
1757945344,1757945599,Linode
1757945600,1757945855,Linode
1758461952,1758470143,GitHub
1758470144,1758474239,GitHub
1758494720,1758527487,GitHub
1758527488,1758543871,GitHub
1758560256,1758593023,GitHub
1758593024,1758597119,GitHub
1758601216,1758609407,GitHub
1758625792,1758633983,GitHub
1758638080,1758642175,GitHub
1758642176,1758650367,GitHub
1758658560,1758674943,GitHub
1758855168,1758887935,GitHub
1758904320,1758920703,GitHub
1758937088,1758953471,GitHub
1758986240,1759117311,Amazon AWS
1760296960,1760313343,DigitalOcean
1760313344,1760329727,DigitalOcean
1760329728,1760346111,DigitalOcean
1760346112,1760362495,DigitalOcean
1760395264,1760395519,Linode
1760395520,1760395775,Linode
1760395776,1760396031,Linode
1760396032,1760396287,Linode
1760396288,1760396543,Linode
1760396544,1760396799,Linode
1760396800,1760397055,Linode
1760397056,1760397311,Linode
1760397312,1760397567,Linode
1760397568,1760397823,Linode
1760397824,1760398079,Linode
1760398080,1760398335,Linode
1760398336,1760398591,Linode
1760398592,1760398847,Linode
1760398848,1760399103,Linode
1760399104,1760399359,Linode
1760399360,1760399615,Linode
1760399616,1760399871,Linode
1760399872,1760400127,Linode
1760400128,1760400383,Linode
1760400384,1760400639,Linode
1760400640,1760400895,Linode
1760400896,1760401151,Linode
1760401152,1760401407,Linode
1760401408,1760401663,Linode
1760401664,1760401919,Linode
1760401920,1760402175,Linode
1760402176,1760402431,Linode
1760402432,1760402687,Linode
1760402688,1760402943,Linode
1760402944,1760403199,Linode
1760403200,1760403455,Linode
1760403456,1760411647,Google
1761083392,1761087487,DigitalOcean
1761087488,1761091583,DigitalOcean
1761091584,1761095679,DigitalOcean
1761095680,1761099775,DigitalOcean
1761099776,1761103871,DigitalOcean
1761103872,1761107967,DigitalOcean
1761107968,1761108991,DigitalOcean
1761108992,1761110015,DigitalOcean
1761110016,1761111039,DigitalOcean
1761111040,1761112063,DigitalOcean
1761112064,1761116159,DigitalOcean
1761116160,1761120255,DigitalOcean
1761120256,1761124351,DigitalOcean
1761124352,1761128447,DigitalOcean
1761128448,1761132543,DigitalOcean
1761132544,1761136639,DigitalOcean
1761136640,1761140735,DigitalOcean
1761140736,1761144831,DigitalOcean
1761144832,1761148927,DigitalOcean
1761556480,1761556480,Amazon AWS
1761556483,1761556483,Amazon AWS
1761556491,1761556491,Amazon AWS
1761556492,1761556492,Amazon AWS
1761556495,1761556495,Amazon AWS
1761556496,1761556496,Amazon AWS
1761556497,1761556497,Amazon AWS
1761556498,1761556498,Amazon AWS
1761556499,1761556499,Amazon AWS
1761556500,1761556500,Amazon AWS
1761556503,1761556503,Amazon AWS
1761556504,1761556504,Amazon AWS
1761556505,1761556505,Amazon AWS
1761556506,1761556506,Amazon AWS
1761556507,1761556507,Amazon AWS
1761556508,1761556508,Amazon AWS
1761556509,1761556509,Amazon AWS
1761556529,1761556529,Amazon AWS
1761556530,1761556530,Amazon AWS
1761556531,1761556531,Amazon AWS
1761556532,1761556532,Amazon AWS
1761556535,1761556535,Amazon AWS
1761556536,1761556536,Amazon AWS
1761556537,1761556537,Amazon AWS
1761556540,1761556540,Amazon AWS
1761556543,1761556543,Amazon AWS
1761556544,1761556544,Amazon AWS
1761556545,1761556545,Amazon AWS
1761556546,1761556546,Amazon AWS
1761556547,1761556547,Amazon AWS
1761556548,1761556548,Amazon AWS
1761556736,1761556736,Amazon AWS
1761556777,1761556777,Amazon AWS
1761556834,1761556834,Amazon AWS
1761556836,1761556836,Amazon AWS
1761556837,1761556837,Amazon AWS
1761556838,1761556838,Amazon AWS
1761556839,1761556839,Amazon AWS
1761556900,1761556900,Amazon AWS
1761556901,1761556901,Amazon AWS
1761556902,1761556902,Amazon AWS
1761556903,1761556903,Amazon AWS
1761556904,1761556904,Amazon AWS
1761556905,1761556905,Amazon AWS
1761556906,1761556906,Amazon AWS
1761556907,1761556907,Amazon AWS
1761556908,1761556908,Amazon AWS
1761556909,1761556909,Amazon AWS
1761556910,1761556910,Amazon AWS
1761556911,1761556911,Amazon AWS
1761556912,1761556912,Amazon AWS
1761556913,1761556913,Amazon AWS
1761556914,1761556914,Amazon AWS
1761556915,1761556915,Amazon AWS
1761556992,1761556992,Amazon AWS
1761557035,1761557035,Amazon AWS
1761557036,1761557036,Amazon AWS
1761557055,1761557055,Amazon AWS
1761557076,1761557076,Amazon AWS
1761557083,1761557083,Amazon AWS
1761557228,1761557228,Amazon AWS
1761557229,1761557229,Amazon AWS
1761557230,1761557230,Amazon AWS
1761557231,1761557231,Amazon AWS
1761557329,1761557329,Amazon AWS
1761557330,1761557330,Amazon AWS
1761557331,1761557331,Amazon AWS
1761557333,1761557333,Amazon AWS
1761557334,1761557334,Amazon AWS
1761557335,1761557335,Amazon AWS
1761557336,1761557336,Amazon AWS
1761557339,1761557339,Amazon AWS
1761557349,1761557349,Amazon AWS
1761557350,1761557350,Amazon AWS
1761557351,1761557351,Amazon AWS
1761557352,1761557352,Amazon AWS
1761557353,1761557353,Amazon AWS
1761557354,1761557354,Amazon AWS
1761557362,1761557362,Amazon AWS
1761557363,1761557363,Amazon AWS
1761557366,1761557366,Amazon AWS
1761557367,1761557367,Amazon AWS
1761557370,1761557370,Amazon AWS
1761557371,1761557371,Amazon AWS
1761557372,1761557372,Amazon AWS
1761557373,1761557373,Amazon AWS
1761557374,1761557374,Amazon AWS
1761557375,1761557375,Amazon AWS
1761557378,1761557378,Amazon AWS
1761557379,1761557379,Amazon AWS
1761557380,1761557380,Amazon AWS
1761557381,1761557381,Amazon AWS
1761557382,1761557382,Amazon AWS
1761557383,1761557383,Amazon AWS
1761557384,1761557384,Amazon AWS
1761557385,1761557385,Amazon AWS
1761557386,1761557386,Amazon AWS
1761557387,1761557387,Amazon AWS
1761557444,1761557444,Amazon AWS
1761557445,1761557445,Amazon AWS
1761557446,1761557446,Amazon AWS
1761557447,1761557447,Amazon AWS
1761557448,1761557448,Amazon AWS
1761557449,1761557449,Amazon AWS
1761557454,1761557454,Amazon AWS
1761557455,1761557455,Amazon AWS
1761557456,1761557456,Amazon AWS
1761557457,1761557457,Amazon AWS
1761557458,1761557458,Amazon AWS
1761557459,1761557459,Amazon AWS
1761557460,1761557460,Amazon AWS
1761557461,1761557461,Amazon AWS
1761557462,1761557462,Amazon AWS
1761557463,1761557463,Amazon AWS
1761557464,1761557464,Amazon AWS
1761557465,1761557465,Amazon AWS
1761557486,1761557486,Amazon AWS
1761557487,1761557487,Amazon AWS
1761557488,1761557488,Amazon AWS
1761557489,1761557489,Amazon AWS
1761557490,1761557490,Amazon AWS
1761557491,1761557491,Amazon AWS
1761557760,1761557760,Amazon AWS
1761557761,1761557761,Amazon AWS
1796472832,1796734975,Amazon AWS
1796734720,1796734783,Amazon AWS
1806147584,1806151679,Google Cloud
1806147584,1806155775,Google
1806151680,1806155775,Google Cloud
1806303232,1806335999,DigitalOcean
1806336000,1806344191,DigitalOcean
1806344192,1806352383,DigitalOcean
1806352384,1806356479,DigitalOcean
1806356480,1806360575,DigitalOcean
1806360576,1806360831,DigitalOcean
1806360832,1806361087,DigitalOcean
1806361088,1806361343,DigitalOcean
1806361344,1806361599,DigitalOcean
1806361600,1806361855,DigitalOcean
1806361856,1806362111,DigitalOcean
1806362112,1806362367,DigitalOcean
1806362368,1806362623,DigitalOcean
1806362624,1806362879,DigitalOcean
1806362880,1806363135,DigitalOcean
1806363136,1806363391,DigitalOcean
1806363392,1806363647,DigitalOcean
1806363648,1806363903,DigitalOcean
1806363904,1806364159,DigitalOcean
1806364160,1806364415,DigitalOcean
1806364416,1806364671,DigitalOcean
1806364672,1806364927,DigitalOcean
1806364928,1806365183,DigitalOcean
1806365184,1806365439,DigitalOcean
1806365440,1806365695,DigitalOcean
1806365696,1806365951,DigitalOcean
1806365952,1806366207,DigitalOcean
1806366208,1806366463,DigitalOcean
1806366464,1806366719,DigitalOcean
1806366720,1806366975,DigitalOcean
1806366976,1806367231,DigitalOcean
1806367232,1806367487,DigitalOcean
1806367488,1806367743,DigitalOcean
1806367744,1806367999,DigitalOcean
1806368000,1806368255,DigitalOcean
1806368256,1806368511,DigitalOcean
1806368512,1806368767,DigitalOcean
1806696448,1806827519,Amazon AWS
1806876672,1806893055,Google
1806880768,1806884863,Google Cloud
1806888960,1806893055,Google Cloud
1815826432,1815828479,Google Cloud
1815826432,1815830527,Google
1815828480,1815830527,Google Cloud
1820327936,1820852223,Amazon AWS
1820368896,1820369407,Amazon AWS
1820369408,1820369663,Amazon AWS
1820444352,1820444415,Amazon AWS
1820506624,1820507135,Amazon AWS
1820852224,1820983295,Amazon AWS
1820862144,1820862207,Amazon AWS
1820883456,1820883519,Amazon AWS
1820883520,1820883583,Amazon AWS
1820890880,1820891135,Amazon AWS
1820891664,1820891679,Amazon AWS
1820891680,1820891695,Amazon AWS
1820891696,1820891711,Amazon AWS
1820895744,1820896255,Amazon AWS
1820908800,1820908863,Amazon AWS
1820924160,1820924415,Amazon AWS
1820924416,1820924671,Amazon AWS
1820932608,1820932671,Amazon AWS
1820932672,1820932735,Amazon AWS
1820932736,1820932799,Amazon AWS
1820932800,1820932863,Amazon AWS
1820946944,1820946959,Amazon AWS
1820947008,1820947071,Amazon AWS
1820983296,1821114367,Amazon AWS
1821179904,1821245439,GitHub
1821245440,1821376511,GitHub
1822162944,1822425087,Amazon AWS
1822605312,1822621695,Cloudflare
1822875648,1822877695,Amazon AWS
1822877696,1822879743,Amazon AWS
1822879744,1822880767,Amazon AWS
1822880768,1822880768,Amazon AWS
1822880769,1822880769,Amazon AWS
1822880770,1822880770,Amazon AWS
1822880771,1822880771,Amazon AWS
1822880772,1822880772,Amazon AWS
1822880773,1822880773,Amazon AWS
1822880774,1822880774,Amazon AWS
1822880775,1822880775,Amazon AWS
1822880776,1822880776,Amazon AWS
1822880777,1822880777,Amazon AWS
1822880778,1822880778,Amazon AWS
1822880779,1822880779,Amazon AWS
1822880780,1822880780,Amazon AWS
1822880781,1822880781,Amazon AWS
1822880782,1822880782,Amazon AWS
1822880783,1822880783,Amazon AWS
1822880784,1822880784,Amazon AWS
1822880785,1822880785,Amazon AWS
1822880786,1822880786,Amazon AWS
1822880787,1822880787,Amazon AWS
1822880788,1822880788,Amazon AWS
1822880789,1822880789,Amazon AWS
1822880790,1822880790,Amazon AWS
1822880791,1822880791,Amazon AWS
1822880792,1822880792,Amazon AWS
1822880793,1822880793,Amazon AWS
1822880794,1822880794,Amazon AWS
1822880795,1822880795,Amazon AWS
1822880796,1822880796,Amazon AWS
1822880797,1822880797,Amazon AWS
1822880798,1822880798,Amazon AWS
1822880799,1822880799,Amazon AWS
1822880800,1822880800,Amazon AWS
1822880801,1822880801,Amazon AWS
1822880802,1822880802,Amazon AWS
1822880803,1822880803,Amazon AWS
1822880804,1822880804,Amazon AWS
1822880805,1822880805,Amazon AWS
1822880806,1822880806,Amazon AWS
1822880807,1822880807,Amazon AWS
1822880808,1822880808,Amazon AWS
1822880809,1822880809,Amazon AWS
1822880810,1822880810,Amazon AWS
1822880811,1822880811,Amazon AWS
1822880812,1822880812,Amazon AWS
1822880813,1822880813,Amazon AWS
1822880814,1822880814,Amazon AWS
1822880815,1822880815,Amazon AWS
1822880816,1822880816,Amazon AWS
1822880817,1822880817,Amazon AWS
1822880818,1822880818,Amazon AWS
1822880819,1822880819,Amazon AWS
1822880820,1822880820,Amazon AWS
1822880821,1822880821,Amazon AWS
1822880822,1822880822,Amazon AWS
1822880823,1822880823,Amazon AWS
1822880824,1822880824,Amazon AWS
1822880825,1822880825,Amazon AWS
1822880826,1822880826,Amazon AWS
1822880827,1822880827,Amazon AWS
1822880828,1822880828,Amazon AWS
1822880829,1822880829,Amazon AWS
1822880830,1822880830,Amazon AWS
1822880831,1822880831,Amazon AWS
1822881792,1822883839,Amazon AWS
1823129600,1823145983,Google
1823420416,1823421439,Amazon AWS
1823421440,1823422463,Amazon AWS
1823422464,1823423487,Amazon AWS
1823423488,1823424511,Amazon AWS
1823539200,1823571967,Google
1833615360,1833615615,Linode
1833615616,1833615871,Linode
1833615872,1833616127,Linode
1833616128,1833616383,Linode
1833616384,1833616639,Linode
1833616640,1833616895,Linode
1833616896,1833617151,Linode
1833617152,1833617407,Linode
1833617408,1833617663,Linode
1833617664,1833617919,Linode
1833617920,1833618175,Linode
1833618176,1833618431,Linode
1833618432,1833618687,Linode
1833618688,1833618943,Linode
1833618944,1833619199,Linode
1844254720,1844254975,Linode
1844254976,1844255231,Linode
1844255232,1844255487,Linode
1844255488,1844255743,Linode
1861091840,1861092351,Amazon AWS
1863166848,1863166911,Amazon AWS
1863166912,1863166975,Amazon AWS
1863170336,1863170367,Amazon AWS
1863170368,1863170399,Amazon AWS
1954669056,1954669183,Amazon AWS
1954669184,1954669247,Amazon AWS
1992384832,1992384895,Amazon AWS
1992384896,1992385023,Amazon AWS
2006169088,2006169215,Amazon AWS
2006169216,2006169279,Amazon AWS
2016676928,2016676991,Amazon AWS
2016679520,2016679551,Amazon AWS
2016683904,2016683935,Amazon AWS
2016713152,2016713215,Amazon AWS
2028530688,2028530815,Amazon AWS
2028530816,2028530879,Amazon AWS
2029908160,2029908223,Amazon AWS
2029908384,2029908415,Amazon AWS
2029909376,2029909439,Amazon AWS
2029909440,2029909471,Amazon AWS
2036032000,2036032511,Amazon AWS
2059943168,2059943423,Amazon AWS
2063122432,2063138815,Amazon AWS
2149056512,2149089279,GitHub
2149089280,2149122047,GitHub
2153054208,2153086975,GitHub
2153086976,2153119743,GitHub
2160525312,2160529407,DigitalOcean
2160529408,2160533503,DigitalOcean
2160533504,2160541695,DigitalOcean
2160541696,2160558079,DigitalOcean
2160558080,2160574463,DigitalOcean
2160574464,2160590847,DigitalOcean
2160787456,2160820223,GitHub
2160820224,2160852991,GitHub
2163933184,2163965951,GitHub
2163965952,2163998719,GitHub
2169503744,2169569279,Oracle Cloud
2170224640,2170225151,Oracle Cloud
2170225152,2170225407,Oracle Cloud
2170225408,2170225663,Oracle Cloud
2170225664,2170226175,Oracle Cloud
2170228736,2170230783,Oracle Cloud
2173698048,2173763583,Oracle Cloud
2173767680,2173769727,Oracle Cloud
2173782528,2173783039,Oracle Cloud
2173783040,2173784063,Oracle Cloud
2173829120,2173831167,Oracle Cloud
2173831168,2173832191,Oracle Cloud
2173832320,2173832447,Oracle Cloud
2173832576,2173832703,Oracle Cloud
2173832832,2173832959,Oracle Cloud
2173833216,2173837311,Oracle Cloud
2173837312,2173845503,Oracle Cloud
2173845504,2173861887,Oracle Cloud
2173861888,2173894655,Oracle Cloud
2173960192,2173962239,Oracle Cloud
2173962240,2173963263,Oracle Cloud
2173963264,2173964287,Oracle Cloud
2173964288,2173968383,Oracle Cloud
2173968384,2173976575,Oracle Cloud
2173992960,2173993471,Oracle Cloud
2173993984,2173995007,Oracle Cloud
2173997056,2173997567,Oracle Cloud
2173998080,2173998207,Oracle Cloud
2173998272,2173998335,Oracle Cloud
2173998592,2173999103,Oracle Cloud
2173999104,2173999615,Oracle Cloud
2174000128,2174001151,Oracle Cloud
2174001152,2174001663,Oracle Cloud
2174002176,2174002303,Oracle Cloud
2174002688,2174003199,Oracle Cloud
2174003200,2174005247,Oracle Cloud
2174005248,2174006271,Oracle Cloud
2174006272,2174006399,Oracle Cloud
2174007296,2174008319,Oracle Cloud
2174011392,2174013439,Oracle Cloud
2174013440,2174014463,Oracle Cloud
2174014464,2174014975,Oracle Cloud
2174014976,2174015231,Oracle Cloud
2174015232,2174015359,Oracle Cloud
2174016000,2174016255,Oracle Cloud
2174016448,2174016511,Oracle Cloud
2174016512,2174017535,Oracle Cloud
2174025728,2174026751,Oracle Cloud
2174027264,2174027391,Oracle Cloud
2174029824,2174030335,Oracle Cloud
2174030848,2174031359,Oracle Cloud
2174031360,2174031487,Oracle Cloud
2174031552,2174031615,Oracle Cloud
2174031616,2174031871,Oracle Cloud
2174032896,2174033919,Oracle Cloud
2174033920,2174034431,Oracle Cloud
2174034944,2174035967,Oracle Cloud
2174038016,2174039039,Oracle Cloud
2174039040,2174039167,Oracle Cloud
2174040064,2174041087,Oracle Cloud
2174042048,2174042111,Oracle Cloud
2174042112,2174043135,Oracle Cloud
2174043136,2174043263,Oracle Cloud
2174046208,2174047231,Oracle Cloud
2174047232,2174047359,Oracle Cloud
2174050304,2174051327,Oracle Cloud
2174051328,2174051455,Oracle Cloud
2174054400,2174055423,Oracle Cloud
2174055936,2174056063,Oracle Cloud
2174056448,2174057471,Oracle Cloud
2174057984,2174058111,Oracle Cloud
2174099456,2174107647,Oracle Cloud
2174107648,2174124031,Oracle Cloud
2174124032,2174156799,Oracle Cloud
2174156800,2174164991,Oracle Cloud
2174164992,2174167039,Oracle Cloud
2174167040,2174169087,Oracle Cloud
2174169088,2174173183,Oracle Cloud
2174173184,2174181375,Oracle Cloud
2174181376,2174189567,Oracle Cloud
2174189568,2174197759,Oracle Cloud
2174197760,2174205951,Oracle Cloud
2174205952,2174214143,Oracle Cloud
2174214144,2174222335,Oracle Cloud
2174222336,2174230527,Oracle Cloud
2174232576,2174233599,Oracle Cloud
2174255104,2174263295,Oracle Cloud
2174287872,2174296063,Oracle Cloud
2174296064,2174300159,Oracle Cloud
2174300160,2174304255,Oracle Cloud
2174304256,2174320639,Oracle Cloud
2174320640,2174337023,Oracle Cloud
2174337024,2174345215,Oracle Cloud
2174345216,2174349311,Oracle Cloud
2174349312,2174349823,Oracle Cloud
2174350272,2174350335,Oracle Cloud
2174361600,2174365695,Oracle Cloud
2174365696,2174369791,Oracle Cloud
2174369792,2174386175,Oracle Cloud
2174396416,2174397439,Oracle Cloud
2174402560,2174410751,Oracle Cloud
2174410752,2174418943,Oracle Cloud
2174484480,2174488575,Oracle Cloud
2174607360,2174609407,Oracle Cloud
2174623744,2174631935,Oracle Cloud
2174631936,2174648319,Oracle Cloud
2174648320,2174681087,Oracle Cloud
2174681088,2174685183,Oracle Cloud
2174685184,2174687231,Oracle Cloud
2174687232,2174689279,Oracle Cloud
2174689280,2174693375,Oracle Cloud
2174693376,2174697471,Oracle Cloud
2174697472,2174713855,Oracle Cloud
2174713856,2174722047,Oracle Cloud
2174722048,2174730239,Oracle Cloud
2174730240,2174738431,Oracle Cloud
2174738432,2174742527,Oracle Cloud
2174742528,2174746623,Oracle Cloud
2176778240,2176811007,Oracle Cloud
2178188288,2178189311,DigitalOcean
2178189312,2178190335,DigitalOcean
2178190336,2178191359,DigitalOcean
2178191360,2178195455,DigitalOcean
2178195456,2178196479,DigitalOcean
2178196480,2178197503,DigitalOcean
2178197504,2178198527,DigitalOcean
2178198528,2178199039,DigitalOcean
2178199552,2178203647,DigitalOcean
2178203648,2178204671,DigitalOcean
2178204672,2178205695,DigitalOcean
2178205696,2178207743,DigitalOcean
2178207744,2178208767,DigitalOcean
2178208768,2178209791,DigitalOcean
2178209792,2178210815,DigitalOcean
2178210816,2178211839,DigitalOcean
2178211840,2178215935,DigitalOcean
2178215936,2178216959,DigitalOcean
2178216960,2178217983,DigitalOcean
2178217984,2178219007,DigitalOcean
2178219008,2178220031,DigitalOcean
2178220160,2178220287,Oracle Cloud
2178220672,2178220799,Oracle Cloud
2178221184,2178221311,Oracle Cloud
2178222080,2178224127,Oracle Cloud
2178224128,2178228223,Oracle Cloud
2178228224,2178236415,Oracle Cloud
2178236416,2178252799,Oracle Cloud
2178252800,2178269183,Oracle Cloud
2178269184,2178273279,Oracle Cloud
2178273280,2178275327,Oracle Cloud
2183331840,2183332863,Oracle Cloud
2183335936,2183336959,Oracle Cloud
2183356416,2183358463,Oracle Cloud
2183360512,2183361535,Oracle Cloud
2183361536,2183361663,Oracle Cloud
2183364608,2183365631,Oracle Cloud
2183368704,2183369727,Oracle Cloud
2183383040,2183384063,Oracle Cloud
2183390208,2183391231,Oracle Cloud
2185035904,2185036031,Oracle Cloud
2185036416,2185036543,Oracle Cloud
2185036928,2185037055,Oracle Cloud
2185037824,2185039871,Oracle Cloud
2185039872,2185043967,Oracle Cloud
2185043968,2185052159,Oracle Cloud
2185052160,2185068543,Oracle Cloud
2185068544,2185101311,Oracle Cloud
2188050432,2188115967,GitHub
2188247040,2188251135,Oracle Cloud
2188251136,2188253183,Oracle Cloud
2188253184,2188254207,Oracle Cloud
2188254208,2188254719,Oracle Cloud
2188254976,2188255231,Oracle Cloud
2188255232,2188263423,Oracle Cloud
2188263424,2188271615,Oracle Cloud
2188271616,2188279807,Oracle Cloud
2188304384,2188306431,Oracle Cloud
2188306432,2188307455,Oracle Cloud
2188307968,2188308223,Oracle Cloud
2188308224,2188308479,Oracle Cloud
2188308480,2188312575,Oracle Cloud
2189623296,2189656063,GitHub
2189656064,2189688831,GitHub
2191663104,2191671295,Oracle Cloud
2191671296,2191687679,Oracle Cloud
2191687680,2191695871,Oracle Cloud
2191695872,2191704063,Oracle Cloud
2191704064,2191706111,Oracle Cloud
2191708160,2191712255,Oracle Cloud
2191712256,2191720447,Oracle Cloud
2192572416,2192588799,Amazon AWS
2192572416,2192605183,Amazon AWS
2192588800,2192590847,Amazon AWS
2192590848,2192591871,Amazon AWS
2192591872,2192592127,Amazon AWS
2192592384,2192592895,Amazon AWS
2192592896,2192593919,Amazon AWS
2192594432,2192594943,Amazon AWS
2192594944,2192596991,Amazon AWS
2192596992,2192605183,Amazon AWS
2192605184,2192607231,Amazon AWS
2192605184,2192621567,Amazon AWS
2192607232,2192607743,Amazon AWS
2192608256,2192609279,Amazon AWS
2192609280,2192613375,Amazon AWS
2192613376,2192621567,Amazon AWS
2192621568,2192629759,Amazon AWS
2192629760,2192633855,Amazon AWS
2192637440,2192637695,Amazon AWS
2192637696,2192637951,Amazon AWS
2194866176,2194931711,Google
2194867200,2194868223,Google Cloud
2194868224,2194870271,Google Cloud
2194870272,2194874367,Google Cloud
2194874368,2194878463,Google Cloud
2194878464,2194882559,Google Cloud
2194882560,2194890751,Google Cloud
2194890752,2194894847,Google Cloud
2194894848,2194898943,Google Cloud
2194898944,2194915327,Google Cloud
2194915328,2194923519,Google Cloud
2194923520,2194927615,Google Cloud
2194927616,2194931711,Google Cloud
2194997248,2195030015,GitHub
2195030016,2195062783,GitHub
2197833728,2197834751,Cloudflare
2210004992,2210007039,Oracle Cloud
2210007040,2210008063,Oracle Cloud
2210008064,2210008191,Oracle Cloud
2210009088,2210013183,Oracle Cloud
2210013184,2210017279,Oracle Cloud
2210019328,2210021375,Oracle Cloud
2214398992,2214399007,GitHub
2214399016,2214399023,GitHub
2214399024,2214399031,GitHub
2214399136,2214399151,GitHub
2214399168,2214399183,GitHub
2214399184,2214399199,GitHub
2214399200,2214399203,GitHub
2214399204,2214399207,GitHub
2214399224,2214399231,GitHub
2214399232,2214399247,GitHub
2214399248,2214399255,GitHub
2214399256,2214399263,GitHub
2214399264,2214399279,GitHub
2214399280,2214399295,GitHub
2214399304,2214399311,GitHub
2214399312,2214399319,GitHub
2214399320,2214399323,GitHub
2214399328,2214399331,GitHub
2214399360,2214399391,GitHub
2214399492,2214399495,GitHub
2214399496,2214399497,GitHub
2214399504,2214399519,GitHub
2214399520,2214399551,GitHub
2214399584,2214399615,GitHub
2214399616,2214399647,GitHub
2214399648,2214399679,GitHub
2214399680,2214399687,GitHub
2214399696,2214399711,GitHub
2214399712,2214399727,GitHub
2214399736,2214399743,GitHub
2214399752,2214399759,GitHub
2214399760,2214399775,GitHub
2214399776,2214399807,GitHub
2214399936,2214399951,GitHub
2214399952,2214399967,GitHub
2214399968,2214399999,GitHub
2214402048,2214402063,GitHub
2214402208,2214402239,GitHub
2214402240,2214402303,GitHub
2214402304,2214402559,GitHub
2214402816,2214403071,GitHub
2214404832,2214404863,GitHub
2214404992,2214405055,GitHub
2214405248,2214405311,GitHub
2214405344,2214405375,GitHub
2214405632,2214405663,GitHub
2214405664,2214405695,GitHub
2214405760,2214405823,GitHub
2214405856,2214405887,GitHub
2214406144,2214406159,GitHub
2214406160,2214406175,GitHub
2214406176,2214406191,GitHub
2214406208,2214406223,GitHub
2214406224,2214406239,GitHub
2214406240,2214406271,GitHub
2214406272,2214406303,GitHub
2214406304,2214406319,GitHub
2214406336,2214406399,GitHub
2214406400,2214406655,GitHub
2224095360,2224095487,Oracle Cloud
2224095872,2224095999,Oracle Cloud
2224096384,2224096511,Oracle Cloud
2224097280,2224099327,Oracle Cloud
2224099328,2224103423,Oracle Cloud
2224103424,2224111615,Oracle Cloud
2224111616,2224115711,Oracle Cloud
2224115712,2224119807,Oracle Cloud
2224119808,2224123903,Oracle Cloud
2224123904,2224127999,Oracle Cloud
2224128000,2224144383,Oracle Cloud
2224144384,2224152575,Oracle Cloud
2224152576,2224160767,Oracle Cloud
2225340416,2225373183,GitHub
2225373184,2225405951,GitHub
2227437568,2227470335,GitHub
2227470336,2227503103,GitHub
2229010432,2229075967,GitHub
2229403648,2229407743,Oracle Cloud
2229407744,2229409791,Oracle Cloud
2229409792,2229411839,Oracle Cloud
2229411840,2229420031,Oracle Cloud
2229420032,2229436415,Oracle Cloud
2229436416,2229438463,Oracle Cloud
2229440512,2229444607,Oracle Cloud
2229444608,2229446655,Oracle Cloud
2229446656,2229448703,Oracle Cloud
2229448704,2229450751,Oracle Cloud
2229450752,2229452799,Oracle Cloud
2229452800,2229456895,Oracle Cloud
2229456896,2229458943,Oracle Cloud
2229458944,2229460991,Oracle Cloud
2229460992,2229465087,Oracle Cloud
2229465088,2229469183,Oracle Cloud
2250309632,2250342399,GitHub
2250342400,2250375167,GitHub
2252410880,2252414975,Oracle Cloud
2252419072,2252420095,Oracle Cloud
2252420224,2252420351,Oracle Cloud
2252421120,2252423167,Oracle Cloud
2252460032,2252464127,Oracle Cloud
2252464128,2252472319,Oracle Cloud
2252736512,2252738559,Oracle Cloud
2252738560,2252739583,Oracle Cloud
2252740608,2252742655,Oracle Cloud
2252742656,2252743679,Oracle Cloud
2252744704,2252746751,Oracle Cloud
2252746752,2252747775,Oracle Cloud
2252748800,2252750847,Oracle Cloud
2252750848,2252751871,Oracle Cloud
2252752896,2252753919,Oracle Cloud
2252753920,2252754943,Oracle Cloud
2252754944,2252755967,Oracle Cloud
2252755968,2252756991,Oracle Cloud
2252756992,2252758015,Oracle Cloud
2252758016,2252759039,Oracle Cloud
2252759040,2252760063,Oracle Cloud
2252760064,2252761087,Oracle Cloud
2252761088,2252762111,Oracle Cloud
2252762112,2252763135,Oracle Cloud
2252763136,2252764159,Oracle Cloud
2252764160,2252765183,Oracle Cloud
2252765184,2252766207,Oracle Cloud
2252766208,2252767231,Oracle Cloud
2252767232,2252768255,Oracle Cloud
2252768256,2252769279,Oracle Cloud
2252769280,2252770303,Oracle Cloud
2252770304,2252771327,Oracle Cloud
2252771328,2252772351,Oracle Cloud
2252772352,2252773375,Oracle Cloud
2252773376,2252774399,Oracle Cloud
2252774400,2252775423,Oracle Cloud
2252775424,2252776447,Oracle Cloud
2252776448,2252777471,Oracle Cloud
2252777472,2252778495,Oracle Cloud
2252778496,2252779519,Oracle Cloud
2252779520,2252780543,Oracle Cloud
2252780544,2252781567,Oracle Cloud
2252781568,2252782591,Oracle Cloud
2252782592,2252783615,Oracle Cloud
2252783616,2252785663,Oracle Cloud
2252785664,2252786175,Oracle Cloud
2252786176,2252786687,Oracle Cloud
2252786688,2252787199,Oracle Cloud
2252787200,2252787711,Oracle Cloud
2252787712,2252788223,Oracle Cloud
2252788224,2252788735,Oracle Cloud
2252788736,2252789247,Oracle Cloud
2252789248,2252789759,Oracle Cloud
2252789760,2252790271,Oracle Cloud
2252790272,2252790783,Oracle Cloud
2252790784,2252791295,Oracle Cloud
2252791296,2252791807,Oracle Cloud
2252791808,2252792319,Oracle Cloud
2252793344,2252793855,Oracle Cloud
2252793856,2252794367,Oracle Cloud
2254602240,2254610431,Oracle Cloud
2254618624,2254626815,Oracle Cloud
2254632960,2254633023,Oracle Cloud
2254633088,2254633215,Oracle Cloud
2254633408,2254633471,Oracle Cloud
2254633472,2254633983,Oracle Cloud
2254633984,2254635007,Oracle Cloud
2256142336,2256146431,DigitalOcean
2256146432,2256150527,DigitalOcean
2256150528,2256154623,DigitalOcean
2256154624,2256158719,DigitalOcean
2256158720,2256162815,DigitalOcean
2256162816,2256166911,DigitalOcean
2256166912,2256171007,DigitalOcean
2256171008,2256175103,DigitalOcean
2257911808,2257944575,GitHub
2257944576,2257977343,GitHub
2259344384,2259344895,GitHub
2259344896,2259345151,GitHub
2260287488,2260288511,Oracle Cloud
2260289536,2260290559,Oracle Cloud
2260290560,2260290815,Oracle Cloud
2260291584,2260295679,Oracle Cloud
2260295680,2260303871,Oracle Cloud
2261221888,2261222399,DigitalOcean
2261222400,2261223423,DigitalOcean
2261223424,2261224447,DigitalOcean
2261224448,2261225471,DigitalOcean
2261225472,2261229567,DigitalOcean
2261229568,2261233663,DigitalOcean
2261233664,2261234687,DigitalOcean
2261234688,2261235711,DigitalOcean
2261235712,2261236735,DigitalOcean
2261236736,2261237759,DigitalOcean
2261237760,2261241855,DigitalOcean
2261241856,2261245951,DigitalOcean
2261245952,2261250047,DigitalOcean
2261250048,2261254143,DigitalOcean
2261843968,2261848063,DigitalOcean
2261848064,2261852159,DigitalOcean
2261852160,2261856255,DigitalOcean
2261856256,2261860351,DigitalOcean
2261860352,2261864447,DigitalOcean
2261864448,2261868543,DigitalOcean
2261868544,2261872639,DigitalOcean
2261872640,2261876735,DigitalOcean
2261876736,2261877759,DigitalOcean
2261877760,2261878783,DigitalOcean
2261878784,2261879807,DigitalOcean
2261879808,2261880831,DigitalOcean
2261880832,2261884927,DigitalOcean
2261884928,2261889023,DigitalOcean
2261889024,2261893119,DigitalOcean
2261893120,2261897215,DigitalOcean
2261897216,2261901311,DigitalOcean
2261901312,2261905407,DigitalOcean
2261905408,2261909503,DigitalOcean
2266136576,2266169343,GitHub
2272722944,2272755711,GitHub
2272755712,2272788479,GitHub
2273444864,2273445375,GitHub
2273445376,2273445887,GitHub
2273446400,2273446911,GitHub
2273446912,2273447423,GitHub
2273447936,2273448447,GitHub
2273448448,2273448959,GitHub
2273448960,2273449215,GitHub
2273449216,2273449471,GitHub
2273449472,2273449983,GitHub
2273449984,2273450239,GitHub
2273450368,2273450495,GitHub
2273450496,2273451007,GitHub
2273451008,2273452031,GitHub
2273452032,2273452543,GitHub
2273452544,2273452671,GitHub
2273452672,2273452735,GitHub
2273452736,2273452799,GitHub
2273453056,2273453567,GitHub
2273453568,2273454079,GitHub
2273456128,2273456639,GitHub
2273456640,2273457151,GitHub
2273457152,2273457663,GitHub
2273457664,2273458175,GitHub
2273459200,2273459711,GitHub
2273459712,2273460223,GitHub
2273460224,2273460735,GitHub
2273460736,2273461247,GitHub
2273461248,2273461759,GitHub
2273461760,2273462271,GitHub
2273462784,2273463295,GitHub
2273463808,2273464319,GitHub
2273464320,2273464831,GitHub
2273465856,2273466111,GitHub
2273467392,2273467903,GitHub
2273469952,2273470463,GitHub
2273470464,2273470975,GitHub
2273471488,2273471999,GitHub
2273472512,2273473023,GitHub
2273473024,2273473535,GitHub
2273473536,2273474047,GitHub
2273474048,2273474559,GitHub
2273474560,2273475071,GitHub
2273475072,2273475583,GitHub
2273478144,2273478655,GitHub
2273478656,2273479167,GitHub
2273480192,2273480703,GitHub
2273481216,2273481727,GitHub
2273484032,2273484159,GitHub
2273484160,2273484223,GitHub
2273484288,2273484799,GitHub
2273484800,2273485311,GitHub
2273485312,2273485823,GitHub
2273485824,2273486335,GitHub
2273486336,2273486847,GitHub
2273486848,2273487359,GitHub
2273487360,2273487871,GitHub
2273487872,2273488383,GitHub
2273488896,2273489407,GitHub
2273489920,2273490943,GitHub
2273490944,2273491455,GitHub
2273491456,2273491967,GitHub
2273494016,2273494527,GitHub
2273496064,2273496575,GitHub
2273496576,2273497087,GitHub
2273498112,2273499135,GitHub
2273499392,2273499647,GitHub
2273499648,2273499903,GitHub
2273500672,2273501183,GitHub
2273502848,2273502975,GitHub
2273502976,2273503231,GitHub
2273503232,2273503487,GitHub
2273503488,2273503615,GitHub
2273503616,2273503743,GitHub
2273503744,2273503999,GitHub
2273504000,2273504255,GitHub
2273504768,2273504895,GitHub
2273504896,2273505023,GitHub
2273505024,2273505279,GitHub
2273506304,2273506559,GitHub
2273506560,2273506687,GitHub
2273506688,2273506815,GitHub
2273506816,2273507071,GitHub
2273507840,2273508351,GitHub
2273508608,2273508863,GitHub
2279473152,2279505919,GitHub
2279505920,2279522303,GitHub
2279522304,2279538687,GitHub
2279604224,2279636991,GitHub
2279636992,2279669759,GitHub
2280128512,2280161279,GitHub
2280161280,2280194047,GitHub
2280194048,2280226815,GitHub
2280226816,2280259583,GitHub
2280259584,2280292351,GitHub
2280292352,2280325119,GitHub
2280390656,2280423423,GitHub
2280423424,2280456191,GitHub
2280456192,2280488959,GitHub
2280488960,2280521727,GitHub
2282225664,2282356735,Amazon AWS
2282881024,2282881535,Amazon AWS
2282881536,2282881791,Amazon AWS
2282881792,2282882047,Amazon AWS
2282882048,2282883071,Amazon AWS
2282885632,2282885887,Amazon AWS
2282885888,2282886143,Amazon AWS
2282886144,2282886399,Amazon AWS
2282886400,2282886655,Amazon AWS
2282886656,2282886911,Amazon AWS
2282886912,2282887167,Amazon AWS
2282889216,2282889471,Amazon AWS
2282889472,2282889727,Amazon AWS
2282889728,2282889983,Amazon AWS
2282893824,2282894335,Amazon AWS
2282895360,2282897407,Amazon AWS
2282913792,2282914303,Amazon AWS
2282914304,2282914815,Amazon AWS
2282914816,2282915327,Amazon AWS
2282915328,2282915839,Amazon AWS
2282915840,2282916351,Amazon AWS
2282916352,2282916863,Amazon AWS
2282916864,2282917375,Amazon AWS
2282917376,2282917887,Amazon AWS
2282917888,2282919935,Amazon AWS
2282919936,2282921983,Amazon AWS
2282921984,2282922495,Amazon AWS
2282922496,2282923007,Amazon AWS
2282924032,2282926079,Amazon AWS
2282946048,2282946559,Amazon AWS
2283143680,2283144191,Google
2283144192,2283144703,Google
2283145216,2283146239,Google
2283184128,2283188223,Google
2283188224,2283190271,Google
2283190272,2283190783,Google
2283190784,2283191039,Google
2283220992,2283225087,Google
2283225088,2283241471,Google Cloud
2285895680,2286026751,Google Cloud
2285895680,2287992831,Google
2286026752,2286157823,Google Cloud
2286157824,2286223359,Google Cloud
2286223360,2286256127,Google Cloud
2286256128,2286288895,Google Cloud
2286288896,2286305279,Google Cloud
2286305280,2286321663,Google Cloud
2286321664,2286354431,Google Cloud
2286354432,2286419967,Google Cloud
2286419968,2286485503,Google Cloud
2286485504,2286551039,Google Cloud
2286551040,2286616575,Google Cloud
2286616576,2286682111,Google Cloud
2286747648,2286780415,Google Cloud
2286780416,2286813183,Google Cloud
2286878720,2286911487,Google Cloud
2286911488,2286944255,Google Cloud
2286944256,2287009791,Google Cloud
2287009792,2287075327,Google Cloud
2287075328,2287140863,Google Cloud
2287140864,2287157247,Google Cloud
2287157248,2287173631,Google Cloud
2287173632,2287206399,Google Cloud
2287206400,2287271935,Google Cloud
2287271936,2287304703,Google Cloud
2287304704,2287337471,Google Cloud
2287337472,2287370239,Google Cloud
2287370240,2287403007,Google Cloud
2287403008,2287468543,Google Cloud
2287468544,2287599615,Google Cloud
2287599616,2287665151,Google Cloud
2287665152,2287730687,Google Cloud
2287730688,2287763455,Google Cloud
2287763456,2287796223,Google Cloud
2287796224,2287861759,Google Cloud
2287861760,2287927295,Google Cloud
2287927296,2287992831,Google Cloud
2288713728,2288779263,Google Cloud
2288779264,2288844799,Google Cloud
2288779264,2289041407,Google
2288844800,2288910335,Google Cloud
2288910336,2288926719,Google Cloud
2288926720,2288943103,Google Cloud
2288943104,2288975871,Google Cloud
2288975872,2289041407,Google Cloud
2289041408,2289303551,Google Cloud
2289041408,2289565695,Google
2289303552,2289369087,Google Cloud
2289369088,2289434623,Google Cloud
2289434624,2289500159,Google Cloud
2289500160,2289565695,Google Cloud
2289565696,2289566719,Google
2289633280,2289635327,Google
2289827840,2289958911,Google
2297970688,2297987071,Oracle Cloud
2297987072,2297995263,Oracle Cloud
2298003456,2298011647,Oracle Cloud
2298011648,2298011711,Oracle Cloud
2298011776,2298011903,Oracle Cloud
2298012096,2298012159,Oracle Cloud
2298012160,2298012671,Oracle Cloud
2298012672,2298013695,Oracle Cloud
2298013696,2298013759,Oracle Cloud
2298013824,2298013951,Oracle Cloud
2298014144,2298014207,Oracle Cloud
2298014208,2298014719,Oracle Cloud
2298014720,2298015743,Oracle Cloud
2298015744,2298017791,Oracle Cloud
2299985920,2299994111,Oracle Cloud
2306080768,2306097151,GitHub
2306097152,2306105343,GitHub
2306105344,2306106367,GitHub
2306109440,2306113535,GitHub
2306125824,2306127871,GitHub
2306127872,2306129919,GitHub
2306129920,2306138111,GitHub
2306138112,2306146303,GitHub
2306146304,2306154495,GitHub
2306154496,2306162687,GitHub
2306162688,2306179071,GitHub
2306179072,2306211839,GitHub
2307063808,2307080191,Oracle Cloud
2307096576,2307129343,Oracle Cloud
2307325952,2307342335,GitHub
2307342336,2307358719,GitHub
2307358720,2307391487,GitHub
2310537216,2310541311,DigitalOcean
2310541312,2310545407,DigitalOcean
2310545408,2310549503,DigitalOcean
2310549504,2310553599,DigitalOcean
2310553600,2310557695,DigitalOcean
2310557696,2310561791,DigitalOcean
2310561792,2310565887,DigitalOcean
2310565888,2310569983,DigitalOcean
2310569984,2310574079,DigitalOcean
2310574080,2310578175,DigitalOcean
2310578176,2310582271,DigitalOcean
2310582272,2310586367,DigitalOcean
2310586368,2310590463,DigitalOcean
2310590464,2310594559,DigitalOcean
2310594560,2310598655,DigitalOcean
2310598656,2310599679,DigitalOcean
2310599680,2310600703,DigitalOcean
2310600704,2310601727,DigitalOcean
2310602240,2310602495,DigitalOcean
2310602496,2310602751,DigitalOcean
2315321344,2315322367,Oracle Cloud
2315325440,2315326463,Oracle Cloud
2315329536,2315331583,Oracle Cloud
2315331584,2315333631,Oracle Cloud
2315333632,2315335679,Oracle Cloud
2315337728,2315338751,Oracle Cloud
2315341824,2315342847,Oracle Cloud
2315348992,2315349119,Oracle Cloud
2315350016,2315354111,Oracle Cloud
2315386880,2315395071,Oracle Cloud
2315395072,2315403263,Oracle Cloud
2315403264,2315411455,Oracle Cloud
2315411456,2315415551,Oracle Cloud
2315415552,2315419647,Oracle Cloud
2315419648,2315436031,Oracle Cloud
2315440128,2315444223,Oracle Cloud
2315444224,2315448319,Oracle Cloud
2315448320,2315450367,Oracle Cloud
2315505664,2315509759,Oracle Cloud
2315513856,2315517951,Oracle Cloud
2319712256,2319716351,DigitalOcean
2319716352,2319720447,DigitalOcean
2319721472,2319722495,DigitalOcean
2319722496,2319724543,DigitalOcean
2319724544,2319728639,DigitalOcean
2319728640,2319732735,DigitalOcean
2319732736,2319736831,DigitalOcean
2319736832,2319740927,DigitalOcean
2319740928,2319741951,DigitalOcean
2319741952,2319742975,DigitalOcean
2319742976,2319743487,DigitalOcean
2319743488,2319743999,DigitalOcean
2319744000,2319745023,DigitalOcean
2319745024,2319749119,DigitalOcean
2319749120,2319753215,DigitalOcean
2319753216,2319757311,DigitalOcean
2319757312,2319761407,DigitalOcean
2319761408,2319762431,DigitalOcean
2319762432,2319763455,DigitalOcean
2319763456,2319764479,DigitalOcean
2319764480,2319765503,DigitalOcean
2319765504,2319769599,DigitalOcean
2319769600,2319773695,DigitalOcean
2319773696,2319777791,DigitalOcean
2321231872,2321235967,GitHub
2321235968,2321244159,GitHub
2321244160,2321252351,GitHub
2321252352,2321285119,GitHub
2328166400,2328170495,DigitalOcean
2328170496,2328174591,DigitalOcean
2328174592,2328178687,DigitalOcean
2328178688,2328179711,DigitalOcean
2328179712,2328180735,DigitalOcean
2328180736,2328181759,DigitalOcean
2328181760,2328182783,DigitalOcean
2328182784,2328186879,DigitalOcean
2328186880,2328190975,DigitalOcean
2328190976,2328195071,DigitalOcean
2328195072,2328199167,DigitalOcean
2328199168,2328203263,DigitalOcean
2328203264,2328207359,DigitalOcean
2328207360,2328211455,DigitalOcean
2328211456,2328215551,DigitalOcean
2328215552,2328219647,DigitalOcean
2328219648,2328223743,DigitalOcean
2328223744,2328224767,DigitalOcean
2328224768,2328225791,DigitalOcean
2328225792,2328226815,DigitalOcean
2328226816,2328227839,DigitalOcean
2328227840,2328228863,DigitalOcean
2328230912,2328231935,DigitalOcean
2335707136,2335707647,Amazon AWS
2335707648,2335708159,Amazon AWS
2335708160,2335708671,Amazon AWS
2335708672,2335709183,Amazon AWS
2335709184,2335709695,Amazon AWS
2335709696,2335710207,Amazon AWS
2335710208,2335710719,Amazon AWS
2335710720,2335711231,Amazon AWS
2335711232,2335711743,Amazon AWS
2335711744,2335711999,Amazon AWS
2335899648,2335903743,DigitalOcean
2335903744,2335907839,DigitalOcean
2335907840,2335911935,DigitalOcean
2335911936,2335912959,DigitalOcean
2335912960,2335913983,DigitalOcean
2335913984,2335916031,DigitalOcean
2335916032,2335920127,DigitalOcean
2335920128,2335924223,DigitalOcean
2335924224,2335928319,DigitalOcean
2335928320,2335932415,DigitalOcean
2335932416,2335940607,DigitalOcean
2335940608,2335944703,DigitalOcean
2335944704,2335948799,DigitalOcean
2335948800,2335949823,DigitalOcean
2335949824,2335950847,DigitalOcean
2335950848,2335951871,DigitalOcean
2335951872,2335952895,DigitalOcean
2335952896,2335954943,DigitalOcean
2335954944,2335955967,DigitalOcean
2335955968,2335956991,DigitalOcean
2335956992,2335961087,DigitalOcean
2335961088,2335965183,DigitalOcean
2341470208,2341470463,Linode
2341470464,2341470719,Linode
2341470720,2341470975,Linode
2341470976,2341471231,Linode
2341471232,2341471487,Linode
2341471488,2341471743,Linode
2341471744,2341471999,Linode
2341472000,2341472255,Linode
2341472256,2341472511,Linode
2341472512,2341472767,Linode
2341472768,2341473023,Linode
2341473024,2341473279,Linode
2341473280,2341473535,Linode
2341473536,2341473791,Linode
2341473792,2341474047,Linode
2341474048,2341474303,Linode
2341474304,2341474559,Linode
2341474560,2341474815,Linode
2341474816,2341475071,Linode
2341475072,2341475327,Linode
2341475328,2341475583,Linode
2341475584,2341475839,Linode
2341475840,2341476095,Linode
2341476096,2341476351,Linode
2341476352,2341476607,Linode
2341476608,2341476863,Linode
2341476864,2341477119,Linode
2341477120,2341477375,Linode
2341477376,2341477631,Linode
2341477632,2341477887,Linode
2341477888,2341478143,Linode
2341478144,2341478399,Linode
2341478400,2341478655,Linode
2341478656,2341478911,Linode
2341478912,2341479167,Linode
2341479168,2341479423,Linode
2341479424,2341479679,Linode
2341479680,2341479935,Linode
2341479936,2341480191,Linode
2341480192,2341480447,Linode
2341480448,2341480703,Linode
2341480704,2341480959,Linode
2341480960,2341481215,Linode
2341481216,2341481471,Linode
2341481472,2341481727,Linode
2341481728,2341481983,Linode
2341481984,2341482239,Linode
2341482240,2341482495,Linode
2341482496,2341482751,Linode
2341482752,2341483007,Linode
2341483008,2341483263,Linode
2341483264,2341483519,Linode
2341483520,2341483775,Linode
2341483776,2341484031,Linode
2341484032,2341484287,Linode
2341484288,2341484543,Linode
2341484544,2341484799,Linode
2341484800,2341485055,Linode
2341485056,2341485311,Linode
2341485312,2341485567,Linode
2341485568,2341485823,Linode
2341485824,2341486079,Linode
2341486080,2341486335,Linode
2341486336,2341486591,Linode
2341486592,2341486847,Linode
2341486848,2341487103,Linode
2341487104,2341487359,Linode
2341487360,2341487615,Linode
2341487616,2341487871,Linode
2341487872,2341488127,Linode
2341488128,2341488383,Linode
2341488384,2341488639,Linode
2341488640,2341488895,Linode
2341488896,2341489151,Linode
2341489152,2341489407,Linode
2341489408,2341489663,Linode
2341489664,2341489919,Linode
2341489920,2341490175,Linode
2341490176,2341490431,Linode
2341490432,2341490687,Linode
2341490688,2341490943,Linode
2341490944,2341491199,Linode
2341491200,2341491455,Linode
2341491456,2341491711,Linode
2341491712,2341491967,Linode
2341491968,2341492223,Linode
2341492224,2341492479,Linode
2341492480,2341492735,Linode
2341492736,2341492991,Linode
2341492992,2341493247,Linode
2341493248,2341493503,Linode
2341493504,2341493759,Linode
2341493760,2341494015,Linode
2341494016,2341494271,Linode
2341494272,2341494527,Linode
2341494528,2341494783,Linode
2341494784,2341495039,Linode
2341495040,2341495295,Linode
2341495296,2341495551,Linode
2341495552,2341495807,Linode
2341495808,2341496063,Linode
2341496064,2341496319,Linode
2341496320,2341496575,Linode
2341496576,2341496831,Linode
2341496832,2341497087,Linode
2341497088,2341497343,Linode
2341497344,2341497599,Linode
2341497600,2341497855,Linode
2341497856,2341498111,Linode
2341498112,2341498367,Linode
2341498368,2341498623,Linode
2341498624,2341498879,Linode
2341498880,2341499135,Linode
2341499136,2341499391,Linode
2341499392,2341499647,Linode
2341499648,2341499903,Linode
2341499904,2341500159,Linode
2341500160,2341500415,Linode
2341500416,2341500671,Linode
2341500672,2341500927,Linode
2341500928,2341501183,Linode
2341501184,2341501439,Linode
2341501440,2341501695,Linode
2341501696,2341501951,Linode
2341501952,2341502207,Linode
2341502208,2341502463,Linode
2341502464,2341502719,Linode
2341502720,2341502975,Linode
2341504000,2341504255,Linode
2341504256,2341504511,Linode
2341504512,2341504767,Linode
2341504768,2341505023,Linode
2341506816,2341507071,Linode
2341507072,2341507327,Linode
2341507328,2341507583,Linode
2341507584,2341507839,Linode
2341507840,2341508095,Linode
2341508096,2341508351,Linode
2341508352,2341508607,Linode
2341508608,2341508863,Linode
2341508864,2341509119,Linode
2341509120,2341509375,Linode
2341509376,2341509631,Linode
2341509632,2341509887,Linode
2341509888,2341510143,Linode
2341510144,2341510399,Linode
2341510400,2341510655,Linode
2341510656,2341510911,Linode
2341510912,2341511167,Linode
2341511168,2341511423,Linode
2341511424,2341511679,Linode
2341511680,2341511935,Linode
2341511936,2341512191,Linode
2341512192,2341512447,Linode
2341512448,2341512703,Linode
2341512704,2341512959,Linode
2341512960,2341513215,Linode
2341513216,2341513471,Linode
2341513472,2341513727,Linode
2341513728,2341513983,Linode
2341513984,2341514239,Linode
2341514240,2341514495,Linode
2341514496,2341514751,Linode
2341514752,2341515007,Linode
2341515008,2341515263,Linode
2341515264,2341515519,Linode
2341515520,2341515775,Linode
2341515776,2341516031,Linode
2341516032,2341516287,Linode
2341516288,2341516543,Linode
2341516544,2341516799,Linode
2341516800,2341517055,Linode
2341517056,2341517311,Linode
2341517312,2341517567,Linode
2341517568,2341517823,Linode
2341517824,2341518079,Linode
2341518080,2341518335,Linode
2341518336,2341518591,Linode
2341518592,2341518847,Linode
2341518848,2341519103,Linode
2341519104,2341519359,Linode
2341519360,2341519615,Linode
2341519616,2341519871,Linode
2341519872,2341520127,Linode
2341520128,2341520383,Linode
2341520384,2341520639,Linode
2341520640,2341520895,Linode
2341520896,2341521151,Linode
2341521152,2341521407,Linode
2341521408,2341521663,Linode
2341521664,2341521919,Linode
2341521920,2341522175,Linode
2341522176,2341522431,Linode
2341522432,2341522687,Linode
2341522688,2341522943,Linode
2341522944,2341523199,Linode
2341523200,2341523455,Linode
2341523456,2341523711,Linode
2341523712,2341523967,Linode
2341523968,2341524223,Linode
2341524224,2341524479,Linode
2341524480,2341524735,Linode
2341524736,2341524991,Linode
2341524992,2341525247,Linode
2341525248,2341525503,Linode
2341525504,2341525759,Linode
2341525760,2341526015,Linode
2341526016,2341526271,Linode
2341526272,2341526527,Linode
2341526528,2341526783,Linode
2341526784,2341527039,Linode
2341527040,2341527295,Linode
2341527296,2341527551,Linode
2341527552,2341527807,Linode
2341527808,2341528063,Linode
2341528064,2341528319,Linode
2341528320,2341528575,Linode
2341528576,2341528831,Linode
2341528832,2341529087,Linode
2341529088,2341529343,Linode
2341529344,2341529599,Linode
2341529600,2341529855,Linode
2341529856,2341530111,Linode
2341530112,2341530367,Linode
2341530368,2341530623,Linode
2341530624,2341530879,Linode
2341530880,2341531135,Linode
2341531136,2341531391,Linode
2341531392,2341531647,Linode
2341531648,2341531903,Linode
2341531904,2341532159,Linode
2341532160,2341532415,Linode
2341532416,2341532671,Linode
2341533440,2341533695,Linode
2341533696,2341533951,Linode
2341533952,2341534207,Linode
2341534208,2341534463,Linode
2341534464,2341534719,Linode
2341534720,2341534975,Linode
2341534976,2341535231,Linode
2341535232,2341535487,Linode
2341535488,2341535743,Linode
2342650112,2342650367,Linode
2342650368,2342650623,Linode
2342650624,2342650879,Linode
2342650880,2342651135,Linode
2342651136,2342651391,Linode
2342651392,2342651647,Linode
2342651648,2342651903,Linode
2342651904,2342652159,Linode
2342652160,2342652415,Linode
2342652416,2342652671,Linode
2342652672,2342652927,Linode
2342652928,2342653183,Linode
2342653184,2342653439,Linode
2342653440,2342653695,Linode
2342653696,2342653951,Linode
2342653952,2342654207,Linode
2342654208,2342654463,Linode
2342654464,2342654719,Linode
2342654720,2342654975,Linode
2342654976,2342655231,Linode
2342655232,2342655487,Linode
2342655488,2342655743,Linode
2342655744,2342655999,Linode
2342656000,2342656255,Linode
2342656256,2342656511,Linode
2342656512,2342656767,Linode
2342656768,2342657023,Linode
2342657024,2342657279,Linode
2342657280,2342657535,Linode
2342657536,2342657791,Linode
2342657792,2342658047,Linode
2342658048,2342658303,Linode
2342658304,2342658559,Linode
2342658560,2342658815,Linode
2342658816,2342659071,Linode
2342659072,2342659327,Linode
2342659328,2342659583,Linode
2342659584,2342659839,Linode
2342659840,2342660095,Linode
2342660096,2342660351,Linode
2342660352,2342660607,Linode
2342660608,2342660863,Linode
2342660864,2342661119,Linode
2342661120,2342661375,Linode
2342661376,2342661631,Linode
2342661632,2342661887,Linode
2342661888,2342662143,Linode
2342662144,2342662399,Linode
2342662400,2342662655,Linode
2342662656,2342662911,Linode
2342662912,2342663167,Linode
2342663168,2342663423,Linode
2342663424,2342663679,Linode
2342663680,2342663935,Linode
2342663936,2342664191,Linode
2342664192,2342664447,Linode
2342664448,2342664703,Linode
2342664704,2342664959,Linode
2342664960,2342665215,Linode
2342665216,2342665471,Linode
2342665472,2342665727,Linode
2342665728,2342665983,Linode
2342665984,2342666239,Linode
2342666496,2342666751,Linode
2342666752,2342667007,Linode
2342667008,2342667263,Linode
2342667264,2342667519,Linode
2342667520,2342667775,Linode
2342667776,2342668031,Linode
2342668032,2342668287,Linode
2342668288,2342668543,Linode
2342668544,2342668799,Linode
2342668800,2342669055,Linode
2342669056,2342669311,Linode
2342669312,2342669567,Linode
2342669568,2342669823,Linode
2342669824,2342670079,Linode
2342670080,2342670335,Linode
2342670336,2342670591,Linode
2342670592,2342670847,Linode
2342670848,2342671103,Linode
2342671104,2342671359,Linode
2342671360,2342671615,Linode
2342671616,2342671871,Linode
2342671872,2342672127,Linode
2342672128,2342672383,Linode
2342672384,2342672639,Linode
2342672640,2342672895,Linode
2342672896,2342673151,Linode
2342673152,2342673407,Linode
2342673408,2342673663,Linode
2342673664,2342673919,Linode
2342673920,2342674175,Linode
2342674176,2342674431,Linode
2342674432,2342674687,Linode
2342674688,2342674943,Linode
2342674944,2342675199,Linode
2342675200,2342675455,Linode
2342675456,2342675711,Linode
2342675712,2342675967,Linode
2342675968,2342676223,Linode
2342676224,2342676479,Linode
2342676480,2342676735,Linode
2342676736,2342676991,Linode
2342676992,2342677247,Linode
2342677248,2342677503,Linode
2342677504,2342677759,Linode
2342677760,2342678015,Linode
2342678016,2342678271,Linode
2342678272,2342678527,Linode
2342678528,2342678783,Linode
2342678784,2342679039,Linode
2342679040,2342679295,Linode
2342679296,2342679551,Linode
2342679552,2342679807,Linode
2342679808,2342680063,Linode
2342680064,2342680319,Linode
2342680320,2342680575,Linode
2342680576,2342680831,Linode
2342680832,2342681087,Linode
2342681088,2342681343,Linode
2342681344,2342681599,Linode
2342681600,2342681855,Linode
2342681856,2342682111,Linode
2342682112,2342682367,Linode
2342682368,2342682623,Linode
2342682624,2342682879,Linode
2342683136,2342683391,Linode
2342683392,2342683647,Linode
2342683648,2342683903,Linode
2342683904,2342684159,Linode
2342684160,2342684415,Linode
2342684416,2342684671,Linode
2342684672,2342684927,Linode
2342684928,2342685183,Linode
2342685184,2342685439,Linode
2342685440,2342685695,Linode
2342685696,2342685951,Linode
2342685952,2342686207,Linode
2342686208,2342686463,Linode
2342686464,2342686719,Linode
2342686720,2342686975,Linode
2342686976,2342687231,Linode
2342687232,2342687487,Linode
2342687488,2342687743,Linode
2342687744,2342687999,Linode
2342688000,2342688255,Linode
2342688256,2342688511,Linode
2342688512,2342688767,Linode
2342688768,2342689023,Linode
2342689024,2342689279,Linode
2342689280,2342689535,Linode
2342689536,2342689791,Linode
2342689792,2342690047,Linode
2342690048,2342690303,Linode
2342690304,2342690559,Linode
2342690560,2342690815,Linode
2342690816,2342691071,Linode
2342691072,2342691327,Linode
2342691328,2342691583,Linode
2342691584,2342691839,Linode
2342691840,2342692095,Linode
2342692096,2342692351,Linode
2342692352,2342692607,Linode
2342692608,2342692863,Linode
2342692864,2342693119,Linode
2342693120,2342693375,Linode
2342693376,2342693631,Linode
2342693632,2342693887,Linode
2342693888,2342694143,Linode
2342694144,2342694399,Linode
2342694400,2342694655,Linode
2342694656,2342694911,Linode
2342694912,2342695167,Linode
2342695168,2342695423,Linode
2342695424,2342695679,Linode
2342695680,2342695935,Linode
2342695936,2342696191,Linode
2342696192,2342696447,Linode
2342696448,2342696703,Linode
2342696704,2342696959,Linode
2342696960,2342697215,Linode
2342697216,2342697471,Linode
2342697472,2342697727,Linode
2342697728,2342697983,Linode
2342697984,2342698239,Linode
2342698240,2342698495,Linode
2342698496,2342698751,Linode
2342698752,2342699007,Linode
2342699008,2342699263,Linode
2342699264,2342699519,Linode
2342699520,2342699775,Linode
2342699776,2342700031,Linode
2342700032,2342700287,Linode
2342700288,2342700543,Linode
2342700544,2342700799,Linode
2342700800,2342701055,Linode
2342701056,2342701311,Linode
2342701312,2342701567,Linode
2342701568,2342701823,Linode
2342701824,2342702079,Linode
2342702080,2342702335,Linode
2342702336,2342702591,Linode
2342702592,2342702847,Linode
2342702848,2342703103,Linode
2342703104,2342703359,Linode
2342703360,2342703615,Linode
2342703616,2342703871,Linode
2342703872,2342704127,Linode
2342704128,2342704383,Linode
2342704384,2342704639,Linode
2342704640,2342704895,Linode
2342704896,2342705151,Linode
2342705152,2342705407,Linode
2342705408,2342705663,Linode
2342705664,2342705919,Linode
2342705920,2342706175,Linode
2342706176,2342706431,Linode
2342706432,2342706687,Linode
2342706688,2342706943,Linode
2342706944,2342707199,Linode
2342707200,2342707455,Linode
2342707456,2342707711,Linode
2342707712,2342707967,Linode
2342707968,2342708223,Linode
2342708224,2342708479,Linode
2342708480,2342708735,Linode
2342708736,2342708991,Linode
2342708992,2342709247,Linode
2342709248,2342709503,Linode
2342709504,2342709759,Linode
2342709760,2342710015,Linode
2342710016,2342710271,Linode
2342710272,2342710527,Linode
2342710528,2342710783,Linode
2342710784,2342711039,Linode
2342711040,2342711295,Linode
2342711296,2342711551,Linode
2342711552,2342711807,Linode
2342711808,2342712063,Linode
2342712064,2342712319,Linode
2342712320,2342712575,Linode
2342712576,2342712831,Linode
2342712832,2342713087,Linode
2342713088,2342713343,Linode
2342713344,2342713599,Linode
2342713600,2342713855,Linode
2342713856,2342714111,Linode
2342714112,2342714367,Linode
2342714368,2342714623,Linode
2342714624,2342714879,Linode
2342714880,2342715135,Linode
2342715136,2342715391,Linode
2343657472,2343659519,Oracle Cloud
2343659520,2343660543,Oracle Cloud
2343660544,2343660671,Oracle Cloud
2343677952,2343678207,Linode
2343678208,2343678463,Linode
2343678464,2343678719,Linode
2343678720,2343678975,Linode
2343678976,2343679231,Linode
2343679232,2343679487,Linode
2343679488,2343679743,Linode
2343679744,2343679999,Linode
2343680000,2343680255,Linode
2343680256,2343680511,Linode
2343680512,2343680767,Linode
2343680768,2343681023,Linode
2343681024,2343681279,Linode
2343681280,2343681535,Linode
2343681536,2343681791,Linode
2343681792,2343682047,Linode
2343682048,2343682303,Linode
2343682304,2343682559,Linode
2343682560,2343682815,Linode
2343682816,2343683071,Linode
2343683072,2343683327,Linode
2343683328,2343683583,Linode
2343683584,2343683839,Linode
2343683840,2343684095,Linode
2343684096,2343684351,Linode
2343684352,2343684607,Linode
2343684608,2343684863,Linode
2343684864,2343685119,Linode
2343685120,2343685375,Linode
2343685376,2343685631,Linode
2343685632,2343685887,Linode
2343685888,2343686143,Linode
2344165376,2344173567,Oracle Cloud
2354212864,2354216959,GitHub
2354212897,2354212897,GitHub
2354212898,2354212898,GitHub
2354213153,2354213153,GitHub
2354213154,2354213154,GitHub
2354213409,2354213409,GitHub
2354213410,2354213410,GitHub
2354215201,2354215201,GitHub
2354215202,2354215202,GitHub
2354257920,2354259967,Oracle Cloud
2354260992,2354262015,Oracle Cloud
2354262016,2354266111,Oracle Cloud
2354270208,2354272255,Oracle Cloud
2354356224,2354364415,Oracle Cloud
2354446336,2354450431,Oracle Cloud
2354454528,2354458623,Oracle Cloud
2354458624,2354460671,Oracle Cloud
2354462208,2354462719,Oracle Cloud
2354462720,2354466815,Oracle Cloud
2354470912,2354471423,Oracle Cloud
2354486272,2354486783,Oracle Cloud
2354495488,2354499583,Oracle Cloud
2354499584,2354501631,Oracle Cloud
2354501632,2354503679,Oracle Cloud
2354775040,2354776063,Oracle Cloud
2354776064,2354776575,Oracle Cloud
2354776576,2354777087,Oracle Cloud
2354777088,2354778111,Oracle Cloud
2354778112,2354779135,Oracle Cloud
2354779136,2354779647,Oracle Cloud
2354779648,2354780159,Oracle Cloud
2354780160,2354781183,Oracle Cloud
2354781184,2354781695,Oracle Cloud
2354781696,2354782207,Oracle Cloud
2354782208,2354782719,Oracle Cloud
2354782720,2354783231,Oracle Cloud
2354783232,2354783743,Oracle Cloud
2354783744,2354784255,Oracle Cloud
2354784256,2354784767,Oracle Cloud
2354784768,2354785279,Oracle Cloud
2354785280,2354785791,Oracle Cloud
2354785792,2354786303,Oracle Cloud
2354786304,2354786815,Oracle Cloud
2354786816,2354787327,Oracle Cloud
2354787328,2354787839,Oracle Cloud
2354787840,2354788351,Oracle Cloud
2354788352,2354788863,Oracle Cloud
2354788864,2354789375,Oracle Cloud
2354789376,2354789887,Oracle Cloud
2354789888,2354790399,Oracle Cloud
2354790400,2354790911,Oracle Cloud
2354790912,2354791423,Oracle Cloud
2354791424,2354791935,Oracle Cloud
2354791936,2354792447,Oracle Cloud
2354792448,2354792959,Oracle Cloud
2354792960,2354793471,Oracle Cloud
2354793472,2354793983,Oracle Cloud
2354793984,2354794495,Oracle Cloud
2354794496,2354795007,Oracle Cloud
2354795008,2354795519,Oracle Cloud
2354795520,2354796543,Oracle Cloud
2354796544,2354797055,Oracle Cloud
2354797056,2354797567,Oracle Cloud
2354797568,2354798079,Oracle Cloud
2354798080,2354798591,Oracle Cloud
2354798592,2354799103,Oracle Cloud
2354799104,2354799615,Oracle Cloud
2354799616,2354800127,Oracle Cloud
2354800128,2354800639,Oracle Cloud
2354800640,2354801151,Oracle Cloud
2354801664,2354802175,Oracle Cloud
2360541184,2360606719,Amazon AWS
2360545024,2360545087,Amazon AWS
2360545088,2360545151,Amazon AWS
2360550416,2360550423,Amazon AWS
2360550432,2360550463,Amazon AWS
2360550464,2360550495,Amazon AWS
2360550608,2360550623,Amazon AWS
2360550624,2360550639,Amazon AWS
2360550640,2360550655,Amazon AWS
2360555776,2360556031,Amazon AWS
2360556032,2360556095,Amazon AWS
2360556120,2360556127,Amazon AWS
2360556288,2360556543,Amazon AWS
2360561472,2360561535,Amazon AWS
2360561652,2360561655,Amazon AWS
2360570360,2360570367,Amazon AWS
2360578176,2360578303,Amazon AWS
2360586240,2360586751,Amazon AWS
2362179712,2362179839,Oracle Cloud
2362180736,2362180863,Oracle Cloud
2362181760,2362181887,Oracle Cloud
2362182784,2362182911,Oracle Cloud
2362183808,2362183935,Oracle Cloud
2362184832,2362184959,Oracle Cloud
2362185856,2362185983,Oracle Cloud
2362187392,2362187519,Oracle Cloud
2362188416,2362188543,Oracle Cloud
2362188928,2362189055,Oracle Cloud
2362189440,2362189567,Oracle Cloud
2362189952,2362190079,Oracle Cloud
2362190464,2362190591,Oracle Cloud
2362191488,2362191615,Oracle Cloud
2362192512,2362192639,Oracle Cloud
2362193024,2362193151,Oracle Cloud
2362193536,2362193663,Oracle Cloud
2362194560,2362194687,Oracle Cloud
2362196608,2362196735,Oracle Cloud
2362197632,2362197759,Oracle Cloud
2362199168,2362199295,Oracle Cloud
2362200192,2362200319,Oracle Cloud
2362201088,2362201599,Oracle Cloud
2362201728,2362201855,Oracle Cloud
2362203264,2362203391,Oracle Cloud
2362204288,2362204415,Oracle Cloud
2362205312,2362205439,Oracle Cloud
2362206336,2362206463,Oracle Cloud
2362207360,2362207487,Oracle Cloud
2362208384,2362208511,Oracle Cloud
2362209408,2362209535,Oracle Cloud
2362210432,2362210559,Oracle Cloud
2362210944,2362211071,Oracle Cloud
2362211456,2362211583,Oracle Cloud
2362211968,2362212095,Oracle Cloud
2362213504,2362213631,Oracle Cloud
2362214528,2362214655,Oracle Cloud
2362216064,2362216191,Oracle Cloud
2362217088,2362217215,Oracle Cloud
2362218112,2362218239,Oracle Cloud
2362219136,2362219263,Oracle Cloud
2362220160,2362220287,Oracle Cloud
2362222208,2362222335,Oracle Cloud
2364407808,2364415999,Oracle Cloud
2364416000,2364424191,Oracle Cloud
2364424192,2364440575,Oracle Cloud
2364440576,2364448767,Oracle Cloud
2364448768,2364450815,Oracle Cloud
2364450816,2364452863,Oracle Cloud
2364452864,2364456959,Oracle Cloud
2364456960,2364461055,Oracle Cloud
2364461056,2364465151,Oracle Cloud
2364465152,2364467199,Oracle Cloud
2364467200,2364468223,Oracle Cloud
2364468224,2364469247,Oracle Cloud
2364469248,2364473343,Oracle Cloud
2364866560,2364874751,Oracle Cloud
2364874752,2364882943,Oracle Cloud
2364882944,2364887039,Oracle Cloud
2364887040,2364891135,Oracle Cloud
2364891136,2364899327,Oracle Cloud
2364915712,2364932095,Oracle Cloud
2365079552,2365095935,Fastly
2365095936,2365128703,Fastly
2365630720,2365630975,DigitalOcean
2365630976,2365631231,DigitalOcean
2372222976,2372239359,Cloudflare
2375032832,2375041023,Oracle Cloud
2375046144,2375047167,Oracle Cloud
2375049216,2375057407,Oracle Cloud
2375073792,2375081983,Oracle Cloud
2375081984,2375090175,Oracle Cloud
2375100416,2375101439,Oracle Cloud
2375118848,2375122943,Oracle Cloud
2375127040,2375131135,Oracle Cloud
2375139328,2375147519,Oracle Cloud
2375221248,2375237631,Oracle Cloud
2375237632,2375254015,Oracle Cloud
2375254016,2375258111,Oracle Cloud
2375258112,2375262207,Oracle Cloud
2375262208,2375270399,Oracle Cloud
2375282688,2375286783,Oracle Cloud
2375286784,2375303167,Oracle Cloud
2375303168,2375311359,Oracle Cloud
2375319552,2375335935,Oracle Cloud
2375335936,2375344127,Oracle Cloud
2375344128,2375352319,Oracle Cloud
2380660736,2380726271,Amazon AWS
2380726272,2380791807,Amazon AWS
2382192640,2382200831,Oracle Cloud
2382217216,2382221311,Oracle Cloud
2382221312,2382222335,Oracle Cloud
2382222336,2382222847,Oracle Cloud
2382222848,2382223103,Oracle Cloud
2382223104,2382223359,Oracle Cloud
2382223360,2382225407,Oracle Cloud
2382405632,2382407679,Oracle Cloud
2382672128,2382672383,Amazon AWS
2382672384,2382672639,Amazon AWS
2382672640,2382672895,Amazon AWS
2382672896,2382673151,Amazon AWS
2388459520,2388463615,DigitalOcean
2388463616,2388467711,DigitalOcean
2388467712,2388471807,DigitalOcean
2388471808,2388475903,DigitalOcean
2388475904,2388479999,DigitalOcean
2388480000,2388484095,DigitalOcean
2388484096,2388488191,DigitalOcean
2388488192,2388492287,DigitalOcean
2388492288,2388496383,DigitalOcean
2388496384,2388500479,DigitalOcean
2388500480,2388504575,DigitalOcean
2388504576,2388508671,DigitalOcean
2388508672,2388512767,DigitalOcean
2388512768,2388516863,DigitalOcean
2388516864,2388520959,DigitalOcean
2388520960,2388525055,DigitalOcean
2398748672,2398879743,Google
2401894400,2401894655,Linode
2401894656,2401894911,Linode
2401894912,2401895167,Linode
2401895168,2401895423,Linode
2401895424,2401895679,Linode
2401895680,2401895935,Linode
2401895936,2401896191,Linode
2401896192,2401896447,Linode
2401896448,2401896703,Linode
2401896704,2401896959,Linode
2401896960,2401897215,Linode
2401897216,2401897471,Linode
2401897472,2401897727,Linode
2401897728,2401897983,Linode
2401897984,2401898239,Linode
2401898240,2401898495,Linode
2401898496,2401898751,Linode
2401898752,2401899007,Linode
2401899008,2401899263,Linode
2401899264,2401899519,Linode
2401899520,2401899775,Linode
2401899776,2401900031,Linode
2401900032,2401900287,Linode
2401900288,2401900543,Linode
2401900544,2401900799,Linode
2401900800,2401901055,Linode
2401901056,2401901311,Linode
2401901312,2401901567,Linode
2401901568,2401901823,Linode
2401901824,2401902079,Linode
2401902080,2401902335,Linode
2401902336,2401902591,Linode
2401902592,2401902847,Linode
2401902848,2401903103,Linode
2401903104,2401903359,Linode
2401903360,2401903615,Linode
2401903616,2401903871,Linode
2401903872,2401904127,Linode
2401904128,2401904383,Linode
2401904384,2401904639,Linode
2401904640,2401904895,Linode
2401904896,2401905151,Linode
2401905152,2401905407,Linode
2401905408,2401905663,Linode
2401905664,2401905919,Linode
2401905920,2401906175,Linode
2401906176,2401906431,Linode
2401906432,2401906687,Linode
2401906688,2401906943,Linode
2401906944,2401907199,Linode
2401907200,2401907455,Linode
2401907456,2401907711,Linode
2401907712,2401907967,Linode
2401907968,2401908223,Linode
2401908224,2401908479,Linode
2401908480,2401908735,Linode
2401908736,2401908991,Linode
2401908992,2401909247,Linode
2401909248,2401909503,Linode
2401909504,2401909759,Linode
2401909760,2401910015,Linode
2401910016,2401910271,Linode
2401910272,2401910527,Linode
2401910528,2401910783,Linode
2401910784,2401911039,Linode
2401911040,2401911295,Linode
2401911296,2401911551,Linode
2401911552,2401911807,Linode
2401911808,2401912063,Linode
2401912064,2401912319,Linode
2401912320,2401912575,Linode
2401912576,2401912831,Linode
2401912832,2401913087,Linode
2401913088,2401913343,Linode
2401913344,2401913599,Linode
2401913600,2401913855,Linode
2401913856,2401914111,Linode
2401914112,2401914367,Linode
2401914368,2401914623,Linode
2401914624,2401914879,Linode
2401914880,2401915135,Linode
2401915136,2401915391,Linode
2401915392,2401915647,Linode
2401915648,2401915903,Linode
2401915904,2401916159,Linode
2401916160,2401916415,Linode
2401916416,2401916671,Linode
2401916672,2401916927,Linode
2401916928,2401917183,Linode
2401917184,2401917439,Linode
2401917440,2401917695,Linode
2401917696,2401917951,Linode
2401917952,2401918207,Linode
2401918208,2401918463,Linode
2401918464,2401918719,Linode
2401918720,2401918975,Linode
2401918976,2401919231,Linode
2401919232,2401919487,Linode
2401919488,2401919743,Linode
2401919744,2401919999,Linode
2401920000,2401920255,Linode
2401920256,2401920511,Linode
2401920512,2401920767,Linode
2401920768,2401921023,Linode
2401921024,2401921279,Linode
2401921280,2401921535,Linode
2401921536,2401921791,Linode
2401921792,2401922047,Linode
2401922048,2401922303,Linode
2401922304,2401922559,Linode
2401922560,2401922815,Linode
2401922816,2401923071,Linode
2401923072,2401923327,Linode
2401923328,2401923583,Linode
2401923584,2401923839,Linode
2401923840,2401924095,Linode
2401924096,2401924351,Linode
2401924352,2401924607,Linode
2401924608,2401924863,Linode
2401924864,2401925119,Linode
2401925120,2401925375,Linode
2401925376,2401925631,Linode
2401925632,2401925887,Linode
2401925888,2401926143,Linode
2401926144,2401926399,Linode
2401926400,2401926655,Linode
2401926656,2401926911,Linode
2401926912,2401927167,Linode
2401927168,2401927423,Linode
2401927424,2401927679,Linode
2401927680,2401927935,Linode
2401927936,2401928191,Linode
2401928192,2401928447,Linode
2401928448,2401928703,Linode
2401928704,2401928959,Linode
2401928960,2401929215,Linode
2401929216,2401929471,Linode
2401929472,2401929727,Linode
2401929728,2401929983,Linode
2401929984,2401930239,Linode
2401930240,2401930495,Linode
2401930496,2401930751,Linode
2401930752,2401931007,Linode
2401931008,2401931263,Linode
2401931264,2401931519,Linode
2401931520,2401931775,Linode
2401931776,2401932031,Linode
2401932032,2401932287,Linode
2401932288,2401932543,Linode
2401932544,2401932799,Linode
2401932800,2401933055,Linode
2401933056,2401933311,Linode
2401933312,2401933567,Linode
2401933568,2401933823,Linode
2401933824,2401934079,Linode
2401934080,2401934335,Linode
2401934336,2401934591,Linode
2401934592,2401934847,Linode
2401934848,2401935103,Linode
2401935104,2401935359,Linode
2401935360,2401935615,Linode
2401935616,2401935871,Linode
2401935872,2401936127,Linode
2401936128,2401936383,Linode
2401936384,2401936639,Linode
2401936640,2401936895,Linode
2401936896,2401937151,Linode
2401937152,2401937407,Linode
2401937408,2401937663,Linode
2401937664,2401937919,Linode
2401937920,2401938175,Linode
2401938176,2401938431,Linode
2401938432,2401938687,Linode
2401938688,2401938943,Linode
2401939968,2401940223,Linode
2401940224,2401940479,Linode
2401940992,2401941247,Linode
2401941248,2401941503,Linode
2401941504,2401941759,Linode
2401941760,2401942015,Linode
2401942016,2401942271,Linode
2401942272,2401942527,Linode
2401942528,2401942783,Linode
2401942784,2401943039,Linode
2401943040,2401943295,Linode
2401943296,2401943551,Linode
2401943552,2401943807,Linode
2401943808,2401944063,Linode
2401944064,2401944319,Linode
2401944320,2401944575,Linode
2401944576,2401944831,Linode
2401944832,2401945087,Linode
2401945088,2401945343,Linode
2401945344,2401945599,Linode
2401945600,2401945855,Linode
2401945856,2401946111,Linode
2401946112,2401946367,Linode
2401946368,2401946623,Linode
2401946624,2401946879,Linode
2401946880,2401947135,Linode
2401947136,2401947391,Linode
2401947392,2401947647,Linode
2401947648,2401947903,Linode
2401947904,2401948159,Linode
2401948160,2401948415,Linode
2401948416,2401948671,Linode
2401948672,2401948927,Linode
2401948928,2401949183,Linode
2401949184,2401949439,Linode
2401949440,2401949695,Linode
2401949696,2401949951,Linode
2401949952,2401950207,Linode
2401950208,2401950463,Linode
2401950464,2401950719,Linode
2401950720,2401950975,Linode
2401950976,2401951231,Linode
2401951232,2401951487,Linode
2401951488,2401951743,Linode
2401951744,2401951999,Linode
2401952000,2401952255,Linode
2401952256,2401952511,Linode
2401952512,2401952767,Linode
2401952768,2401953023,Linode
2401953024,2401953279,Linode
2401953280,2401953535,Linode
2401953536,2401953791,Linode
2401953792,2401954047,Linode
2401954048,2401954303,Linode
2401954304,2401954559,Linode
2401954560,2401954815,Linode
2401954816,2401955071,Linode
2401955072,2401955327,Linode
2401955328,2401955583,Linode
2401955584,2401955839,Linode
2401955840,2401956095,Linode
2401956096,2401956351,Linode
2401956352,2401956607,Linode
2401956608,2401956863,Linode
2401956864,2401957119,Linode
2401957120,2401957375,Linode
2401957376,2401957631,Linode
2401957632,2401957887,Linode
2401957888,2401958143,Linode
2401958144,2401958399,Linode
2401958400,2401958655,Linode
2401958656,2401958911,Linode
2401958912,2401959167,Linode
2401959168,2401959423,Linode
2401959424,2401959679,Linode
2401959680,2401959935,Linode
2402230272,2402238463,Oracle Cloud
2402246656,2402254847,Oracle Cloud
2402267136,2402271231,Oracle Cloud
2402279424,2402287615,Oracle Cloud
2402762752,2402766847,GitHub
2406383616,2406387711,DigitalOcean
2406387712,2406391807,DigitalOcean
2406391808,2406395903,DigitalOcean
2406395904,2406399999,DigitalOcean
2406400000,2406404095,DigitalOcean
2406404096,2406408191,DigitalOcean
2406408192,2406412287,DigitalOcean
2406412288,2406416383,DigitalOcean
2412118016,2412122111,DigitalOcean
2412122112,2412126207,DigitalOcean
2412126208,2412130303,DigitalOcean
2412130304,2412134399,DigitalOcean
2412134400,2412138495,DigitalOcean
2412138496,2412142591,DigitalOcean
2412142592,2412146687,DigitalOcean
2412146688,2412150783,DigitalOcean
2412150784,2412154879,DigitalOcean
2412154880,2412158975,DigitalOcean
2412158976,2412163071,DigitalOcean
2412163072,2412167167,DigitalOcean
2412167168,2412171263,DigitalOcean
2412171264,2412175359,DigitalOcean
2412175360,2412179455,DigitalOcean
2412179456,2412180479,DigitalOcean
2412180480,2412181503,DigitalOcean
2412181504,2412182527,DigitalOcean
2412511232,2412576767,Amazon AWS
2415165440,2415169535,DigitalOcean
2415169536,2415173631,DigitalOcean
2415173632,2415177727,DigitalOcean
2415177728,2415181823,DigitalOcean
2415182848,2415183871,DigitalOcean
2415183872,2415184895,DigitalOcean
2415184896,2415185919,DigitalOcean
2415185920,2415186943,DigitalOcean
2415186944,2415187967,DigitalOcean
2415188480,2415188735,DigitalOcean
2415188992,2415190015,DigitalOcean
2417303552,2417307647,Oracle Cloud
2417307648,2417311743,Oracle Cloud
2417311744,2417328127,Oracle Cloud
2417369088,2417377279,Oracle Cloud
2417377280,2417393663,Oracle Cloud
2417393664,2417426431,Oracle Cloud
2417491968,2417508351,Oracle Cloud
2417508352,2417516543,Oracle Cloud
2417516544,2417524735,Oracle Cloud
2417524736,2417532927,Oracle Cloud
2417532928,2417541119,Oracle Cloud
2417541120,2417545215,Oracle Cloud
2417545216,2417549311,Oracle Cloud
2417549312,2417551359,Oracle Cloud
2417551360,2417553407,Oracle Cloud
2417553408,2417557503,Oracle Cloud
2418081792,2418089983,Oracle Cloud
2424225792,2424229887,DigitalOcean
2424229888,2424233983,DigitalOcean
2424233984,2424238079,DigitalOcean
2424238080,2424239103,DigitalOcean
2424239104,2424240127,DigitalOcean
2424240128,2424241151,DigitalOcean
2424241152,2424242175,DigitalOcean
2430337024,2430402559,Amazon AWS
2441347072,2441379839,GitHub
2441379840,2441412607,GitHub
2445148160,2445148671,GitHub
2445148672,2445148927,GitHub
2445148928,2445149183,GitHub
2445149184,2445149695,GitHub
2445149696,2445149951,GitHub
2445149952,2445150207,GitHub
2445150208,2445152255,GitHub
2445152256,2445156351,GitHub
2445156352,2445157375,GitHub
2445157376,2445157631,GitHub
2445157632,2445157887,GitHub
2445157888,2445158399,GitHub
2445158400,2445158911,GitHub
2445158912,2445159167,GitHub
2445159168,2445159423,GitHub
2445159424,2445160447,GitHub
2445160448,2445161471,GitHub
2445163264,2445163519,GitHub
2445164032,2445164287,GitHub
2445165056,2445165567,GitHub
2445165568,2445165823,GitHub
2445168128,2445168383,GitHub
2445168384,2445168639,GitHub
2445168640,2445168895,GitHub
2445168896,2445169151,GitHub
2445181440,2445181695,GitHub
2445181952,2445182207,GitHub
2445182208,2445182463,GitHub
2445182464,2445182719,GitHub
2445182720,2445182975,GitHub
2445183232,2445183487,GitHub
2445184256,2445184511,GitHub
2445184512,2445184767,GitHub
2445184768,2445185023,GitHub
2445185024,2445185279,GitHub
2445185280,2445185535,GitHub
2445187840,2445188095,GitHub
2445188864,2445189119,GitHub
2445189376,2445189631,GitHub
2445189632,2445189887,GitHub
2445189888,2445190143,GitHub
2445191424,2445191679,GitHub
2445191680,2445191935,GitHub
2445191936,2445192191,GitHub
2445192192,2445192447,GitHub
2445192448,2445192703,GitHub
2445192704,2445192959,GitHub
2445193472,2445193727,GitHub
2445193728,2445193983,GitHub
2445193984,2445194239,GitHub
2445194240,2445194495,GitHub
2445195008,2445195263,GitHub
2445195520,2445195775,GitHub
2445213696,2445246463,GitHub
2445246464,2445279231,GitHub
2448515072,2448517119,Oracle Cloud
2448517120,2448519167,Oracle Cloud
2448519168,2448523263,Oracle Cloud
2448527360,2448529407,Oracle Cloud
2448529408,2448531455,Oracle Cloud
2448531456,2448535551,Oracle Cloud
2448536064,2448536575,Oracle Cloud
2448536576,2448537087,Oracle Cloud
2448537088,2448537343,Oracle Cloud
2448537344,2448537599,Oracle Cloud
2448537600,2448539647,Oracle Cloud
2448539648,2448556031,Oracle Cloud
2453151744,2453155839,Oracle Cloud
2453155840,2453157887,Oracle Cloud
2453159360,2453159423,Oracle Cloud
2453168128,2453172223,Oracle Cloud
2453172224,2453174271,Oracle Cloud
2453174272,2453175295,Oracle Cloud
2453175360,2453175423,Oracle Cloud
2453175424,2453175551,Oracle Cloud
2453175552,2453175807,Oracle Cloud
2453175808,2453176319,Oracle Cloud
2453176320,2453192703,Oracle Cloud
2454388736,2454421503,Fastly
2459172864,2459205631,Google
2459173376,2459173887,Google Cloud
2459173888,2459174911,Google Cloud
2459174912,2459176959,Google Cloud
2459176960,2459181055,Google Cloud
2459181056,2459189247,Google Cloud
2459189248,2459197439,Google Cloud
2459197440,2459201535,Google Cloud
2459201536,2459205631,Google Cloud
2461339648,2461343743,Oracle Cloud
2461343744,2461351935,Oracle Cloud
2461630464,2461638655,DigitalOcean
2461638656,2461642751,DigitalOcean
2461642752,2461644799,DigitalOcean
2461644800,2461646847,DigitalOcean
2461925376,2461926399,DigitalOcean
2461926400,2461927423,DigitalOcean
2461927424,2461928447,DigitalOcean
2461928448,2461929471,DigitalOcean
2461929472,2461933567,DigitalOcean
2461933568,2461941759,DigitalOcean
2461941760,2461945855,DigitalOcean
2461945856,2461949951,DigitalOcean
2461949952,2461954047,DigitalOcean
2461954048,2461958143,DigitalOcean
2461958144,2461966335,DigitalOcean
2461966336,2461970431,DigitalOcean
2461970432,2461971455,DigitalOcean
2461972480,2461973503,DigitalOcean
2461973504,2461974527,DigitalOcean
2461974528,2461975551,DigitalOcean
2461975552,2461976575,DigitalOcean
2461976576,2461977599,DigitalOcean
2461977600,2461978623,DigitalOcean
2461978624,2461982719,DigitalOcean
2461982720,2461986815,DigitalOcean
2461986816,2461990911,DigitalOcean
2464874496,2464878591,Oracle Cloud
2464878592,2464880639,Oracle Cloud
2464880640,2464882687,Oracle Cloud
2464882688,2464890879,Oracle Cloud
2464923648,2464931839,Oracle Cloud
2464931840,2464935935,Oracle Cloud
2464935936,2464937983,Oracle Cloud
2464938944,2464939007,Oracle Cloud
2464939072,2464939135,Oracle Cloud
2464939136,2464939263,Oracle Cloud
2464939264,2464939519,Oracle Cloud
2464939520,2464940031,Oracle Cloud
2466583552,2466584575,Oracle Cloud
2466585600,2466586623,Oracle Cloud
2466594816,2466603007,Oracle Cloud
2466603008,2466611199,Oracle Cloud
2466611200,2466643967,Oracle Cloud
2467233792,2467266559,Oracle Cloud
2467266560,2467274751,Oracle Cloud
2467278848,2467279359,Oracle Cloud
2467280896,2467282943,Oracle Cloud
2467282944,2467299327,Oracle Cloud
2476343296,2476351487,Oracle Cloud
2476351488,2476351615,Oracle Cloud
2476352512,2476353535,Oracle Cloud
2476353536,2476355583,Oracle Cloud
2476355584,2476357631,Oracle Cloud
2476357632,2476358655,Oracle Cloud
2476367872,2476371967,Oracle Cloud
2476371968,2476374015,Oracle Cloud
2476374016,2476375039,Oracle Cloud
2476376064,2476384255,Oracle Cloud
2476384256,2476388351,Oracle Cloud
2476388352,2476390399,Oracle Cloud
2476390400,2476391423,Oracle Cloud
2476391808,2476391935,Oracle Cloud
2476400640,2476404735,Oracle Cloud
2476404736,2476406783,Oracle Cloud
2476408704,2476408831,Oracle Cloud
2478211072,2478215167,DigitalOcean
2478215168,2478219263,DigitalOcean
2478219264,2478223359,DigitalOcean
2478223360,2478227455,DigitalOcean
2478227456,2478231551,DigitalOcean
2478231552,2478235647,DigitalOcean
2478235648,2478239743,DigitalOcean
2478239744,2478243839,DigitalOcean
2480932864,2480934911,Oracle Cloud
2480939008,2480947199,Oracle Cloud
2480947200,2480947455,Oracle Cloud
2480947712,2480948223,Oracle Cloud
2480948224,2480949247,Oracle Cloud
2480963584,2480979967,Oracle Cloud
2480979968,2480988159,Oracle Cloud
2480988160,2480992255,Oracle Cloud
2480992256,2480996351,Oracle Cloud
2490646528,2490654719,Oracle Cloud
2490656768,2490658815,Oracle Cloud
2490658816,2490659839,Oracle Cloud
2507546624,2507554815,Oracle Cloud
2507554816,2507558911,Oracle Cloud
2507561984,2507563007,Oracle Cloud
2507599872,2507600383,Oracle Cloud
2508210176,2508226559,Amazon AWS
2508359680,2508360191,Oracle Cloud
2508365824,2508374015,Oracle Cloud
2508378112,2508382207,Oracle Cloud
2508382208,2508390399,Oracle Cloud
2523267072,2523332607,Amazon AWS
2523332608,2523398143,Amazon AWS
2525495296,2525560831,Oracle Cloud
2531131392,2531131647,Amazon AWS
2531131648,2531131903,Amazon AWS
2531131904,2531132159,Amazon AWS
2531132160,2531132415,Amazon AWS
2531132416,2531132671,Amazon AWS
2531132672,2531132927,Amazon AWS
2531132928,2531133183,Amazon AWS
2531133184,2531133439,Amazon AWS
2531133440,2531133695,Amazon AWS
2531133696,2531133951,Amazon AWS
2531133952,2531134207,Amazon AWS
2531134208,2531134463,Amazon AWS
2531134464,2531134719,Amazon AWS
2531134720,2531134975,Amazon AWS
2531134976,2531135231,Amazon AWS
2531135356,2531135356,Amazon AWS
2531135357,2531135357,Amazon AWS
2531135358,2531135358,Amazon AWS
2531135359,2531135359,Amazon AWS
2531135360,2531135363,Amazon AWS
2531135364,2531135365,Amazon AWS
2531137568,2531137568,Amazon AWS
2531137569,2531137569,Amazon AWS
2531137570,2531137570,Amazon AWS
2531137571,2531137571,Amazon AWS
2531137572,2531137572,Amazon AWS
2531137573,2531137573,Amazon AWS
2531137574,2531137574,Amazon AWS
2531137575,2531137575,Amazon AWS
2531137600,2531137600,Amazon AWS
2531137601,2531137601,Amazon AWS
2531137602,2531137602,Amazon AWS
2531137603,2531137603,Amazon AWS
2531137604,2531137604,Amazon AWS
2531137605,2531137605,Amazon AWS
2531137606,2531137606,Amazon AWS
2531137607,2531137607,Amazon AWS
2531137824,2531137824,Amazon AWS
2531137825,2531137825,Amazon AWS
2531137826,2531137826,Amazon AWS
2531137827,2531137827,Amazon AWS
2531137828,2531137828,Amazon AWS
2531137829,2531137829,Amazon AWS
2531137830,2531137830,Amazon AWS
2531137831,2531137831,Amazon AWS
2531138048,2531138303,Amazon AWS
2531138304,2531138559,Amazon AWS
2531138560,2531138815,Amazon AWS
2531138816,2531139071,Amazon AWS
2531139072,2531139583,Amazon AWS
2531139584,2531139839,Amazon AWS
2531139840,2531140095,Amazon AWS
2531140096,2531140351,Amazon AWS
2531140352,2531140479,Amazon AWS
2531140480,2531140607,Amazon AWS
2531140608,2531140735,Amazon AWS
2531140736,2531140799,Amazon AWS
2531140800,2531140863,Amazon AWS
2531140864,2531140927,Amazon AWS
2531140928,2531140991,Amazon AWS
2531140992,2531141055,Amazon AWS
2531141056,2531141119,Amazon AWS
2531141120,2531141183,Amazon AWS
2531141184,2531141247,Amazon AWS
2531141248,2531141311,Amazon AWS
2531141312,2531141375,Amazon AWS
2531141376,2531141439,Amazon AWS
2531141440,2531141503,Amazon AWS
2531141504,2531141567,Amazon AWS
2531141568,2531141631,Amazon AWS
2531141632,2531141695,Amazon AWS
2531141696,2531141759,Amazon AWS
2531141760,2531141823,Amazon AWS
2531141824,2531141887,Amazon AWS
2531141888,2531141951,Amazon AWS
2531141952,2531142015,Amazon AWS
2531142016,2531142079,Amazon AWS
2531142080,2531142143,Amazon AWS
2531142144,2531142207,Amazon AWS
2531142208,2531142271,Amazon AWS
2531142272,2531142335,Amazon AWS
2531142336,2531142399,Amazon AWS
2531142400,2531142463,Amazon AWS
2531142464,2531142495,Amazon AWS
2531142496,2531142527,Amazon AWS
2531142528,2531142559,Amazon AWS
2531142560,2531142591,Amazon AWS
2531142592,2531142623,Amazon AWS
2531142624,2531142655,Amazon AWS
2531142656,2531142687,Amazon AWS
2531142688,2531142719,Amazon AWS
2531142720,2531142751,Amazon AWS
2531142752,2531142783,Amazon AWS
2531142784,2531142815,Amazon AWS
2531142816,2531142847,Amazon AWS
2531142848,2531142911,Amazon AWS
2531142912,2531142943,Amazon AWS
2531142944,2531142975,Amazon AWS
2531142976,2531143007,Amazon AWS
2531143040,2531143167,Amazon AWS
2531143168,2531143295,Amazon AWS
2531143296,2531143423,Amazon AWS
2531143424,2531143487,Amazon AWS
2531143488,2531143551,Amazon AWS
2531143552,2531143615,Amazon AWS
2531143616,2531143679,Amazon AWS
2531143680,2531143743,Amazon AWS
2531143744,2531143775,Amazon AWS
2531143776,2531143807,Amazon AWS
2531143808,2531143839,Amazon AWS
2531143840,2531143871,Amazon AWS
2531143872,2531143903,Amazon AWS
2531143904,2531143935,Amazon AWS
2531143936,2531143967,Amazon AWS
2531143968,2531143999,Amazon AWS
2531144000,2531144031,Amazon AWS
2531144032,2531144063,Amazon AWS
2531144064,2531144095,Amazon AWS
2531144096,2531144127,Amazon AWS
2531144128,2531144159,Amazon AWS
2531144160,2531144191,Amazon AWS
2531144192,2531144223,Amazon AWS
2531144224,2531144255,Amazon AWS
2531144256,2531144287,Amazon AWS
2531144288,2531144319,Amazon AWS
2531144320,2531144351,Amazon AWS
2531144352,2531144383,Amazon AWS
2531144384,2531144415,Amazon AWS
2531144416,2531144447,Amazon AWS
2531144448,2531144479,Amazon AWS
2531144480,2531144511,Amazon AWS
2531144512,2531144543,Amazon AWS
2531144544,2531144575,Amazon AWS
2531144576,2531144607,Amazon AWS
2531144608,2531144639,Amazon AWS
2531144640,2531144671,Amazon AWS
2531144672,2531144703,Amazon AWS
2531144704,2531144735,Amazon AWS
2531144736,2531144767,Amazon AWS
2531144768,2531144799,Amazon AWS
2531144800,2531144831,Amazon AWS
2531144832,2531144863,Amazon AWS
2531144864,2531144895,Amazon AWS
2531144896,2531144927,Amazon AWS
2531144928,2531144959,Amazon AWS
2531144960,2531144991,Amazon AWS
2531144992,2531145023,Amazon AWS
2531145024,2531145055,Amazon AWS
2531145056,2531145087,Amazon AWS
2531145088,2531145119,Amazon AWS
2531145120,2531145151,Amazon AWS
2531145152,2531145183,Amazon AWS
2531145184,2531145215,Amazon AWS
2531145216,2531145247,Amazon AWS
2531145248,2531145279,Amazon AWS
2531145280,2531145311,Amazon AWS
2531145312,2531145343,Amazon AWS
2531145344,2531145375,Amazon AWS
2531145376,2531145407,Amazon AWS
2531145408,2531145439,Amazon AWS
2531145440,2531145471,Amazon AWS
2531145472,2531145503,Amazon AWS
2531145504,2531145535,Amazon AWS
2531145536,2531145567,Amazon AWS
2531145568,2531145599,Amazon AWS
2531145600,2531145631,Amazon AWS
2531145632,2531145663,Amazon AWS
2531147776,2531148031,Amazon AWS
2531148032,2531148287,Amazon AWS
2531148288,2531148543,Amazon AWS
2531148544,2531148799,Amazon AWS
2531148916,2531148917,Amazon AWS
2531149056,2531149311,Amazon AWS
2531149312,2531149567,Amazon AWS
2531149568,2531149823,Amazon AWS
2531149824,2531150079,Amazon AWS
2531150080,2531150335,Amazon AWS
2531150336,2531150591,Amazon AWS
2531150592,2531150847,Amazon AWS
2531150848,2531151103,Amazon AWS
2531151104,2531151359,Amazon AWS
2531151360,2531151615,Amazon AWS
2531151616,2531151871,Amazon AWS
2531151872,2531152127,Amazon AWS
2531152128,2531152383,Amazon AWS
2531152384,2531152639,Amazon AWS
2531152640,2531152895,Amazon AWS
2531152896,2531153151,Amazon AWS
2531153152,2531153407,Amazon AWS
2531153408,2531153663,Amazon AWS
2531153664,2531153919,Amazon AWS
2531153920,2531154175,Amazon AWS
2531154176,2531154431,Amazon AWS
2531154432,2531154687,Amazon AWS
2531154688,2531154943,Amazon AWS
2531154944,2531155967,Amazon AWS
2531155968,2531156223,Amazon AWS
2531156224,2531156479,Amazon AWS
2531156480,2531156735,Amazon AWS
2531156736,2531156991,Amazon AWS
2531156992,2531157247,Amazon AWS
2531157248,2531157503,Amazon AWS
2531157504,2531157759,Amazon AWS
2531157760,2531158015,Amazon AWS
2531158016,2531158271,Amazon AWS
2531158272,2531158527,Amazon AWS
2531158528,2531158783,Amazon AWS
2531158784,2531159039,Amazon AWS
2531159040,2531159295,Amazon AWS
2531159296,2531159551,Amazon AWS
2531159552,2531159807,Amazon AWS
2531159808,2531160063,Amazon AWS
2531160064,2531160319,Amazon AWS
2531160320,2531160575,Amazon AWS
2531160576,2531160831,Amazon AWS
2531160832,2531161087,Amazon AWS
2531161088,2531161343,Amazon AWS
2531161344,2531161599,Amazon AWS
2531161600,2531161855,Amazon AWS
2531161856,2531162111,Amazon AWS
2531162112,2531162367,Amazon AWS
2531162368,2531162623,Amazon AWS
2531162624,2531162879,Amazon AWS
2531162880,2531163135,Amazon AWS
2531164416,2531164671,Amazon AWS
2531165440,2531165695,Amazon AWS
2531165696,2531165951,Amazon AWS
2531165952,2531166207,Amazon AWS
2531166208,2531166463,Amazon AWS
2531166464,2531166719,Amazon AWS
2531166720,2531166975,Amazon AWS
2531167092,2531167095,Amazon AWS
2531167096,2531167099,Amazon AWS
2531167100,2531167103,Amazon AWS
2531167232,2531167487,Amazon AWS
2531167488,2531167743,Amazon AWS
2531167744,2531167999,Amazon AWS
2531168000,2531168255,Amazon AWS
2531168288,2531168288,Amazon AWS
2531168289,2531168289,Amazon AWS
2531168290,2531168290,Amazon AWS
2531168291,2531168291,Amazon AWS
2531168292,2531168292,Amazon AWS
2531168293,2531168293,Amazon AWS
2531168294,2531168294,Amazon AWS
2531168295,2531168295,Amazon AWS
2531168320,2531168320,Amazon AWS
2531168321,2531168321,Amazon AWS
2531168322,2531168322,Amazon AWS
2531168323,2531168323,Amazon AWS
2531168324,2531168324,Amazon AWS
2531168325,2531168325,Amazon AWS
2531168326,2531168326,Amazon AWS
2531168327,2531168327,Amazon AWS
2531168352,2531168352,Amazon AWS
2531168353,2531168353,Amazon AWS
2531168354,2531168354,Amazon AWS
2531168355,2531168355,Amazon AWS
2531168356,2531168356,Amazon AWS
2531168357,2531168357,Amazon AWS
2531168358,2531168358,Amazon AWS
2531168359,2531168359,Amazon AWS
2531170336,2531170336,Amazon AWS
2531170337,2531170337,Amazon AWS
2531170338,2531170338,Amazon AWS
2531170339,2531170339,Amazon AWS
2531170340,2531170340,Amazon AWS
2531170341,2531170341,Amazon AWS
2531170342,2531170342,Amazon AWS
2531170343,2531170343,Amazon AWS
2531170368,2531170368,Amazon AWS
2531170369,2531170369,Amazon AWS
2531170370,2531170370,Amazon AWS
2531170371,2531170371,Amazon AWS
2531170372,2531170372,Amazon AWS
2531170373,2531170373,Amazon AWS
2531170374,2531170374,Amazon AWS
2531170375,2531170375,Amazon AWS
2531170400,2531170400,Amazon AWS
2531170401,2531170401,Amazon AWS
2531170402,2531170402,Amazon AWS
2531170403,2531170403,Amazon AWS
2531170404,2531170404,Amazon AWS
2531170405,2531170405,Amazon AWS
2531170406,2531170406,Amazon AWS
2531170407,2531170407,Amazon AWS
2531172384,2531172384,Amazon AWS
2531172385,2531172385,Amazon AWS
2531172386,2531172386,Amazon AWS
2531172387,2531172387,Amazon AWS
2531172388,2531172388,Amazon AWS
2531172389,2531172389,Amazon AWS
2531172390,2531172390,Amazon AWS
2531172391,2531172391,Amazon AWS
2531173584,2531173585,Amazon AWS
2531173586,2531173586,Amazon AWS
2531173587,2531173587,Amazon AWS
2531173588,2531173589,Amazon AWS
2531173590,2531173591,Amazon AWS
2531173596,2531173597,Amazon AWS
2531173598,2531173598,Amazon AWS
2531174432,2531174432,Amazon AWS
2531174433,2531174433,Amazon AWS
2531174434,2531174434,Amazon AWS
2531174435,2531174435,Amazon AWS
2531174436,2531174436,Amazon AWS
2531174437,2531174437,Amazon AWS
2531174438,2531174438,Amazon AWS
2531174439,2531174439,Amazon AWS
2531176448,2531177471,Amazon AWS
2531177472,2531177727,Amazon AWS
2531177998,2531177998,Amazon AWS
2531177999,2531177999,Amazon AWS
2531178000,2531178000,Amazon AWS
2531178001,2531178001,Amazon AWS
2531181568,2531181823,Amazon AWS
2531182336,2531182463,Amazon AWS
2531182652,2531182652,Amazon AWS
2531182653,2531182653,Amazon AWS
2531183104,2531183359,Amazon AWS
2531183360,2531183615,Amazon AWS
2531183616,2531183871,Amazon AWS
2531183872,2531184127,Amazon AWS
2531184128,2531184383,Amazon AWS
2531184384,2531184639,Amazon AWS
2531184640,2531184895,Amazon AWS
2531185152,2531185407,Amazon AWS
2531185408,2531185663,Amazon AWS
2531185664,2531185919,Amazon AWS
2531185920,2531186175,Amazon AWS
2531186176,2531186431,Amazon AWS
2531186432,2531186687,Amazon AWS
2531186688,2531186943,Amazon AWS
2531186944,2531187199,Amazon AWS
2531187200,2531187455,Amazon AWS
2531187456,2531187711,Amazon AWS
2531187712,2531187967,Amazon AWS
2531187968,2531188223,Amazon AWS
2531188224,2531188479,Amazon AWS
2531188480,2531188735,Amazon AWS
2531188736,2531188991,Amazon AWS
2531189248,2531189503,Amazon AWS
2531189504,2531189759,Amazon AWS
2531189760,2531190015,Amazon AWS
2531190016,2531190271,Amazon AWS
2531190272,2531190527,Amazon AWS
2531190528,2531190783,Amazon AWS
2531190784,2531191039,Amazon AWS
2531191040,2531191295,Amazon AWS
2531191296,2531191296,Amazon AWS
2531191297,2531191297,Amazon AWS
2531191298,2531191298,Amazon AWS
2531191299,2531191299,Amazon AWS
2531191300,2531191300,Amazon AWS
2531191301,2531191301,Amazon AWS
2531191302,2531191303,Amazon AWS
2531191304,2531191305,Amazon AWS
2531191306,2531191307,Amazon AWS
2531191308,2531191309,Amazon AWS
2531191310,2531191311,Amazon AWS
2531191312,2531191313,Amazon AWS
2531191314,2531191315,Amazon AWS
2531191316,2531191317,Amazon AWS
2531191318,2531191319,Amazon AWS
2531191320,2531191321,Amazon AWS
2531191322,2531191323,Amazon AWS
2531191324,2531191325,Amazon AWS
2531191326,2531191327,Amazon AWS
2531191328,2531191329,Amazon AWS
2531191330,2531191331,Amazon AWS
2531191332,2531191333,Amazon AWS
2531191334,2531191335,Amazon AWS
2531191336,2531191337,Amazon AWS
2531191338,2531191339,Amazon AWS
2531191340,2531191341,Amazon AWS
2531191342,2531191343,Amazon AWS
2531191344,2531191345,Amazon AWS
2531191346,2531191347,Amazon AWS
2531191348,2531191349,Amazon AWS
2531191350,2531191351,Amazon AWS
2531191352,2531191353,Amazon AWS
2531191354,2531191355,Amazon AWS
2531191356,2531191357,Amazon AWS
2531191358,2531191359,Amazon AWS
2531191360,2531191361,Amazon AWS
2531191362,2531191363,Amazon AWS
2531191364,2531191365,Amazon AWS
2531191366,2531191367,Amazon AWS
2531191368,2531191369,Amazon AWS
2531191370,2531191371,Amazon AWS
2531191372,2531191373,Amazon AWS
2531191374,2531191375,Amazon AWS
2531191376,2531191377,Amazon AWS
2531191378,2531191379,Amazon AWS
2531191380,2531191381,Amazon AWS
2531191382,2531191383,Amazon AWS
2531191392,2531191393,Amazon AWS
2531191394,2531191395,Amazon AWS
2531191396,2531191397,Amazon AWS
2531191398,2531191398,Amazon AWS
2531191399,2531191399,Amazon AWS
2531191400,2531191401,Amazon AWS
2531191402,2531191403,Amazon AWS
2531191404,2531191405,Amazon AWS
2531191406,2531191407,Amazon AWS
2531191408,2531191409,Amazon AWS
2531191410,2531191411,Amazon AWS
2531191412,2531191413,Amazon AWS
2531191414,2531191415,Amazon AWS
2531191416,2531191417,Amazon AWS
2531191418,2531191419,Amazon AWS
2531191420,2531191421,Amazon AWS
2531191422,2531191423,Amazon AWS
2531191424,2531191425,Amazon AWS
2531191426,2531191427,Amazon AWS
2531191428,2531191429,Amazon AWS
2531191430,2531191431,Amazon AWS
2531191432,2531191433,Amazon AWS
2531191434,2531191435,Amazon AWS
2531191436,2531191437,Amazon AWS
2531191438,2531191439,Amazon AWS
2531191552,2531191807,Amazon AWS
2531191808,2531192063,Amazon AWS
2531192064,2531192319,Amazon AWS
2531192320,2531192575,Amazon AWS
2531192576,2531192831,Amazon AWS
2531193428,2531193429,Amazon AWS
2531193558,2531193559,Amazon AWS
2531194234,2531194235,Amazon AWS
2531196148,2531196149,Amazon AWS
2531196150,2531196151,Amazon AWS
2531196152,2531196153,Amazon AWS
2531196154,2531196155,Amazon AWS
2531655680,2531657727,Oracle Cloud
2531657728,2531659775,Oracle Cloud
2531660800,2531661823,Oracle Cloud
2531661824,2531663871,Oracle Cloud
2531663872,2531667967,Oracle Cloud
2531667968,2531670015,Oracle Cloud
2531670016,2531672063,Oracle Cloud
2531672064,2531680255,Oracle Cloud
2531680256,2531684351,Oracle Cloud
2531684352,2531688447,Oracle Cloud
2531688448,2531692543,Oracle Cloud
2531692544,2531696639,Oracle Cloud
2531696640,2531704831,Oracle Cloud
2531704832,2531713023,Oracle Cloud
2531713024,2531715071,Oracle Cloud
2531715072,2531717119,Oracle Cloud
2531717120,2531719167,Oracle Cloud
2531719168,2531721215,Oracle Cloud
2532777984,2532778239,Amazon AWS
2532778240,2532778495,Amazon AWS
2532778496,2532778751,Amazon AWS
2532778752,2532779007,Amazon AWS
2532779008,2532779263,Amazon AWS
2532779264,2532779519,Amazon AWS
2532779520,2532779775,Amazon AWS
2532779776,2532780031,Amazon AWS
2532780032,2532780287,Amazon AWS
2532780288,2532780543,Amazon AWS
2532780544,2532780799,Amazon AWS
2532780800,2532781055,Amazon AWS
2532781056,2532781311,Amazon AWS
2532781312,2532781567,Amazon AWS
2532781568,2532781823,Amazon AWS
2532781824,2532782079,Amazon AWS
2539978752,2540044287,Fastly
2540347392,2540355583,Oracle Cloud
2542870528,2542878719,Oracle Cloud
2542878720,2542882815,Oracle Cloud
2542882816,2542886911,Oracle Cloud
2543060992,2543063039,Amazon AWS
2543063040,2543063041,Amazon AWS
2543063042,2543063042,Amazon AWS
2543063043,2543063043,Amazon AWS
2543063044,2543063044,Amazon AWS
2543063045,2543063045,Amazon AWS
2543063046,2543063046,Amazon AWS
2543063048,2543063049,Amazon AWS
2543063050,2543063051,Amazon AWS
2543063296,2543063551,Amazon AWS
2543063552,2543063807,Amazon AWS
2543063808,2543064063,Amazon AWS
2543064064,2543064319,Amazon AWS
2543067136,2543067391,Amazon AWS
2543067392,2543067647,Amazon AWS
2543067648,2543067903,Amazon AWS
2543067904,2543068159,Amazon AWS
2543068160,2543068415,Amazon AWS
2543068416,2543068671,Amazon AWS
2543068672,2543068927,Amazon AWS
2543068928,2543069183,Amazon AWS
2543069184,2543069439,Amazon AWS
2543069440,2543069695,Amazon AWS
2546878208,2546878463,GitHub
2546878464,2546878719,GitHub
2546878720,2546878975,GitHub
2546878976,2546879231,GitHub
2546880256,2546880383,GitHub
2546880384,2546880511,GitHub
2546880512,2546880767,GitHub
2546880768,2546881023,GitHub
2546881024,2546881279,GitHub
2546881280,2546881535,GitHub
2546881536,2546881791,GitHub
2546881792,2546882047,GitHub
2546882048,2546882303,GitHub
2546883072,2546883583,GitHub
2546883584,2546884095,GitHub
2546885120,2546885631,GitHub
2546885632,2546886143,GitHub
2546886144,2546886655,GitHub
2546886656,2546887167,GitHub
2546887168,2546887423,GitHub
2546887424,2546887551,GitHub
2546887552,2546887679,GitHub
2546887680,2546888191,GitHub
2546888192,2546888447,GitHub
2546893056,2546893311,GitHub
2546893312,2546893567,GitHub
2546893568,2546893823,GitHub
2546893824,2546894079,GitHub
2546894080,2546894335,GitHub
2546894336,2546894591,GitHub
2546894592,2546894847,GitHub
2546895616,2546895871,GitHub
2546898432,2546898687,GitHub
2546899968,2546900223,GitHub
2546900992,2546901247,GitHub
2546901248,2546901503,GitHub
2546905088,2546905343,GitHub
2546906624,2546906879,GitHub
2546907648,2546907903,GitHub
2546907904,2546908159,GitHub
2548881408,2548881663,Linode
2548881664,2548881919,Linode
2548881920,2548882175,Linode
2548882176,2548882431,Linode
2548882432,2548882687,Linode
2548882688,2548882943,Linode
2548882944,2548883199,Linode
2552922112,2552926207,DigitalOcean
2552926208,2552927231,DigitalOcean
2552927232,2552928255,DigitalOcean
2552928256,2552929279,DigitalOcean
2552929280,2552930303,DigitalOcean
2552930304,2552938495,DigitalOcean
2552938496,2552946687,DigitalOcean
2552946688,2552950783,DigitalOcean
2552950784,2552954879,DigitalOcean
2554527744,2554535935,Oracle Cloud
2554535936,2554544127,Oracle Cloud
2554544128,2554552319,Oracle Cloud
2554552320,2554560511,Oracle Cloud
2554560512,2554568703,Oracle Cloud
2554568704,2554576895,Oracle Cloud
2554576896,2554585087,Oracle Cloud
2554585088,2554593279,Oracle Cloud
2554699776,2554703871,Oracle Cloud
2554703872,2554707967,Oracle Cloud
2554707968,2554712063,Oracle Cloud
2554712064,2554716159,Oracle Cloud
2554716160,2554720255,Oracle Cloud
2554724352,2554732543,Oracle Cloud
2554732544,2554733567,Oracle Cloud
2554733568,2554734591,Oracle Cloud
2554734592,2554736639,Oracle Cloud
2554736640,2554740735,Oracle Cloud
2554740736,2554744831,Oracle Cloud
2554744832,2554746879,Oracle Cloud
2554746880,2554748927,Oracle Cloud
2554748928,2554753023,Oracle Cloud
2554753024,2554757119,Oracle Cloud
2554757120,2554765311,Oracle Cloud
2554765312,2554773503,Oracle Cloud
2554773504,2554777599,Oracle Cloud
2554777600,2554781695,Oracle Cloud
2554781696,2554782719,Oracle Cloud
2554782720,2554783743,Oracle Cloud
2554783744,2554785791,Oracle Cloud
2554785792,2554789887,Oracle Cloud
2610036736,2610040831,Amazon AWS
2610040832,2610044927,Amazon AWS
2610044928,2610049023,Amazon AWS
2610049024,2610053119,Amazon AWS
2610053120,2610057215,Amazon AWS
2610057216,2610061311,Amazon AWS
2610061312,2610065407,Amazon AWS
2610065408,2610069503,Amazon AWS
2610069504,2610073599,Amazon AWS
2610073600,2610077695,Amazon AWS
2610077696,2610081791,Amazon AWS
2610081792,2610085887,Amazon AWS
2610085888,2610089983,Amazon AWS
2610089984,2610094079,Amazon AWS
2610094080,2610098175,Amazon AWS
2610098176,2610102271,Amazon AWS
2616754176,2616755199,Oracle Cloud
2616755200,2616755711,Oracle Cloud
2616756096,2616756223,Oracle Cloud
2616756224,2616757247,Oracle Cloud
2616757248,2616757375,Oracle Cloud
2616758272,2616759295,Oracle Cloud
2616759296,2616759423,Oracle Cloud
2616762368,2616770559,Oracle Cloud
2616770560,2616774655,Oracle Cloud
2616774656,2616776703,Oracle Cloud
2616776704,2616778751,Oracle Cloud
2616778752,2616782847,Oracle Cloud
2616782848,2616786943,Oracle Cloud
2617507840,2617638911,Amazon AWS
2637447168,2637463551,Fastly
2637628032,2637628095,GitHub
2637629312,2637629375,GitHub
2637629504,2637629567,GitHub
2637629584,2637629599,GitHub
2637630112,2637630119,GitHub
2637630128,2637630143,GitHub
2637630144,2637630207,GitHub
2637630336,2637630463,GitHub
2637630528,2637630591,GitHub
2637630592,2637630655,GitHub
2637630784,2637630847,GitHub
2637630848,2637630911,GitHub
2637636864,2637637119,GitHub
2637637120,2637637375,GitHub
2637637376,2637637631,GitHub
2637639680,2637639935,GitHub
2637640192,2637640319,GitHub
2637641472,2637641503,GitHub
2637641504,2637641519,GitHub
2637641572,2637641575,GitHub
2637641576,2637641583,GitHub
2637641608,2637641615,GitHub
2637641616,2637641623,GitHub
2637641624,2637641631,GitHub
2637641632,2637641647,GitHub
2637641648,2637641655,GitHub
2637641672,2637641679,GitHub
2637641688,2637641695,GitHub
2637641700,2637641703,GitHub
2637641704,2637641711,GitHub
2637641712,2637641727,GitHub
2637642976,2637643007,GitHub
2637643776,2637647871,GitHub
2637647872,2637651967,GitHub
2637653792,2637653823,GitHub
2637653888,2637654015,GitHub
2637654528,2637654591,GitHub
2637654656,2637654783,GitHub
2637654784,2637655039,GitHub
2637655040,2637655551,GitHub
2637655552,2637656063,GitHub
2637662208,2637664255,GitHub
2637666784,2637666799,GitHub
2637666944,2637667071,GitHub
2637668352,2637672447,GitHub
2637672448,2637676543,GitHub
2637676544,2637678591,GitHub
2637678592,2637679615,GitHub
2637679617,2637679617,GitHub
2637679618,2637679619,GitHub
2637679649,2637679649,GitHub
2637679650,2637679651,GitHub
2637679744,2637679871,GitHub
2637680640,2637682687,GitHub
2637690880,2637692927,GitHub
2637693440,2637693567,GitHub
2637693568,2637693695,GitHub
2637693696,2637693823,GitHub
2637693824,2637693951,GitHub
2637694976,2637697023,GitHub
2637699232,2637699263,GitHub
2637699264,2637699295,GitHub
2637700096,2637701119,GitHub
2637713408,2637713535,GitHub
2637733888,2637735935,GitHub
2637737984,2637740031,GitHub
2637748224,2637748287,GitHub
2643001344,2643009535,Oracle Cloud
2643009536,2643009599,Oracle Cloud
2643009664,2643009791,Oracle Cloud
2643009984,2643010047,Oracle Cloud
2643010048,2643010559,Oracle Cloud
2643010560,2643011583,Oracle Cloud
2643011584,2643012607,Oracle Cloud
2643012736,2643012863,Oracle Cloud
2643014144,2643014655,Oracle Cloud
2643034112,2643035135,Oracle Cloud
2643042304,2643050495,Oracle Cloud
2643050496,2643058687,Oracle Cloud
2643058688,2643062783,Oracle Cloud
2643066112,2643066367,Oracle Cloud
2643066368,2643066623,Oracle Cloud
2643918848,2643927039,Oracle Cloud
2643927040,2643929087,Oracle Cloud
2643929088,2643930111,Oracle Cloud
2643930112,2643930623,Oracle Cloud
2643935232,2643951615,Oracle Cloud
2643951616,2643984383,Oracle Cloud
2645491712,2645557247,Amazon AWS
2645517920,2645517951,Amazon AWS
2645517952,2645517983,Amazon AWS
2645517984,2645518015,Amazon AWS
2645527552,2645528063,Amazon AWS
2645556992,2645557247,Amazon AWS
2649096192,2649100287,DigitalOcean
2649100288,2649104383,DigitalOcean
2649104384,2649108479,DigitalOcean
2649108480,2649112575,DigitalOcean
2649112576,2649113599,DigitalOcean
2649113600,2649114623,DigitalOcean
2649114624,2649115647,DigitalOcean
2649115648,2649116671,DigitalOcean
2649116672,2649120767,DigitalOcean
2649120768,2649124863,DigitalOcean
2649124864,2649128959,DigitalOcean
2649128960,2649133055,DigitalOcean
2649133056,2649137151,DigitalOcean
2649137152,2649141247,DigitalOcean
2649141248,2649145343,DigitalOcean
2649145344,2649146367,DigitalOcean
2649146368,2649147391,DigitalOcean
2649147392,2649148415,DigitalOcean
2649148416,2649149439,DigitalOcean
2649149440,2649153535,DigitalOcean
2649153536,2649157631,DigitalOcean
2649157632,2649161727,DigitalOcean
2649817088,2649882623,Amazon AWS
2649817600,2649818111,Amazon AWS
2649823488,2649823743,Amazon AWS
2650079232,2650083327,DigitalOcean
2650083328,2650084351,DigitalOcean
2650084352,2650085375,DigitalOcean
2650085376,2650086399,DigitalOcean
2650086400,2650087423,DigitalOcean
2650087424,2650091519,DigitalOcean
2650091520,2650095615,DigitalOcean
2650095616,2650099711,DigitalOcean
2650099712,2650103807,DigitalOcean
2650103808,2650107903,DigitalOcean
2650107904,2650111999,DigitalOcean
2650112000,2650116095,DigitalOcean
2650116096,2650120191,DigitalOcean
2650120192,2650124287,DigitalOcean
2650124288,2650128383,DigitalOcean
2650128384,2650132479,DigitalOcean
2650132480,2650136575,DigitalOcean
2650136576,2650140671,DigitalOcean
2650140672,2650144767,DigitalOcean
2657419264,2657435647,Oracle Cloud
2657435648,2657443839,Oracle Cloud
2657443840,2657452031,Oracle Cloud
2657452032,2657460223,Oracle Cloud
2657460224,2657468415,Oracle Cloud
2657468416,2657476607,Oracle Cloud
2657476608,2657484799,Oracle Cloud
2662498304,2662499327,Oracle Cloud
2662500352,2662502399,Oracle Cloud
2662502400,2662506495,Oracle Cloud
2662514688,2662518783,Oracle Cloud
2662518784,2662520831,Oracle Cloud
2662520832,2662521855,Oracle Cloud
2662521856,2662522879,Oracle Cloud
2662522880,2662526975,Oracle Cloud
2662526976,2662529023,Oracle Cloud
2662529024,2662530047,Oracle Cloud
2662532096,2662533119,Oracle Cloud
2662533120,2662534143,Oracle Cloud
2662534208,2662534271,Oracle Cloud
2662534272,2662534399,Oracle Cloud
2662534400,2662534655,Oracle Cloud
2662534912,2662535167,Oracle Cloud
2662535168,2662539263,Oracle Cloud
2662572032,2662576127,Oracle Cloud
2662576128,2662580223,Oracle Cloud
2662580224,2662581247,Oracle Cloud
2662581248,2662581503,Oracle Cloud
2662581760,2662582271,Oracle Cloud
2662582272,2662584319,Oracle Cloud
2662584320,2662588415,Oracle Cloud
2662597632,2662598655,Oracle Cloud
2662598656,2662600703,Oracle Cloud
2662600704,2662604799,Oracle Cloud
2662604800,2662612991,Oracle Cloud
2662612992,2662621183,Oracle Cloud
2662654464,2662654975,Oracle Cloud
2662654976,2662655999,Oracle Cloud
2662656000,2662658047,Oracle Cloud
2667012096,2667013119,Oracle Cloud
2667013120,2667013247,Oracle Cloud
2667014144,2667015167,Oracle Cloud
2667016192,2667016703,Oracle Cloud
2667016832,2667016959,Oracle Cloud
2667018240,2667020287,Oracle Cloud
2667315200,2667446271,Amazon AWS
2668429312,2668430335,Oracle Cloud
2668430336,2668430463,Oracle Cloud
2668432896,2668433407,Oracle Cloud
2668437504,2668445695,Oracle Cloud
2671149056,2671157247,Oracle Cloud
2671157248,2671165439,Oracle Cloud
2671837184,2671841279,DigitalOcean
2671841280,2671845375,DigitalOcean
2671845376,2671849471,DigitalOcean
2671849472,2671853567,DigitalOcean
2671853568,2671857663,DigitalOcean
2671857664,2671861759,DigitalOcean
2671861760,2671865855,DigitalOcean
2671865856,2671869951,DigitalOcean
2671869952,2671874047,DigitalOcean
2671874048,2671878143,DigitalOcean
2671878144,2671882239,DigitalOcean
2671882240,2671886335,DigitalOcean
2671886336,2671890431,DigitalOcean
2671890432,2671891455,DigitalOcean
2671891456,2671892479,DigitalOcean
2671892480,2671894527,DigitalOcean
2671894528,2671898623,DigitalOcean
2671898624,2671902719,DigitalOcean
2673410048,2673414143,DigitalOcean
2673414144,2673418239,DigitalOcean
2673418240,2673422335,DigitalOcean
2673422336,2673424383,DigitalOcean
2673426432,2673430527,DigitalOcean
2673430528,2673434623,DigitalOcean
2673434624,2673438719,DigitalOcean
2673438720,2673442815,DigitalOcean
2673442816,2673446911,DigitalOcean
2673446912,2673451007,DigitalOcean
2673451008,2673455103,DigitalOcean
2673455104,2673459199,DigitalOcean
2673459200,2673463295,DigitalOcean
2673463296,2673464319,DigitalOcean
2673464320,2673465343,DigitalOcean
2673465344,2673466367,DigitalOcean
2673466368,2673467391,DigitalOcean
2673467392,2673471487,DigitalOcean
2673471488,2673472511,DigitalOcean
2673472512,2673473535,DigitalOcean
2673473536,2673474559,DigitalOcean
2673474560,2673475583,DigitalOcean
2674950144,2674954239,Oracle Cloud
2674954240,2674956287,Oracle Cloud
2674958848,2674959359,Oracle Cloud
2674959872,2674960127,Oracle Cloud
2674960384,2674961407,Oracle Cloud
2674961408,2674962431,Oracle Cloud
2674962432,2674966527,Oracle Cloud
2680881152,2680885247,DigitalOcean
2680885248,2680889343,DigitalOcean
2680889344,2680893439,DigitalOcean
2680893440,2680894463,DigitalOcean
2680894464,2680895487,DigitalOcean
2680895488,2680897535,DigitalOcean
2680897536,2680901631,DigitalOcean
2680901632,2680905727,DigitalOcean
2680905728,2680909823,DigitalOcean
2680909824,2680913919,DigitalOcean
2680913920,2680918015,DigitalOcean
2680918016,2680919039,DigitalOcean
2680919040,2680920063,DigitalOcean
2680920064,2680921087,DigitalOcean
2680921088,2680922111,DigitalOcean
2680922112,2680926207,DigitalOcean
2680926208,2680930303,DigitalOcean
2680930304,2680934399,DigitalOcean
2680934400,2680938495,DigitalOcean
2680938496,2680942591,DigitalOcean
2680942592,2680946687,DigitalOcean
2682191872,2682195967,DigitalOcean
2682195968,2682200063,DigitalOcean
2682200064,2682204159,DigitalOcean
2682204160,2682208255,DigitalOcean
2682208256,2682212351,DigitalOcean
2682212352,2682216447,DigitalOcean
2682216448,2682220543,DigitalOcean
2682220544,2682224639,DigitalOcean
2682224640,2682228735,DigitalOcean
2682228736,2682232831,DigitalOcean
2682232832,2682241023,DigitalOcean
2682241024,2682245119,DigitalOcean
2682245120,2682249215,DigitalOcean
2682249216,2682253311,DigitalOcean
2682253312,2682254335,DigitalOcean
2682254336,2682255359,DigitalOcean
2682255360,2682256383,DigitalOcean
2683864320,2683864575,Amazon AWS
2683881472,2683883519,Amazon AWS
2683885568,2683887615,Amazon AWS
2683887616,2683889663,Amazon AWS
2683889664,2683891711,Amazon AWS
2683891712,2683893759,Amazon AWS
2684420096,2684485631,Amazon AWS
2684434176,2684434303,Amazon AWS
2684434304,2684434431,Amazon AWS
2684434432,2684434559,Amazon AWS
2684452864,2684453119,Amazon AWS
2686584320,2686584831,Oracle Cloud
2686584832,2686585855,Oracle Cloud
2686636032,2686640127,Oracle Cloud
2703294464,2703310847,Oracle Cloud
2703310848,2703319039,Oracle Cloud
2703319040,2703323135,Oracle Cloud
2703327232,2703343615,Oracle Cloud
2703343616,2703351807,Oracle Cloud
2703351808,2703355903,Oracle Cloud
2703355904,2703357951,Oracle Cloud
2703358976,2703359231,Oracle Cloud
2703359232,2703359487,Oracle Cloud
2703359488,2703359743,Oracle Cloud
2703359744,2703359999,Oracle Cloud
2703425536,2703429631,DigitalOcean
2703429632,2703433727,DigitalOcean
2703433728,2703437823,DigitalOcean
2703437824,2703441919,DigitalOcean
2703441920,2703446015,DigitalOcean
2703446016,2703450111,DigitalOcean
2703450112,2703454207,DigitalOcean
2703454208,2703458303,DigitalOcean
2703458304,2703462399,DigitalOcean
2703462400,2703466495,DigitalOcean
2703466496,2703470591,DigitalOcean
2703470592,2703474687,DigitalOcean
2703474688,2703478783,DigitalOcean
2703478784,2703482879,DigitalOcean
2703482880,2703486975,DigitalOcean
2703486976,2703487999,DigitalOcean
2703488000,2703489023,DigitalOcean
2703489024,2703490047,DigitalOcean
2703490048,2703491071,DigitalOcean
2708867072,2708869119,Oracle Cloud
2708869120,2708873215,Oracle Cloud
2708881408,2708897791,Oracle Cloud
2708897792,2708905983,Oracle Cloud
2708905984,2708914175,Oracle Cloud
2708914176,2708930559,Oracle Cloud
2711158784,2711191551,Oracle Cloud
2711191552,2711207935,Oracle Cloud
2711207936,2711212031,Oracle Cloud
2711213056,2711214079,Oracle Cloud
2711214080,2711216127,Oracle Cloud
2711216128,2711220223,Oracle Cloud
2711220224,2711222271,Oracle Cloud
2711222272,2711224319,Oracle Cloud
2712797184,2712813567,Amazon AWS
2712829952,2712846335,Amazon AWS
2713452544,2713456639,Amazon AWS
2713456640,2713460735,Amazon AWS
2713460736,2713464831,Amazon AWS
2713464832,2713468927,Amazon AWS
2713468928,2713473023,Amazon AWS
2713473024,2713477119,Amazon AWS
2713481216,2713482239,Amazon AWS
2713482240,2713483263,Amazon AWS
2713483264,2713484287,Amazon AWS
2713485056,2713485311,Amazon AWS
2713518080,2713583615,Amazon AWS
2713523968,2713523999,Amazon AWS
2713524000,2713524031,Amazon AWS
2713535104,2713535167,Amazon AWS
2713535168,2713535231,Amazon AWS
2713555968,2713556479,Amazon AWS
2713780224,2713796607,Amazon AWS
2713812992,2713829375,Amazon AWS
2725806080,2725838847,Google
2728263680,2728394751,Cloudflare
2731571456,2731571711,Amazon AWS
2731927552,2731927807,Amazon AWS
2731927808,2731928063,Amazon AWS
2731928064,2731928575,Amazon AWS
2732068864,2732069119,Linode
2732069120,2732069375,Linode
2732069376,2732069631,Linode
2732069632,2732069887,Linode
2732102656,2732103679,Google Cloud
2732495872,2732496895,Amazon AWS
2732503040,2732505087,Google Cloud
2733834240,2733867007,DigitalOcean
2733867008,2733867263,DigitalOcean
2733867264,2733867519,DigitalOcean
2733867520,2733867775,DigitalOcean
2733867776,2733868031,DigitalOcean
2733868032,2733868287,DigitalOcean
2733868288,2733868543,DigitalOcean
2733868544,2733868799,DigitalOcean
2733868800,2733869055,DigitalOcean
2733869056,2733869311,DigitalOcean
2733869312,2733869567,DigitalOcean
2733869568,2733869823,DigitalOcean
2733869824,2733870079,DigitalOcean
2733870080,2733870335,DigitalOcean
2733870336,2733870591,DigitalOcean
2733870592,2733870847,DigitalOcean
2733870848,2733871103,DigitalOcean
2733871104,2733871359,DigitalOcean
2733871360,2733871615,DigitalOcean
2733871616,2733871871,DigitalOcean
2733871872,2733872127,DigitalOcean
2733872128,2733872383,DigitalOcean
2733872384,2733872639,DigitalOcean
2733872640,2733872895,DigitalOcean
2733872896,2733873151,DigitalOcean
2733873152,2733875199,DigitalOcean
2733875200,2733879295,DigitalOcean
2733879552,2733879807,DigitalOcean
2733881344,2733882367,DigitalOcean
2733883392,2733899775,DigitalOcean
2734353408,2734353663,Amazon AWS
2734353664,2734353919,Amazon AWS
2734353920,2734354431,Amazon AWS
2737768448,2737769471,DigitalOcean
2746220544,2746286079,Oracle Cloud
2747269120,2747285503,Oracle Cloud
2747285504,2747293695,Oracle Cloud
2747293696,2747301887,Oracle Cloud
2747301888,2747310079,Oracle Cloud
2747318272,2747326463,Oracle Cloud
2747330560,2747334655,Oracle Cloud
2757394432,2757398527,DigitalOcean
2757398528,2757402623,DigitalOcean
2757402624,2757406719,DigitalOcean
2757406720,2757410815,DigitalOcean
2757410816,2757414911,DigitalOcean
2757414912,2757419007,DigitalOcean
2757419008,2757423103,DigitalOcean
2757423104,2757424127,DigitalOcean
2757424128,2757425151,DigitalOcean
2757426176,2757427199,DigitalOcean
2757509120,2757517311,DigitalOcean
2757517312,2757525503,DigitalOcean
2757525504,2757529599,DigitalOcean
2757529600,2757533695,DigitalOcean
2757533696,2757537791,DigitalOcean
2757537792,2757541887,DigitalOcean
2757541888,2757545983,DigitalOcean
2757545984,2757550079,DigitalOcean
2757550080,2757554175,DigitalOcean
2757554176,2757558271,DigitalOcean
2761428992,2761433087,Oracle Cloud
2761433088,2761441279,Oracle Cloud
2761449472,2761450495,Oracle Cloud
2761451520,2761453567,Oracle Cloud
2761474048,2761476095,Oracle Cloud
2761486336,2761490431,Oracle Cloud
2768322560,2768326655,Oracle Cloud
2768330752,2768331775,Oracle Cloud
2768331776,2768331903,Oracle Cloud
2768332800,2768333823,Oracle Cloud
2768334848,2768335359,Oracle Cloud
2768335488,2768335615,Oracle Cloud
2768336896,2768338943,Oracle Cloud
2769682432,2769686527,DigitalOcean
2769686528,2769690623,DigitalOcean
2769690624,2769694719,DigitalOcean
2769694720,2769698815,DigitalOcean
2769698816,2769702911,DigitalOcean
2769702912,2769707007,DigitalOcean
2769707008,2769711103,DigitalOcean
2769711104,2769715199,DigitalOcean
2769715200,2769719295,DigitalOcean
2769719296,2769723391,DigitalOcean
2769723392,2769727487,DigitalOcean
2769727488,2769731583,DigitalOcean
2769731584,2769735679,DigitalOcean
2769735680,2769739775,DigitalOcean
2769739776,2769743871,DigitalOcean
2769743872,2769747967,DigitalOcean
2783117312,2783121407,DigitalOcean
2783121408,2783125503,DigitalOcean
2783125504,2783129599,DigitalOcean
2783129600,2783133695,DigitalOcean
2783133696,2783137791,DigitalOcean
2783137792,2783141887,DigitalOcean
2783141888,2783145983,DigitalOcean
2783145984,2783150079,DigitalOcean
2783150080,2783154175,DigitalOcean
2783154176,2783158271,DigitalOcean
2783158272,2783162367,DigitalOcean
2783162368,2783166463,DigitalOcean
2783166464,2783170559,DigitalOcean
2783170560,2783174655,DigitalOcean
2783174656,2783178751,DigitalOcean
2783178752,2783179775,DigitalOcean
2783179776,2783180799,DigitalOcean
2783180800,2783181823,DigitalOcean
2783181824,2783182847,DigitalOcean
2783453184,2783457279,DigitalOcean
2783457280,2783461375,DigitalOcean
2783461376,2783465471,DigitalOcean
2783465472,2783469567,DigitalOcean
2783469568,2783473663,DigitalOcean
2783473664,2783477759,DigitalOcean
2783477760,2783481855,DigitalOcean
2783481856,2783485951,DigitalOcean
2783485952,2783490047,DigitalOcean
2783490048,2783494143,DigitalOcean
2784329728,2784333823,DigitalOcean
2784333824,2784334847,DigitalOcean
2784334848,2784335871,DigitalOcean
2784335872,2784336895,DigitalOcean
2784336896,2784337919,DigitalOcean
2784337920,2784342015,DigitalOcean
2784342016,2784346111,DigitalOcean
2784346112,2784348159,DigitalOcean
2784348160,2784349183,DigitalOcean
2784349184,2784350207,DigitalOcean
2784350208,2784354303,DigitalOcean
2784354304,2784358399,DigitalOcean
2784358400,2784362495,DigitalOcean
2792685568,2792751103,Amazon AWS
2806448128,2806452223,DigitalOcean
2806452224,2806456319,DigitalOcean
2806456320,2806460415,DigitalOcean
2806460416,2806464511,DigitalOcean
2806464512,2806468607,DigitalOcean
2806468608,2806472703,DigitalOcean
2806472704,2806476799,DigitalOcean
2806476800,2806480895,DigitalOcean
2806480896,2806484991,DigitalOcean
2806484992,2806489087,DigitalOcean
2806489088,2806493183,DigitalOcean
2806493184,2806497279,DigitalOcean
2806497280,2806501375,DigitalOcean
2806501376,2806505471,DigitalOcean
2806505472,2806509567,DigitalOcean
2806509568,2806513663,DigitalOcean
2807169024,2807201791,Fastly
2807201792,2807205887,Fastly
2807209984,2807214079,Fastly
2807226368,2807230463,Fastly
2808283136,2808287231,DigitalOcean
2808287232,2808288255,DigitalOcean
2808288256,2808289279,DigitalOcean
2808289280,2808290303,DigitalOcean
2808290304,2808291327,DigitalOcean
2808291328,2808295423,DigitalOcean
2808295424,2808299519,DigitalOcean
2808299520,2808303615,DigitalOcean
2808303616,2808307711,DigitalOcean
2808307712,2808311807,DigitalOcean
2808311808,2808315903,DigitalOcean
2808315904,2808319999,DigitalOcean
2808320000,2808324095,DigitalOcean
2808324096,2808328191,DigitalOcean
2808328192,2808332287,DigitalOcean
2808332288,2808336383,DigitalOcean
2808336384,2808340479,DigitalOcean
2808340480,2808344575,DigitalOcean
2808344576,2808348671,DigitalOcean
2810052608,2810060799,Oracle Cloud
2810060800,2810064895,Oracle Cloud
2813067264,2813068287,DigitalOcean
2813068288,2813069311,DigitalOcean
2813069312,2813070335,DigitalOcean
2813070336,2813071359,DigitalOcean
2813071360,2813075455,DigitalOcean
2813075456,2813079551,DigitalOcean
2813079552,2813083647,DigitalOcean
2813083648,2813087743,DigitalOcean
2813087744,2813091839,DigitalOcean
2813091840,2813095935,DigitalOcean
2813095936,2813100031,DigitalOcean
2813100032,2813104127,DigitalOcean
2813104128,2813108223,DigitalOcean
2813108224,2813112319,DigitalOcean
2813112320,2813116415,DigitalOcean
2813116416,2813120511,DigitalOcean
2813120512,2813124607,DigitalOcean
2813124608,2813128703,DigitalOcean
2813128704,2813132799,DigitalOcean
2817183744,2817187839,Oracle Cloud
2817187840,2817196031,Oracle Cloud
2822569984,2822578175,GitHub
2822578176,2822582271,GitHub
2822582272,2822584319,GitHub
2822584320,2822586367,GitHub
2822586368,2822590463,GitHub
2822590464,2822594559,GitHub
2822594560,2822602751,GitHub
2822602752,2822602879,GitHub
2822602880,2822602895,GitHub
2822602912,2822602943,GitHub
2822602944,2822603007,GitHub
2822603008,2822603135,GitHub
2822603136,2822603199,GitHub
2822603216,2822603231,GitHub
2822603232,2822603263,GitHub
2822603328,2822603391,GitHub
2822603392,2822603519,GitHub
2822603520,2822603583,GitHub
2822603648,2822603775,GitHub
2822603776,2822603839,GitHub
2822606848,2822610943,GitHub
2822610944,2822619135,GitHub
2822623232,2822627327,GitHub
2822635520,2822643711,GitHub
2822643712,2822651903,GitHub
2822651904,2822660095,GitHub
2822660096,2822668287,GitHub
2822668288,2822676479,GitHub
2822676480,2822684671,GitHub
2822684672,2822692863,GitHub
2822692864,2822701055,GitHub
2822701056,2822709247,GitHub
2822709248,2822717439,GitHub
2822717440,2822721535,GitHub
2822721536,2822723583,GitHub
2822723584,2822724095,GitHub
2822724608,2822725631,GitHub
2822725632,2822733823,GitHub
2823503872,2823512063,Oracle Cloud
2823512064,2823516159,Oracle Cloud
2825584640,2825601023,Oracle Cloud
2825601024,2825609215,Oracle Cloud
2825633792,2825641983,Oracle Cloud
2825648128,2825648191,Oracle Cloud
2825648256,2825648383,Oracle Cloud
2825648576,2825648639,Oracle Cloud
2825648640,2825649151,Oracle Cloud
2825649152,2825650175,Oracle Cloud
2825781248,2825797631,Oracle Cloud
2825797632,2825805823,Oracle Cloud
2825805824,2825814015,Oracle Cloud
2825830400,2825838591,Oracle Cloud
2825838592,2825842687,Oracle Cloud
2825842688,2825843711,Oracle Cloud
2825843712,2825844735,Oracle Cloud
2825844736,2825844799,Oracle Cloud
2825844864,2825844991,Oracle Cloud
2825845184,2825845247,Oracle Cloud
2825845248,2825845759,Oracle Cloud
2825845760,2825846783,Oracle Cloud
2827059200,2827067391,Oracle Cloud
2827067392,2827071487,Oracle Cloud
2827071488,2827072511,Oracle Cloud
2827072512,2827073023,Oracle Cloud
2827073024,2827073535,Oracle Cloud
2827073536,2827073599,Oracle Cloud
2827073664,2827073791,Oracle Cloud
2827073984,2827074047,Oracle Cloud
2827074048,2827074559,Oracle Cloud
2827074560,2827075583,Oracle Cloud
2827075584,2827083775,Oracle Cloud
2827083776,2827084799,Oracle Cloud
2827085824,2827086335,Oracle Cloud
2827086464,2827086591,Oracle Cloud
2827087872,2827088895,Oracle Cloud
2827088896,2827089151,Oracle Cloud
2827089408,2827089663,Oracle Cloud
2827089664,2827089919,Oracle Cloud
2827089920,2827089983,Oracle Cloud
2827090048,2827090175,Oracle Cloud
2827090368,2827090431,Oracle Cloud
2827090432,2827090943,Oracle Cloud
2827090944,2827091967,Oracle Cloud
2827616256,2827624447,Oracle Cloud
2827624448,2827632639,Oracle Cloud
2827632640,2827640831,Oracle Cloud
2827640832,2827644927,Oracle Cloud
2827644928,2827646975,Oracle Cloud
2827646976,2827647999,Oracle Cloud
2827648000,2827649023,Oracle Cloud
2827649024,2827657215,Oracle Cloud
2827657216,2827665407,Oracle Cloud
2827665408,2827673599,Oracle Cloud
2827673600,2827681791,Oracle Cloud
2828009472,2828010495,DigitalOcean
2828010496,2828011519,DigitalOcean
2828011520,2828012543,DigitalOcean
2828012544,2828013567,DigitalOcean
2828013568,2828017663,DigitalOcean
2828017664,2828021759,DigitalOcean
2828021760,2828022783,DigitalOcean
2828022784,2828023807,DigitalOcean
2828023808,2828025855,DigitalOcean
2828025856,2828029951,DigitalOcean
2828029952,2828034047,DigitalOcean
2828034048,2828038143,DigitalOcean
2828038144,2828042239,DigitalOcean
2828042240,2828046335,DigitalOcean
2828046336,2828050431,DigitalOcean
2828050432,2828054527,DigitalOcean
2828054528,2828058623,DigitalOcean
2828058624,2828059647,DigitalOcean
2828062720,2828066815,DigitalOcean
2830697472,2830697727,Amazon AWS
2830697728,2830697983,Amazon AWS
2830697984,2830698239,Amazon AWS
2830698240,2830698495,Amazon AWS
2831155200,2831286271,Amazon AWS
2845540352,2845548543,Oracle Cloud
2850086912,2850088959,Oracle Cloud
2852716544,2852724735,Oracle Cloud
2852724736,2852728831,Oracle Cloud
2852728832,2852732927,Oracle Cloud
2852732928,2852741119,Oracle Cloud
2852765696,2852773887,Oracle Cloud
2852773888,2852782079,Oracle Cloud
2856353792,2856370175,DigitalOcean
2856370176,2856378367,DigitalOcean
2856378368,2856382463,DigitalOcean
2856382464,2856384511,DigitalOcean
2856384512,2856386559,DigitalOcean
2864415488,2864415743,Linode
2864415744,2864415999,Linode
2864416256,2864416511,Linode
2864416512,2864416767,Linode
2864416768,2864417023,Linode
2864417024,2864417279,Linode
2864417280,2864417535,Linode
2864417536,2864417791,Linode
2864417792,2864418047,Linode
2864418048,2864418303,Linode
2864418304,2864418559,Linode
2864418560,2864418815,Linode
2864418816,2864419071,Linode
2864419072,2864419327,Linode
2864419328,2864419583,Linode
2864419584,2864419839,Linode
2864419840,2864420095,Linode
2864420096,2864420351,Linode
2864420352,2864420607,Linode
2864420608,2864420863,Linode
2864420864,2864421119,Linode
2864421120,2864421375,Linode
2864421376,2864421631,Linode
2864421632,2864421887,Linode
2864421888,2864422143,Linode
2864422144,2864422399,Linode
2864422400,2864422655,Linode
2864422656,2864422911,Linode
2864422912,2864423167,Linode
2864423168,2864423423,Linode
2864423424,2864423679,Linode
2864423680,2864423935,Linode
2864423936,2864424191,Linode
2864424192,2864424447,Linode
2864424448,2864424703,Linode
2864424704,2864424959,Linode
2864424960,2864425215,Linode
2864425216,2864425471,Linode
2864425472,2864425727,Linode
2864425728,2864425983,Linode
2864425984,2864426239,Linode
2864426240,2864426495,Linode
2864426496,2864426751,Linode
2864426752,2864427007,Linode
2864427008,2864427263,Linode
2864427264,2864427519,Linode
2864427520,2864427775,Linode
2864427776,2864428031,Linode
2864428032,2864428287,Linode
2864428288,2864428543,Linode
2864428544,2864428799,Linode
2864428800,2864429055,Linode
2864429056,2864429311,Linode
2864429312,2864429567,Linode
2864429568,2864429823,Linode
2864429824,2864430079,Linode
2864430080,2864430335,Linode
2864430336,2864430591,Linode
2864430592,2864430847,Linode
2864430848,2864431103,Linode
2864431104,2864431359,Linode
2864431360,2864431615,Linode
2864431616,2864431871,Linode
2864431872,2864432127,Linode
2864432128,2864432383,Linode
2864432384,2864432639,Linode
2864432640,2864432895,Linode
2864432896,2864433151,Linode
2864433152,2864433407,Linode
2864433408,2864433663,Linode
2864433664,2864433919,Linode
2864433920,2864434175,Linode
2864434176,2864434431,Linode
2864434432,2864434687,Linode
2864434688,2864434943,Linode
2864434944,2864435199,Linode
2864435200,2864435455,Linode
2864435456,2864435711,Linode
2864435712,2864435967,Linode
2864435968,2864436223,Linode
2864436224,2864436479,Linode
2864436480,2864436735,Linode
2864436736,2864436991,Linode
2864436992,2864437247,Linode
2864437248,2864437503,Linode
2864437504,2864437759,Linode
2864437760,2864438015,Linode
2864438016,2864438271,Linode
2864438272,2864438527,Linode
2864438528,2864438783,Linode
2864438784,2864439039,Linode
2864439040,2864439295,Linode
2864439296,2864439551,Linode
2864439552,2864439807,Linode
2864439808,2864440063,Linode
2864440064,2864440319,Linode
2864440320,2864440575,Linode
2864440576,2864440831,Linode
2864440832,2864441087,Linode
2864441088,2864441343,Linode
2864441344,2864441599,Linode
2864441600,2864441855,Linode
2864441856,2864442111,Linode
2864442112,2864442367,Linode
2864442368,2864442623,Linode
2864442624,2864442879,Linode
2864442880,2864443135,Linode
2864443136,2864443391,Linode
2864443392,2864443647,Linode
2864443648,2864443903,Linode
2864443904,2864444159,Linode
2864444160,2864444415,Linode
2864444416,2864444671,Linode
2864444672,2864444927,Linode
2864444928,2864445183,Linode
2864445184,2864445439,Linode
2864445440,2864445695,Linode
2864445696,2864445951,Linode
2864445952,2864446207,Linode
2864446208,2864446463,Linode
2864446464,2864446719,Linode
2864446720,2864446975,Linode
2864446976,2864447231,Linode
2864447232,2864447487,Linode
2889875456,2890399743,Cloudflare
2891997440,2891997695,Amazon AWS
2891997696,2891997951,Amazon AWS
2892000768,2892001023,Amazon AWS
2892497920,2892498175,Linode
2892498176,2892498431,Linode
2892498432,2892498687,Linode
2892498688,2892498943,Linode
2892498944,2892499199,Linode
2892499200,2892499455,Linode
2892499456,2892499711,Linode
2892499712,2892499967,Linode
2892499968,2892500223,Linode
2892500224,2892500479,Linode
2892500480,2892500735,Linode
2892500736,2892500991,Linode
2892500992,2892501247,Linode
2892501248,2892501503,Linode
2892501504,2892501759,Linode
2892501760,2892502015,Linode
2892502016,2892502271,Linode
2892502272,2892502527,Linode
2892502528,2892502783,Linode
2892502784,2892503039,Linode
2892503040,2892503295,Linode
2892503296,2892503551,Linode
2892503552,2892503807,Linode
2892503808,2892504063,Linode
2892504064,2892504319,Linode
2892504320,2892504575,Linode
2892504576,2892504831,Linode
2892504832,2892505087,Linode
2892505088,2892505343,Linode
2892505344,2892505599,Linode
2892505600,2892505855,Linode
2892505856,2892506111,Linode
2892506112,2892506367,Linode
2892506368,2892506623,Linode
2892506624,2892506879,Linode
2892506880,2892507135,Linode
2892507136,2892507391,Linode
2892507392,2892507647,Linode
2892507648,2892507903,Linode
2892507904,2892508159,Linode
2892508160,2892508415,Linode
2892508416,2892508671,Linode
2892508672,2892508927,Linode
2892508928,2892509183,Linode
2892509184,2892509439,Linode
2892509440,2892509695,Linode
2892509696,2892509951,Linode
2892509952,2892510207,Linode
2892510208,2892510463,Linode
2892510464,2892510719,Linode
2892510720,2892510975,Linode
2892510976,2892511231,Linode
2892511232,2892511487,Linode
2892511488,2892511743,Linode
2892511744,2892511999,Linode
2892512000,2892512255,Linode
2892512256,2892512511,Linode
2892512512,2892512767,Linode
2892512768,2892513023,Linode
2892513024,2892513279,Linode
2892513280,2892513535,Linode
2892513536,2892513791,Linode
2892513792,2892514047,Linode
2892514048,2892514303,Linode
2892514304,2892514559,Linode
2892514560,2892514815,Linode
2892514816,2892515071,Linode
2892515072,2892515327,Linode
2892515328,2892515583,Linode
2892515584,2892515839,Linode
2892515840,2892516095,Linode
2892516096,2892516351,Linode
2892516352,2892516607,Linode
2892516608,2892516863,Linode
2892516864,2892517119,Linode
2892517120,2892517375,Linode
2892517376,2892517631,Linode
2892517632,2892517887,Linode
2892517888,2892518143,Linode
2892518144,2892518399,Linode
2892518400,2892518655,Linode
2892518656,2892518911,Linode
2892518912,2892519167,Linode
2892519168,2892519423,Linode
2892519424,2892519679,Linode
2892519680,2892519935,Linode
2892519936,2892520191,Linode
2892520192,2892520447,Linode
2892520448,2892520703,Linode
2892520704,2892520959,Linode
2892520960,2892521215,Linode
2892521216,2892521471,Linode
2892521472,2892521727,Linode
2892521728,2892521983,Linode
2892521984,2892522239,Linode
2892522240,2892522495,Linode
2892522496,2892522751,Linode
2892522752,2892523007,Linode
2892523008,2892523263,Linode
2892523264,2892523519,Linode
2892523520,2892523775,Linode
2892523776,2892524031,Linode
2892524032,2892524287,Linode
2892524288,2892524543,Linode
2892524544,2892524799,Linode
2892524800,2892525055,Linode
2892525056,2892525311,Linode
2892525312,2892525567,Linode
2892525568,2892525823,Linode
2892525824,2892526079,Linode
2892526080,2892526335,Linode
2892526336,2892526591,Linode
2892526592,2892526847,Linode
2892526848,2892527103,Linode
2892527104,2892527359,Linode
2892527360,2892527615,Linode
2892527616,2892527871,Linode
2892527872,2892528127,Linode
2892528128,2892528383,Linode
2892528384,2892528639,Linode
2892528640,2892528895,Linode
2892528896,2892529151,Linode
2892529152,2892529407,Linode
2892529408,2892529663,Linode
2892529664,2892529919,Linode
2892529920,2892530175,Linode
2892530176,2892530431,Linode
2892530432,2892530687,Linode
2892530688,2892530943,Linode
2892530944,2892531199,Linode
2892531200,2892531455,Linode
2892531456,2892531711,Linode
2892531712,2892531967,Linode
2892531968,2892532223,Linode
2892532224,2892532479,Linode
2892532480,2892532735,Linode
2892532736,2892532991,Linode
2892532992,2892533247,Linode
2892533248,2892533503,Linode
2892533504,2892533759,Linode
2892533760,2892534015,Linode
2892534016,2892534271,Linode
2892534272,2892534527,Linode
2892534528,2892534783,Linode
2892534784,2892535039,Linode
2892535040,2892535295,Linode
2892535296,2892535551,Linode
2892535552,2892535807,Linode
2892535808,2892536063,Linode
2892536064,2892536319,Linode
2892536320,2892536575,Linode
2892536576,2892536831,Linode
2892536832,2892537087,Linode
2892537088,2892537343,Linode
2892537344,2892537599,Linode
2892537600,2892537855,Linode
2892537856,2892538111,Linode
2892538112,2892538367,Linode
2892538368,2892538623,Linode
2892538624,2892538879,Linode
2892538880,2892539135,Linode
2892539136,2892539391,Linode
2892539392,2892539647,Linode
2892539648,2892539903,Linode
2892539904,2892540159,Linode
2892540160,2892540415,Linode
2892540416,2892540671,Linode
2892540672,2892540927,Linode
2892540928,2892541183,Linode
2892541184,2892541439,Linode
2892541440,2892541695,Linode
2892541696,2892541951,Linode
2892541952,2892542207,Linode
2892542208,2892542463,Linode
2892542464,2892542719,Linode
2892542720,2892542975,Linode
2892542976,2892543231,Linode
2892543232,2892543487,Linode
2892543488,2892543743,Linode
2892543744,2892543999,Linode
2892544000,2892544255,Linode
2892544256,2892544511,Linode
2892544512,2892544767,Linode
2892544768,2892545023,Linode
2892545024,2892545279,Linode
2892545280,2892545535,Linode
2892545536,2892545791,Linode
2892545792,2892546047,Linode
2892546048,2892546303,Linode
2892546304,2892546559,Linode
2892546560,2892546815,Linode
2892546816,2892547071,Linode
2892547072,2892547327,Linode
2892547328,2892547583,Linode
2892547584,2892547839,Linode
2892547840,2892548095,Linode
2892548608,2892548863,Linode
2892548864,2892549119,Linode
2892549376,2892549631,Linode
2892549632,2892549887,Linode
2892549888,2892550143,Linode
2892550144,2892550399,Linode
2892550400,2892550655,Linode
2892550656,2892550911,Linode
2892550912,2892551167,Linode
2892551168,2892551423,Linode
2892551424,2892551679,Linode
2892551680,2892551935,Linode
2892551936,2892552191,Linode
2892552192,2892552447,Linode
2892552448,2892552703,Linode
2892552704,2892552959,Linode
2892552960,2892553215,Linode
2892553216,2892553471,Linode
2892553984,2892554239,Linode
2892554240,2892554495,Linode
2892554496,2892554751,Linode
2892554752,2892555007,Linode
2892555008,2892555263,Linode
2892555264,2892555519,Linode
2892555520,2892555775,Linode
2892555776,2892556031,Linode
2892556032,2892556287,Linode
2892556288,2892556543,Linode
2892556544,2892556799,Linode
2892556800,2892557055,Linode
2892557056,2892557311,Linode
2892557312,2892557567,Linode
2892557568,2892557823,Linode
2892557824,2892558079,Linode
2892558080,2892558335,Linode
2892558336,2892558591,Linode
2892558592,2892558847,Linode
2892558848,2892559103,Linode
2892559104,2892559359,Linode
2892559360,2892559615,Linode
2892559616,2892559871,Linode
2892559872,2892560127,Linode
2892560128,2892560383,Linode
2892560384,2892560639,Linode
2892560640,2892560895,Linode
2892560896,2892561151,Linode
2892561152,2892561407,Linode
2892561408,2892561663,Linode
2892561664,2892561919,Linode
2892561920,2892562175,Linode
2892562176,2892562431,Linode
2892562432,2892562687,Linode
2892562688,2892562943,Linode
2892562944,2892563199,Linode
2892563200,2892563455,Linode
2892563456,2892563711,Linode
2892563712,2892563967,Linode
2892563968,2892564223,Linode
2892564224,2892564479,Linode
2892564480,2892564735,Linode
2892564736,2892564991,Linode
2892564992,2892565247,Linode
2892565248,2892565503,Linode
2892565504,2892565759,Linode
2892565760,2892566015,Linode
2892566016,2892566271,Linode
2892566272,2892566527,Linode
2892566528,2892566783,Linode
2892566784,2892567039,Linode
2892567040,2892567295,Linode
2892567296,2892567551,Linode
2892567552,2892567807,Linode
2892567808,2892568063,Linode
2892568064,2892568319,Linode
2892568320,2892568575,Linode
2892568576,2892568831,Linode
2892568832,2892569087,Linode
2892569088,2892569343,Linode
2892569344,2892569599,Linode
2892569600,2892569855,Linode
2892569856,2892570111,Linode
2892570112,2892570367,Linode
2892570880,2892571135,Linode
2892571136,2892571391,Linode
2892571392,2892571647,Linode
2892571648,2892571903,Linode
2892571904,2892572159,Linode
2892572160,2892572415,Linode
2892572416,2892572671,Linode
2892572672,2892572927,Linode
2892572928,2892573183,Linode
2892573184,2892573439,Linode
2892573440,2892573695,Linode
2892573696,2892573951,Linode
2892573952,2892574207,Linode
2892574208,2892574463,Linode
2892574464,2892574719,Linode
2892574720,2892574975,Linode
2892574976,2892575231,Linode
2892575232,2892575487,Linode
2892575488,2892575743,Linode
2892575744,2892575999,Linode
2892576000,2892576255,Linode
2892576256,2892576511,Linode
2892576512,2892576767,Linode
2892576768,2892577023,Linode
2892577024,2892577279,Linode
2892577280,2892577535,Linode
2892577536,2892577791,Linode
2892577792,2892578047,Linode
2892578048,2892578303,Linode
2892578304,2892578559,Linode
2892578560,2892578815,Linode
2892578816,2892579071,Linode
2892579072,2892579327,Linode
2892579328,2892579583,Linode
2892579584,2892579839,Linode
2892579840,2892580095,Linode
2892580096,2892580351,Linode
2892580352,2892580607,Linode
2892580608,2892580863,Linode
2892580864,2892581119,Linode
2892581120,2892581375,Linode
2892581376,2892581631,Linode
2892581632,2892581887,Linode
2892581888,2892582143,Linode
2892582144,2892582399,Linode
2892582400,2892582655,Linode
2892582656,2892582911,Linode
2892582912,2892583167,Linode
2892583168,2892583423,Linode
2892583424,2892583679,Linode
2892583680,2892583935,Linode
2892583936,2892584191,Linode
2892584192,2892584447,Linode
2892584448,2892584703,Linode
2892584704,2892584959,Linode
2892584960,2892585215,Linode
2892585216,2892585471,Linode
2892585472,2892585727,Linode
2892585728,2892585983,Linode
2892585984,2892586239,Linode
2892586240,2892586495,Linode
2892586496,2892586751,Linode
2892586752,2892587007,Linode
2892587008,2892587263,Linode
2892587264,2892587519,Linode
2892587520,2892587775,Linode
2892587776,2892588031,Linode
2892588032,2892588287,Linode
2892588288,2892588543,Linode
2892588544,2892588799,Linode
2892588800,2892589055,Linode
2892589056,2892589311,Linode
2892589312,2892589567,Linode
2892589568,2892589823,Linode
2892589824,2892590079,Linode
2892590080,2892590335,Linode
2892590336,2892590591,Linode
2892590592,2892590847,Linode
2892590848,2892591103,Linode
2892591104,2892591359,Linode
2892591360,2892591615,Linode
2892591616,2892591871,Linode
2892591872,2892592127,Linode
2892592128,2892592383,Linode
2892592384,2892592639,Linode
2892592640,2892592895,Linode
2892592896,2892593151,Linode
2892593152,2892593407,Linode
2892593408,2892593663,Linode
2892593664,2892593919,Linode
2892593920,2892594175,Linode
2892594176,2892594431,Linode
2892594432,2892594687,Linode
2892594688,2892594943,Linode
2892594944,2892595199,Linode
2892595200,2892595455,Linode
2892595456,2892595711,Linode
2892595712,2892595967,Linode
2892595968,2892596223,Linode
2892596224,2892596479,Linode
2892596480,2892596735,Linode
2892596736,2892596991,Linode
2892596992,2892597247,Linode
2892597248,2892597503,Linode
2892597504,2892597759,Linode
2892597760,2892598015,Linode
2892598016,2892598271,Linode
2892598272,2892598527,Linode
2892598528,2892598783,Linode
2892598784,2892599039,Linode
2892599040,2892599295,Linode
2892599808,2892600063,Linode
2892600064,2892600319,Linode
2892600320,2892600575,Linode
2892600576,2892600831,Linode
2892600832,2892601087,Linode
2892601088,2892601343,Linode
2892601344,2892601599,Linode
2892601600,2892601855,Linode
2892601856,2892602111,Linode
2892602112,2892602367,Linode
2892602368,2892602623,Linode
2892602624,2892602879,Linode
2892602880,2892603135,Linode
2892603136,2892603391,Linode
2892603648,2892603903,Linode
2892603904,2892604159,Linode
2892604160,2892604415,Linode
2892604416,2892604671,Linode
2892604672,2892604927,Linode
2892604928,2892605183,Linode
2892605184,2892605439,Linode
2892605440,2892605695,Linode
2892605696,2892605951,Linode
2892605952,2892606207,Linode
2892606208,2892606463,Linode
2892606464,2892606719,Linode
2892606720,2892606975,Linode
2892606976,2892607231,Linode
2892607232,2892607487,Linode
2892607488,2892607743,Linode
2892607744,2892607999,Linode
2892608000,2892608255,Linode
2892608256,2892608511,Linode
2892608512,2892608767,Linode
2892608768,2892609023,Linode
2892609024,2892609279,Linode
2892609280,2892609535,Linode
2892609536,2892609791,Linode
2892609792,2892610047,Linode
2892610048,2892610303,Linode
2892610304,2892610559,Linode
2892610560,2892610815,Linode
2892610816,2892611071,Linode
2892611072,2892611327,Linode
2892611328,2892611583,Linode
2892611584,2892611839,Linode
2892611840,2892612095,Linode
2892612096,2892612351,Linode
2892612352,2892612607,Linode
2892612608,2892612863,Linode
2892612864,2892613119,Linode
2892613120,2892613375,Linode
2892613376,2892613631,Linode
2892613632,2892613887,Linode
2892613888,2892614143,Linode
2892614144,2892614399,Linode
2892614400,2892614655,Linode
2892614656,2892614911,Linode
2892614912,2892615167,Linode
2892615168,2892615423,Linode
2892615424,2892615679,Linode
2892615680,2892615935,Linode
2892615936,2892616191,Linode
2892616192,2892616447,Linode
2892616448,2892616703,Linode
2892616704,2892616959,Linode
2892616960,2892617215,Linode
2892617216,2892617471,Linode
2892617472,2892617727,Linode
2892617728,2892617983,Linode
2892617984,2892618239,Linode
2892618240,2892618495,Linode
2892618496,2892618751,Linode
2892618752,2892619007,Linode
2892619008,2892619263,Linode
2892619264,2892619519,Linode
2892619520,2892619775,Linode
2892619776,2892620031,Linode
2892620032,2892620287,Linode
2892620288,2892620543,Linode
2892620544,2892620799,Linode
2892620800,2892621055,Linode
2892621056,2892621311,Linode
2892621312,2892621567,Linode
2892621568,2892621823,Linode
2892621824,2892622079,Linode
2892622080,2892622335,Linode
2892622336,2892622591,Linode
2892622592,2892622847,Linode
2892622848,2892623103,Linode
2892623104,2892623359,Linode
2892623360,2892623615,Linode
2892623616,2892623871,Linode
2892623872,2892624127,Linode
2892624128,2892624383,Linode
2892624384,2892624639,Linode
2892624640,2892624895,Linode
2892624896,2892625151,Linode
2892625152,2892625407,Linode
2892625408,2892625663,Linode
2892625664,2892625919,Linode
2892625920,2892626175,Linode
2892626176,2892626431,Linode
2892626432,2892626687,Linode
2892626688,2892626943,Linode
2892626944,2892627199,Linode
2892627200,2892627455,Linode
2892627456,2892627711,Linode
2892627712,2892627967,Linode
2892627968,2892759039,Amazon AWS
2892898304,2892900351,Google
2892972032,2892988415,Fastly
2896691200,2896822271,GitHub
2896822272,2896887807,GitHub
2896887808,2896895999,GitHub
2896896000,2896904191,GitHub
2896904192,2896912383,GitHub
2896912384,2896920575,GitHub
2896920576,2896953343,GitHub
2896953344,2896986111,GitHub
2896986112,2897018879,GitHub
2897020928,2897022975,GitHub
2897022976,2897027071,GitHub
2897035264,2897051647,GitHub
2897051648,2897084415,GitHub
2897084416,2897149951,GitHub
2897149952,2897215487,GitHub
2897215488,2897346559,GitHub
2897346560,2897379327,GitHub
2897379328,2897412095,GitHub
2897412096,2897477631,GitHub
2897477632,2897608703,GitHub
2897608704,2897674239,GitHub
2897674240,2897739775,GitHub
2897739776,2897870847,GitHub
2897796720,2897796735,GitHub
2898132992,2898264063,GitHub
2898329600,2898362367,GitHub
2898362368,2898395135,GitHub
2898427904,2898460671,GitHub
2898722816,2898788351,GitHub
2898788352,2898853887,GitHub
2898853888,2898919423,GitHub
2898919424,2898952191,GitHub
2898952192,2898984959,GitHub
2898984960,2899017727,GitHub
2899017728,2899050495,GitHub
2899116032,2899148799,GitHub
2899148800,2899181567,GitHub
2899181568,2899214335,GitHub
2899214336,2899230719,GitHub
2899230720,2899247103,GitHub
2899312640,2899345407,GitHub
2899345408,2899378175,GitHub
2899443712,2899476479,GitHub
2899476480,2899509247,GitHub
2899509248,2899574783,GitHub
2899574784,2899607551,GitHub
2899607552,2899640319,GitHub
2899705856,2899738623,GitHub
2899738624,2899771391,GitHub
2899804160,2899820543,GitHub
2899820544,2899836927,GitHub
2899902464,2899967999,Google
2900885504,2900885759,Linode
2900885760,2900886015,Linode
2900886016,2900886271,Linode
2900886272,2900886527,Linode
2900886528,2900886783,Linode
2900886784,2900887039,Linode
2900887040,2900887295,Linode
2900887296,2900887551,Linode
2900887552,2900887807,Linode
2900887808,2900888063,Linode
2900888064,2900888319,Linode
2900888320,2900888575,Linode
2900888576,2900888831,Linode
2900888832,2900889087,Linode
2900889088,2900889343,Linode
2900889344,2900889599,Linode
2900889600,2900889855,Linode
2900889856,2900890111,Linode
2900890112,2900890367,Linode
2900890368,2900890623,Linode
2900890624,2900890879,Linode
2900890880,2900891135,Linode
2900891136,2900891391,Linode
2900891392,2900891647,Linode
2900891648,2900891903,Linode
2900891904,2900892159,Linode
2900892160,2900892415,Linode
2900892416,2900892671,Linode
2900892672,2900892927,Linode
2900892928,2900893183,Linode
2900893184,2900893439,Linode
2900893440,2900893695,Linode
2900893696,2900893951,Linode
2900893952,2900894207,Linode
2900894208,2900894463,Linode
2900894464,2900894719,Linode
2900894720,2900894975,Linode
2900894976,2900895231,Linode
2900895232,2900895487,Linode
2900895488,2900895743,Linode
2900895744,2900895999,Linode
2900896000,2900896255,Linode
2900896256,2900896511,Linode
2900896512,2900896767,Linode
2900896768,2900897023,Linode
2900897024,2900897279,Linode
2900897280,2900897535,Linode
2900897536,2900897791,Linode
2900897792,2900898047,Linode
2900898048,2900898303,Linode
2900898304,2900898559,Linode
2900898560,2900898815,Linode
2900898816,2900899071,Linode
2900899072,2900899327,Linode
2900899328,2900899583,Linode
2900899584,2900899839,Linode
2900899840,2900900095,Linode
2900900096,2900900351,Linode
2900900352,2900900607,Linode
2900900608,2900900863,Linode
2900900864,2900901119,Linode
2900901120,2900901375,Linode
2900901376,2900901631,Linode
2900901632,2900901887,Linode
2900901888,2900902143,Linode
2900902144,2900902399,Linode
2900902400,2900902655,Linode
2900902656,2900902911,Linode
2900902912,2900903167,Linode
2900903168,2900903423,Linode
2900903424,2900903679,Linode
2900903680,2900903935,Linode
2900903936,2900904191,Linode
2900904192,2900904447,Linode
2900904448,2900904703,Linode
2900904704,2900904959,Linode
2900904960,2900905215,Linode
2900905216,2900905471,Linode
2900905472,2900905727,Linode
2900905728,2900905983,Linode
2900905984,2900906239,Linode
2900906240,2900906495,Linode
2900906496,2900906751,Linode
2900906752,2900907007,Linode
2900907008,2900907263,Linode
2900907264,2900907519,Linode
2900907520,2900907775,Linode
2900907776,2900908031,Linode
2900910080,2900910335,Linode
2900910336,2900910591,Linode
2900910592,2900910847,Linode
2900910848,2900911103,Linode
2900911104,2900911359,Linode
2900911360,2900911615,Linode
2900911616,2900911871,Linode
2900911872,2900912127,Linode
2900912128,2900912383,Linode
2900912384,2900912639,Linode
2900912640,2900912895,Linode
2900912896,2900913151,Linode
2900913152,2900913407,Linode
2900913408,2900913663,Linode
2900913664,2900913919,Linode
2900913920,2900914175,Linode
2900914176,2900914431,Linode
2900914432,2900914687,Linode
2900914688,2900914943,Linode
2900914944,2900915199,Linode
2900915200,2900915455,Linode
2900915456,2900915711,Linode
2900915712,2900915967,Linode
2900915968,2900916223,Linode
2900916224,2900916479,Linode
2900916480,2900916735,Linode
2900916736,2900916991,Linode
2900916992,2900917247,Linode
2900917248,2900917503,Linode
2900917504,2900917759,Linode
2900917760,2900918015,Linode
2900918016,2900918271,Linode
2900918272,2900918527,Linode
2900918528,2900918783,Linode
2900918784,2900919039,Linode
2900919040,2900919295,Linode
2900919296,2900919551,Linode
2900919552,2900919807,Linode
2900919808,2900920063,Linode
2900920064,2900920319,Linode
2900920320,2900920575,Linode
2900920576,2900920831,Linode
2900920832,2900921087,Linode
2900921088,2900921343,Linode
2900921344,2900921599,Linode
2900921600,2900921855,Linode
2900921856,2900922111,Linode
2900922112,2900922367,Linode
2900922368,2900922623,Linode
2900922624,2900922879,Linode
2900922880,2900923135,Linode
2900923136,2900923391,Linode
2900923392,2900923647,Linode
2900923648,2900923903,Linode
2900923904,2900924159,Linode
2900924160,2900924415,Linode
2900924416,2900924671,Linode
2900924672,2900924927,Linode
2900924928,2900925183,Linode
2900925184,2900925439,Linode
2900925440,2900925695,Linode
2900925696,2900925951,Linode
2900925952,2900926207,Linode
2900926208,2900926463,Linode
2900926464,2900926719,Linode
2900926720,2900926975,Linode
2900926976,2900927231,Linode
2900927232,2900927487,Linode
2900927488,2900927743,Linode
2900927744,2900927999,Linode
2900928000,2900928255,Linode
2900928256,2900928511,Linode
2900928512,2900928767,Linode
2900928768,2900929023,Linode
2900929024,2900929279,Linode
2900929280,2900929535,Linode
2900929536,2900929791,Linode
2900929792,2900930047,Linode
2900930048,2900930303,Linode
2900930304,2900930559,Linode
2900930560,2900930815,Linode
2900930816,2900931071,Linode
2900931072,2900931327,Linode
2900931328,2900931583,Linode
2900931584,2900931839,Linode
2900931840,2900932095,Linode
2900932096,2900932351,Linode
2900932352,2900932607,Linode
2900932608,2900932863,Linode
2900932864,2900933119,Linode
2900933120,2900933375,Linode
2900933376,2900933631,Linode
2900933632,2900933887,Linode
2900933888,2900934143,Linode
2900934144,2900934399,Linode
2900934400,2900934655,Linode
2900934656,2900934911,Linode
2900934912,2900935167,Linode
2900935168,2900935423,Linode
2900935424,2900935679,Linode
2900935680,2900935935,Linode
2900935936,2900936191,Linode
2900936192,2900936447,Linode
2900936448,2900936703,Linode
2900936704,2900936959,Linode
2900936960,2900937215,Linode
2900937216,2900937471,Linode
2900937472,2900937727,Linode
2900937728,2900937983,Linode
2900937984,2900938239,Linode
2900938240,2900938495,Linode
2900938496,2900938751,Linode
2900938752,2900939007,Linode
2900939008,2900939263,Linode
2900939264,2900939519,Linode
2900939520,2900939775,Linode
2900939776,2900940031,Linode
2900940032,2900940287,Linode
2900940288,2900940543,Linode
2900940544,2900940799,Linode
2900940800,2900941055,Linode
2900941056,2900941311,Linode
2900941312,2900941567,Linode
2900941568,2900941823,Linode
2900941824,2900942079,Linode
2900942080,2900942335,Linode
2900942336,2900942591,Linode
2900942592,2900942847,Linode
2900942848,2900943103,Linode
2900943104,2900943359,Linode
2900943360,2900943615,Linode
2900943616,2900943871,Linode
2900943872,2900944127,Linode
2900944128,2900944383,Linode
2900944384,2900944639,Linode
2900944640,2900944895,Linode
2900944896,2900945151,Linode
2900945152,2900945407,Linode
2900945408,2900945663,Linode
2900945664,2900945919,Linode
2900945920,2900946175,Linode
2900946176,2900946431,Linode
2900946432,2900946687,Linode
2900946688,2900946943,Linode
2900946944,2900947199,Linode
2900947200,2900947455,Linode
2900947456,2900947711,Linode
2900947712,2900947967,Linode
2900947968,2900948223,Linode
2900948224,2900948479,Linode
2900948480,2900948735,Linode
2900948736,2900948991,Linode
2900948992,2900949247,Linode
2900949248,2900949503,Linode
2900949504,2900949759,Linode
2900949760,2900950015,Linode
2900950016,2900950271,Linode
2900950272,2900950527,Linode
2900950528,2900950783,Linode
2900950784,2900951039,Linode
2900951040,2900951295,Linode
2900951296,2900951551,Linode
2900951552,2900951807,Linode
2900951808,2900952063,Linode
2900952064,2900952319,Linode
2900952320,2900952575,Linode
2900952576,2900952831,Linode
2900952832,2900953087,Linode
2900953088,2900953343,Linode
2900953344,2900953599,Linode
2900953600,2900953855,Linode
2900953856,2900954111,Linode
2900954112,2900954367,Linode
2900954368,2900954623,Linode
2900954624,2900954879,Linode
2900954880,2900955135,Linode
2900955136,2900955391,Linode
2900955392,2900955647,Linode
2900955648,2900955903,Linode
2900955904,2900956159,Linode
2900956160,2900956415,Linode
2900956416,2900956671,Linode
2900956672,2900956927,Linode
2900956928,2900957183,Linode
2900957184,2900957439,Linode
2900957440,2900957695,Linode
2900957696,2900957951,Linode
2900957952,2900958207,Linode
2900958208,2900958463,Linode
2900958464,2900958719,Linode
2900958720,2900958975,Linode
2900958976,2900959231,Linode
2900959232,2900959487,Linode
2900959488,2900959743,Linode
2900959744,2900959999,Linode
2900960000,2900960255,Linode
2900960256,2900960511,Linode
2900960512,2900960767,Linode
2900960768,2900961023,Linode
2900961024,2900961279,Linode
2900961280,2900961535,Linode
2900961536,2900961791,Linode
2900961792,2900962047,Linode
2900962048,2900962303,Linode
2900962304,2900962559,Linode
2900962560,2900962815,Linode
2900962816,2900963071,Linode
2900963072,2900963327,Linode
2900963328,2900963583,Linode
2900963584,2900963839,Linode
2900963840,2900964095,Linode
2900964096,2900964351,Linode
2900964352,2900964607,Linode
2900964608,2900964863,Linode
2900964864,2900965119,Linode
2900965120,2900965375,Linode
2900965376,2900965631,Linode
2900965632,2900965887,Linode
2900965888,2900966143,Linode
2900966144,2900966399,Linode
2900966400,2900966655,Linode
2900966656,2900966911,Linode
2900966912,2900967167,Linode
2900967168,2900967423,Linode
2900967424,2900967679,Linode
2900967680,2900967935,Linode
2900967936,2900968191,Linode
2900968192,2900968447,Linode
2900968448,2900968703,Linode
2900968704,2900968959,Linode
2900968960,2900969215,Linode
2900969216,2900969471,Linode
2900969472,2900969727,Linode
2900969728,2900969983,Linode
2900969984,2900970239,Linode
2900970240,2900970495,Linode
2900970496,2900970751,Linode
2900970752,2900971007,Linode
2900971008,2900971263,Linode
2900971264,2900971519,Linode
2900971520,2900971775,Linode
2900971776,2900972031,Linode
2900972032,2900972287,Linode
2900972288,2900972543,Linode
2900972544,2900972799,Linode
2900972800,2900973055,Linode
2900973056,2900973311,Linode
2900973312,2900973567,Linode
2900973568,2900973823,Linode
2900973824,2900974079,Linode
2900974080,2900974335,Linode
2900974336,2900974591,Linode
2900974592,2900974847,Linode
2900974848,2900975103,Linode
2900975104,2900975359,Linode
2900975360,2900975615,Linode
2900975616,2900975871,Linode
2900975872,2900976127,Linode
2900976128,2900976383,Linode
2900976384,2900976639,Linode
2900976640,2900976895,Linode
2900976896,2900977151,Linode
2900977152,2900977407,Linode
2900977408,2900977663,Linode
2900977664,2900977919,Linode
2900977920,2900978175,Linode
2900978176,2900978431,Linode
2900978432,2900978687,Linode
2900978688,2900978943,Linode
2900978944,2900979199,Linode
2900979200,2900979455,Linode
2900979456,2900979711,Linode
2900979712,2900979967,Linode
2900979968,2900980223,Linode
2900980224,2900980479,Linode
2900980480,2900980735,Linode
2900980736,2900980991,Linode
2900980992,2900981247,Linode
2900981248,2900981503,Linode
2900981504,2900981759,Linode
2900981760,2900982015,Linode
2900982016,2900982271,Linode
2900982272,2900982527,Linode
2900982528,2900982783,Linode
2900982784,2900983039,Linode
2900983040,2900983295,Linode
2900983296,2900983551,Linode
2900983552,2900983807,Linode
2900983808,2900984063,Linode
2900984064,2900984319,Linode
2900984320,2900984575,Linode
2900984576,2900984831,Linode
2900984832,2900985087,Linode
2900985088,2900985343,Linode
2900985344,2900985599,Linode
2900985600,2900985855,Linode
2900985856,2900986111,Linode
2900986112,2900986367,Linode
2900986368,2900986623,Linode
2900986624,2900986879,Linode
2900986880,2900987135,Linode
2900987136,2900987391,Linode
2900987392,2900987647,Linode
2900987648,2900987903,Linode
2900987904,2900988159,Linode
2900988160,2900988415,Linode
2900988416,2900988671,Linode
2900988672,2900988927,Linode
2900988928,2900989183,Linode
2900989184,2900989439,Linode
2900989440,2900989695,Linode
2900989696,2900989951,Linode
2900989952,2900990207,Linode
2900990208,2900990463,Linode
2900990464,2900990719,Linode
2900990720,2900990975,Linode
2900990976,2900991231,Linode
2900991232,2900991487,Linode
2900991488,2900991743,Linode
2900991744,2900991999,Linode
2900992000,2900992255,Linode
2900992256,2900992511,Linode
2900992512,2900992767,Linode
2900992768,2900993023,Linode
2900993024,2900993279,Linode
2900993280,2900993535,Linode
2900993536,2900993791,Linode
2900993792,2900994047,Linode
2900994048,2900994303,Linode
2900994304,2900994559,Linode
2900994560,2900994815,Linode
2900994816,2900995071,Linode
2900995072,2900995327,Linode
2900995328,2900995583,Linode
2900995584,2900995839,Linode
2900995840,2900996095,Linode
2900996096,2900996351,Linode
2900996352,2900996607,Linode
2900996608,2900996863,Linode
2900996864,2900997119,Linode
2900997120,2900997375,Linode
2900997376,2900997631,Linode
2900997632,2900997887,Linode
2900997888,2900998143,Linode
2900998144,2900998399,Linode
2900998400,2900998655,Linode
2900998656,2900998911,Linode
2900998912,2900999167,Linode
2900999168,2900999423,Linode
2900999424,2900999679,Linode
2900999680,2900999935,Linode
2900999936,2901000191,Linode
2901000192,2901000447,Linode
2901000448,2901000703,Linode
2901000704,2901000959,Linode
2901000960,2901001215,Linode
2901001216,2901001471,Linode
2901001472,2901001727,Linode
2901001728,2901001983,Linode
2901001984,2901002239,Linode
2901002240,2901002495,Linode
2901002496,2901002751,Linode
2901002752,2901003007,Linode
2901003008,2901003263,Linode
2901003264,2901003519,Linode
2901003520,2901003775,Linode
2901003776,2901004031,Linode
2901004032,2901004287,Linode
2901004288,2901004543,Linode
2901004544,2901004799,Linode
2901004800,2901005055,Linode
2901005056,2901005311,Linode
2901005312,2901005567,Linode
2901005568,2901005823,Linode
2901005824,2901006079,Linode
2901006080,2901006335,Linode
2901006336,2901006591,Linode
2901006592,2901006847,Linode
2901006848,2901007103,Linode
2901007104,2901007359,Linode
2901007360,2901007615,Linode
2901007616,2901007871,Linode
2901007872,2901008127,Linode
2901008128,2901008383,Linode
2901008384,2901008639,Linode
2901008640,2901008895,Linode
2901008896,2901009151,Linode
2901009152,2901009407,Linode
2901009408,2901009663,Linode
2901009664,2901009919,Linode
2901009920,2901010175,Linode
2901010176,2901010431,Linode
2901010432,2901010687,Linode
2901010688,2901010943,Linode
2901010944,2901011199,Linode
2901011200,2901011455,Linode
2901011456,2901011711,Linode
2901011712,2901011967,Linode
2901011968,2901012223,Linode
2901012224,2901012479,Linode
2901012480,2901012735,Linode
2901012736,2901012991,Linode
2901012992,2901013247,Linode
2901013248,2901013503,Linode
2901013504,2901013759,Linode
2901013760,2901014015,Linode
2901014016,2901014271,Linode
2901014272,2901014527,Linode
2901014528,2901014783,Linode
2901014784,2901015039,Linode
2901015040,2901015295,Linode
2901015296,2901015551,Linode
2901015552,2901015807,Linode
2901015808,2901016063,Linode
2901016064,2901016319,Linode
2901016320,2901016575,Linode
2901017088,2901017343,Linode
2901017344,2901017599,Linode
2901017600,2901017855,Linode
2901017856,2901018111,Linode
2901018624,2901018879,Linode
2901018880,2901019135,Linode
2901019136,2901019391,Linode
2901019392,2901019647,Linode
2901019648,2901019903,Linode
2901019904,2901020159,Linode
2901020160,2901020415,Linode
2901020416,2901020671,Linode
2901020672,2901020927,Linode
2901020928,2901021183,Linode
2901021184,2901021439,Linode
2901021440,2901021695,Linode
2901021696,2901021951,Linode
2901021952,2901022207,Linode
2901022208,2901022463,Linode
2901022464,2901022719,Linode
2901022720,2901022975,Linode
2901022976,2901023231,Linode
2901023232,2901023487,Linode
2901023488,2901023743,Linode
2901023744,2901023999,Linode
2901024000,2901024255,Linode
2901024256,2901024511,Linode
2901024512,2901024767,Linode
2901024768,2901025023,Linode
2901025024,2901025279,Linode
2901025280,2901025535,Linode
2901025536,2901025791,Linode
2901025792,2901026047,Linode
2901026048,2901026303,Linode
2901026304,2901026559,Linode
2901026560,2901026815,Linode
2901026816,2901027071,Linode
2901027072,2901027327,Linode
2901027328,2901027583,Linode
2901027584,2901027839,Linode
2901027840,2901028095,Linode
2901028096,2901028351,Linode
2901028352,2901028607,Linode
2901028608,2901028863,Linode
2901028864,2901029119,Linode
2901029120,2901029375,Linode
2901029376,2901029631,Linode
2901029632,2901029887,Linode
2901029888,2901030143,Linode
2901030144,2901030399,Linode
2901030400,2901030655,Linode
2901030656,2901030911,Linode
2901030912,2901031167,Linode
2901031168,2901031423,Linode
2901031424,2901031679,Linode
2901031680,2901031935,Linode
2901031936,2901032191,Linode
2901032192,2901032447,Linode
2901032448,2901032703,Linode
2901032704,2901032959,Linode
2901032960,2901033215,Linode
2901033216,2901033471,Linode
2901033472,2901033727,Linode
2901033728,2901033983,Linode
2901033984,2901034239,Linode
2901034240,2901034495,Linode
2901034496,2901034751,Linode
2901034752,2901035007,Linode
2901035008,2901035263,Linode
2901035264,2901035519,Linode
2901035520,2901035775,Linode
2901035776,2901036031,Linode
2901036032,2901036287,Linode
2901036288,2901036543,Linode
2901036544,2901036799,Linode
2901036800,2901037055,Linode
2901037056,2901037311,Linode
2901037312,2901037567,Linode
2901037568,2901037823,Linode
2901037824,2901038079,Linode
2901038080,2901038335,Linode
2901038336,2901038591,Linode
2901038592,2901038847,Linode
2901038848,2901039103,Linode
2901039104,2901039359,Linode
2901039360,2901039615,Linode
2901039616,2901039871,Linode
2901039872,2901040127,Linode
2901040128,2901040383,Linode
2901040384,2901040639,Linode
2901040640,2901040895,Linode
2901040896,2901041151,Linode
2901041152,2901041407,Linode
2901041408,2901041663,Linode
2901041664,2901041919,Linode
2901041920,2901042175,Linode
2901042176,2901042431,Linode
2901042432,2901042687,Linode
2901042688,2901042943,Linode
2901042944,2901043199,Linode
2901043200,2901043455,Linode
2901043456,2901043711,Linode
2901043712,2901043967,Linode
2901043968,2901044223,Linode
2901044224,2901044479,Linode
2901044480,2901044735,Linode
2901044736,2901044991,Linode
2901044992,2901045247,Linode
2901045248,2901045503,Linode
2901045504,2901045759,Linode
2901045760,2901046015,Linode
2901046016,2901046271,Linode
2901046272,2901046527,Linode
2901046528,2901046783,Linode
2901046784,2901047039,Linode
2901047040,2901047295,Linode
2901047296,2901047551,Linode
2901047552,2901047807,Linode
2901047808,2901048063,Linode
2901048064,2901048319,Linode
2901048320,2901048575,Linode
2901048576,2901048831,Linode
2901048832,2901049087,Linode
2901049088,2901049343,Linode
2901049344,2901049599,Linode
2901049600,2901049855,Linode
2901049856,2901050111,Linode
2901050112,2901050367,Linode
2901050368,2901050623,Linode
2901050624,2901050879,Linode
2901050880,2901051135,Linode
2901051136,2901051391,Linode
2901051392,2901051647,Linode
2901051648,2901051903,Linode
2901051904,2901052159,Linode
2901052160,2901052415,Linode
2901052416,2901052671,Linode
2901052672,2901052927,Linode
2901052928,2901053183,Linode
2901053184,2901053439,Linode
2901053440,2901053695,Linode
2901053696,2901053951,Linode
2901053952,2901054207,Linode
2901054208,2901054463,Linode
2901054464,2901054719,Linode
2901054720,2901054975,Linode
2901054976,2901055231,Linode
2901055232,2901055487,Linode
2901055488,2901055743,Linode
2901055744,2901055999,Linode
2901056000,2901056255,Linode
2901056256,2901056511,Linode
2901056512,2901056767,Linode
2901056768,2901057023,Linode
2901057024,2901057279,Linode
2901057280,2901057535,Linode
2901057536,2901057791,Linode
2901057792,2901058047,Linode
2901058048,2901058303,Linode
2901058304,2901058559,Linode
2901058560,2901058815,Linode
2901058816,2901059071,Linode
2901059072,2901059327,Linode
2901059328,2901059583,Linode
2901059584,2901059839,Linode
2901059840,2901060095,Linode
2901060096,2901060351,Linode
2901060352,2901060607,Linode
2901060608,2901060863,Linode
2901060864,2901061119,Linode
2901061120,2901061375,Linode
2901061376,2901061631,Linode
2901061632,2901061887,Linode
2901061888,2901062143,Linode
2901062144,2901062399,Linode
2901062400,2901062655,Linode
2901062656,2901062911,Linode
2901062912,2901063167,Linode
2901063168,2901063423,Linode
2901063424,2901063679,Linode
2901063680,2901063935,Linode
2901063936,2901064191,Linode
2901064192,2901064447,Linode
2901064448,2901064703,Linode
2901064704,2901064959,Linode
2901064960,2901065215,Linode
2901065216,2901065471,Linode
2901065472,2901065727,Linode
2901065728,2901065983,Linode
2901065984,2901066239,Linode
2901066240,2901066495,Linode
2901066496,2901066751,Linode
2901066752,2901067007,Linode
2901067008,2901067263,Linode
2901067264,2901067519,Linode
2901067520,2901067775,Linode
2901067776,2901068031,Linode
2901068032,2901068287,Linode
2901068288,2901068543,Linode
2901068544,2901068799,Linode
2901068800,2901069055,Linode
2901069056,2901069311,Linode
2901069312,2901069567,Linode
2901069568,2901069823,Linode
2901069824,2901070079,Linode
2901070080,2901070335,Linode
2901070336,2901070591,Linode
2901070592,2901070847,Linode
2901070848,2901071103,Linode
2901071104,2901071359,Linode
2901071360,2901071615,Linode
2901071616,2901071871,Linode
2901071872,2901072127,Linode
2901072128,2901072383,Linode
2901072384,2901072639,Linode
2901072640,2901072895,Linode
2901072896,2901073151,Linode
2901073152,2901073407,Linode
2901073408,2901073663,Linode
2901073664,2901073919,Linode
2901073920,2901074175,Linode
2901074176,2901074431,Linode
2901074432,2901074687,Linode
2901074688,2901074943,Linode
2901074944,2901075199,Linode
2901075200,2901075455,Linode
2901075456,2901075711,Linode
2901075712,2901075967,Linode
2901075968,2901076223,Linode
2901076224,2901076479,Linode
2901076480,2901076735,Linode
2901076736,2901076991,Linode
2901076992,2901077247,Linode
2901077248,2901077503,Linode
2901077504,2901077759,Linode
2901077760,2901078015,Linode
2901078016,2901078271,Linode
2901078272,2901078527,Linode
2901078528,2901078783,Linode
2901078784,2901079039,Linode
2901079040,2901079295,Linode
2901079296,2901079551,Linode
2901079552,2901079807,Linode
2901079808,2901080063,Linode
2901080064,2901080319,Linode
2901080320,2901080575,Linode
2901080576,2901080831,Linode
2901080832,2901081087,Linode
2901081088,2901081343,Linode
2901081344,2901081599,Linode
2901081600,2901081855,Linode
2901081856,2901082111,Linode
2901082112,2901082367,Linode
2901082368,2901082623,Linode
2901082624,2901082879,Linode
2901082880,2901083135,Linode
2901083136,2901083391,Linode
2901083392,2901083647,Linode
2901083648,2901083903,Linode
2901083904,2901084159,Linode
2901084160,2901084415,Linode
2901084416,2901084671,Linode
2901084672,2901084927,Linode
2901084928,2901085183,Linode
2901085184,2901085439,Linode
2901085440,2901085695,Linode
2901085696,2901085951,Linode
2901085952,2901086207,Linode
2901086208,2901086463,Linode
2901086464,2901086719,Linode
2901086720,2901086975,Linode
2901086976,2901087231,Linode
2901087232,2901087487,Linode
2901087488,2901087743,Linode
2901087744,2901087999,Linode
2901088000,2901088255,Linode
2901088256,2901088511,Linode
2901088512,2901088767,Linode
2901088768,2901089023,Linode
2901089024,2901089279,Linode
2901089280,2901089535,Linode
2901089536,2901089791,Linode
2901089792,2901090047,Linode
2901090304,2901090559,Linode
2901090560,2901090815,Linode
2901090816,2901091071,Linode
2901091072,2901091327,Linode
2901091328,2901091583,Linode
2901091584,2901091839,Linode
2901091840,2901092095,Linode
2901092096,2901092351,Linode
2901092352,2901092607,Linode
2901092608,2901092863,Linode
2901092864,2901093119,Linode
2901093120,2901093375,Linode
2901093376,2901093631,Linode
2901093632,2901093887,Linode
2901093888,2901094143,Linode
2901094144,2901094399,Linode
2901094400,2901094655,Linode
2901094656,2901094911,Linode
2901094912,2901095167,Linode
2901095168,2901095423,Linode
2901095424,2901095679,Linode
2901095680,2901095935,Linode
2901095936,2901096191,Linode
2901096192,2901096447,Linode
2901096448,2901096703,Linode
2901096704,2901096959,Linode
2901096960,2901097215,Linode
2901097216,2901097471,Linode
2901097472,2901097727,Linode
2901097728,2901097983,Linode
2901097984,2901098239,Linode
2901098240,2901098495,Linode
2901106688,2901106943,Linode
2901106944,2901107199,Linode
2901107200,2901107455,Linode
2901107456,2901107711,Linode
2901108224,2901108479,Linode
2901108480,2901108735,Linode
2901108736,2901108991,Linode
2901108992,2901109247,Linode
2901109760,2901110015,Linode
2901110016,2901110271,Linode
2901110272,2901110527,Linode
2901110528,2901110783,Linode
2901110784,2901111039,Linode
2901111040,2901111295,Linode
2901111296,2901111551,Linode
2901111552,2901111807,Linode
2901111808,2901112063,Linode
2901112064,2901112319,Linode
2901112320,2901112575,Linode
2901112576,2901112831,Linode
2901112832,2901113087,Linode
2901113088,2901113343,Linode
2901113344,2901113599,Linode
2901113600,2901113855,Linode
2901113856,2901114111,Linode
2901114112,2901114367,Linode
2901114368,2901114623,Linode
2901114624,2901114879,Linode
2901114880,2901115135,Linode
2901115136,2901115391,Linode
2901115392,2901115647,Linode
2901115648,2901115903,Linode
2901115904,2901116159,Linode
2901116160,2901116415,Linode
2901116416,2901116671,Linode
2901116672,2901116927,Linode
2901116928,2901117183,Linode
2901117184,2901117439,Linode
2901117440,2901117695,Linode
2901117696,2901117951,Linode
2901117952,2901118207,Linode
2901118208,2901118463,Linode
2901118464,2901118719,Linode
2901118720,2901118975,Linode
2901118976,2901119231,Linode
2901119232,2901119487,Linode
2901119488,2901119743,Linode
2901119744,2901119999,Linode
2901120000,2901120255,Linode
2901120256,2901120511,Linode
2901120512,2901120767,Linode
2901120768,2901121023,Linode
2901121024,2901121279,Linode
2901121280,2901121535,Linode
2901121536,2901121791,Linode
2901121792,2901122047,Linode
2901122048,2901122303,Linode
2901122304,2901122559,Linode
2901122560,2901122815,Linode
2901122816,2901123071,Linode
2901123072,2901123327,Linode
2901123328,2901123583,Linode
2901123584,2901123839,Linode
2901123840,2901124095,Linode
2901124096,2901124351,Linode
2901124352,2901124607,Linode
2901124608,2901124863,Linode
2901124864,2901125119,Linode
2901125120,2901125375,Linode
2901125376,2901125631,Linode
2901125632,2901125887,Linode
2901125888,2901126143,Linode
2901126144,2901126399,Linode
2901126400,2901126655,Linode
2901126656,2901126911,Linode
2901126912,2901127167,Linode
2901127168,2901127423,Linode
2901127424,2901127679,Linode
2901127680,2901127935,Linode
2901127936,2901128191,Linode
2901128192,2901128447,Linode
2901128448,2901128703,Linode
2901128704,2901128959,Linode
2901128960,2901129215,Linode
2901129216,2901129471,Linode
2901129472,2901129727,Linode
2901129728,2901129983,Linode
2901129984,2901130239,Linode
2901130240,2901130495,Linode
2901130496,2901130751,Linode
2901130752,2901131007,Linode
2901131008,2901131263,Linode
2901131264,2901131519,Linode
2901131520,2901131775,Linode
2901131776,2901132031,Linode
2901132032,2901132287,Linode
2901132288,2901132543,Linode
2901132544,2901132799,Linode
2901132800,2901133055,Linode
2901133056,2901133311,Linode
2901133312,2901133567,Linode
2901133568,2901133823,Linode
2901133824,2901134079,Linode
2901134080,2901134335,Linode
2901134336,2901134591,Linode
2901134592,2901134847,Linode
2901134848,2901135103,Linode
2901135104,2901135359,Linode
2901135360,2901135615,Linode
2901135616,2901135871,Linode
2901135872,2901136127,Linode
2901136128,2901136383,Linode
2901136384,2901136639,Linode
2901136640,2901136895,Linode
2901136896,2901137151,Linode
2901137152,2901137407,Linode
2901137408,2901137663,Linode
2901137664,2901137919,Linode
2901137920,2901138175,Linode
2901138176,2901138431,Linode
2901139456,2901139711,Linode
2901139712,2901139967,Linode
2901139968,2901140223,Linode
2901140224,2901140479,Linode
2901140480,2901140735,Linode
2901140736,2901140991,Linode
2901140992,2901141247,Linode
2901141248,2901141503,Linode
2901141504,2901141759,Linode
2901141760,2901142015,Linode
2901142016,2901142271,Linode
2901142272,2901142527,Linode
2901142528,2901142783,Linode
2901142784,2901143039,Linode
2901143040,2901143295,Linode
2901143296,2901143551,Linode
2901143552,2901143807,Linode
2901143808,2901144063,Linode
2901144064,2901144319,Linode
2901144320,2901144575,Linode
2901144576,2901144831,Linode
2901144832,2901145087,Linode
2901145088,2901145343,Linode
2901145344,2901145599,Linode
2901145600,2901145855,Linode
2901145856,2901146111,Linode
2901146112,2901146367,Linode
2901146368,2901146623,Linode
2901146624,2901146879,Linode
2901146880,2901147135,Linode
2901147136,2901147391,Linode
2901147392,2901147647,Linode
2901147648,2901147903,Linode
2901147904,2901148159,Linode
2901148160,2901148415,Linode
2901148416,2901148671,Linode
2901148672,2901148927,Linode
2901148928,2901149183,Linode
2901149184,2901149439,Linode
2901149440,2901149695,Linode
2901149696,2901149951,Linode
2901149952,2901150207,Linode
2901150208,2901150463,Linode
2901150464,2901150719,Linode
2901150720,2901150975,Linode
2901150976,2901151231,Linode
2901151232,2901151487,Linode
2901151488,2901151743,Linode
2901151744,2901151999,Linode
2901152000,2901152255,Linode
2901152256,2901152511,Linode
2901152512,2901152767,Linode
2901152768,2901153023,Linode
2901153024,2901153279,Linode
2901153280,2901153535,Linode
2901153536,2901153791,Linode
2901153792,2901154047,Linode
2901154048,2901154303,Linode
2901154304,2901154559,Linode
2901154560,2901154815,Linode
2901154816,2901155071,Linode
2901155072,2901155327,Linode
2901155328,2901155583,Linode
2901155584,2901155839,Linode
2901155840,2901156095,Linode
2901156096,2901156351,Linode
2901156352,2901156607,Linode
2901156608,2901156863,Linode
2901156864,2901157119,Linode
2901157120,2901157375,Linode
2901157376,2901157631,Linode
2901157632,2901157887,Linode
2901157888,2901158143,Linode
2901158144,2901158399,Linode
2901158400,2901158655,Linode
2901158656,2901158911,Linode
2901158912,2901159167,Linode
2901159168,2901159423,Linode
2901159424,2901159679,Linode
2901159680,2901159935,Linode
2901159936,2901160191,Linode
2901160192,2901160447,Linode
2901160448,2901160703,Linode
2901160704,2901160959,Linode
2901160960,2901161215,Linode
2901161216,2901161471,Linode
2901161472,2901161727,Linode
2901161728,2901161983,Linode
2901161984,2901162239,Linode
2901162240,2901162495,Linode
2901162496,2901162751,Linode
2901162752,2901163007,Linode
2901163008,2901163263,Linode
2901163264,2901163519,Linode
2901163520,2901163775,Linode
2901163776,2901164031,Linode
2901164032,2901164287,Linode
2901164288,2901164543,Linode
2901164544,2901164799,Linode
2901164800,2901165055,Linode
2901165056,2901165311,Linode
2901165312,2901165567,Linode
2901165568,2901165823,Linode
2901165824,2901166079,Linode
2901166080,2901166335,Linode
2901166336,2901166591,Linode
2901166592,2901166847,Linode
2901166848,2901167103,Linode
2901167104,2901167359,Linode
2901167360,2901167615,Linode
2901167616,2901167871,Linode
2901167872,2901168127,Linode
2901168128,2901168383,Linode
2901168384,2901168639,Linode
2901168640,2901168895,Linode
2901168896,2901169151,Linode
2901169152,2901169407,Linode
2901169408,2901169663,Linode
2901169664,2901169919,Linode
2901169920,2901170175,Linode
2901170176,2901170431,Linode
2901170432,2901170687,Linode
2901170688,2901170943,Linode
2901170944,2901171199,Linode
2901171200,2901171455,Linode
2901171456,2901171711,Linode
2901171712,2901171967,Linode
2901171968,2901172223,Linode
2901172224,2901172479,Linode
2901172480,2901172735,Linode
2901172736,2901172991,Linode
2901172992,2901173247,Linode
2901173248,2901173503,Linode
2901173504,2901173759,Linode
2901173760,2901174015,Linode
2901174016,2901174271,Linode
2901174272,2901174527,Linode
2901174528,2901174783,Linode
2901174784,2901175039,Linode
2901175040,2901175295,Linode
2901175296,2901175551,Linode
2901175552,2901175807,Linode
2901175808,2901176063,Linode
2901176064,2901176319,Linode
2901176320,2901176575,Linode
2901176576,2901176831,Linode
2901176832,2901177087,Linode
2901177088,2901177343,Linode
2901177344,2901177599,Linode
2901177600,2901177855,Linode
2901177856,2901178111,Linode
2901178112,2901178367,Linode
2901178368,2901178623,Linode
2901178624,2901178879,Linode
2901178880,2901179135,Linode
2901179136,2901179391,Linode
2901179392,2901179647,Linode
2901179648,2901179903,Linode
2901179904,2901180159,Linode
2901180160,2901180415,Linode
2901180416,2901180671,Linode
2901180672,2901180927,Linode
2901180928,2901181183,Linode
2901181184,2901181439,Linode
2901181440,2901181695,Linode
2901181696,2901181951,Linode
2901181952,2901182207,Linode
2901182208,2901182463,Linode
2901182464,2901182719,Linode
2901182720,2901182975,Linode
2901182976,2901183231,Linode
2901183232,2901183487,Linode
2901183488,2901183743,Linode
2901183744,2901183999,Linode
2901184000,2901184255,Linode
2901184256,2901184511,Linode
2901184512,2901184767,Linode
2901184768,2901185023,Linode
2901185024,2901185279,Linode
2901185280,2901185535,Linode
2901185536,2901185791,Linode
2901185792,2901186047,Linode
2901186048,2901186303,Linode
2901186304,2901186559,Linode
2901186560,2901186815,Linode
2901186816,2901187071,Linode
2901187072,2901187327,Linode
2901187328,2901187583,Linode
2901187584,2901187839,Linode
2901187840,2901188095,Linode
2901188096,2901188351,Linode
2901188352,2901188607,Linode
2901188608,2901188863,Linode
2901188864,2901189119,Linode
2901189120,2901189375,Linode
2901189376,2901189631,Linode
2901189632,2901189887,Linode
2901189888,2901190143,Linode
2901190144,2901190399,Linode
2901190400,2901190655,Linode
2901190656,2901190911,Linode
2901190912,2901191167,Linode
2901191168,2901191423,Linode
2901191424,2901191679,Linode
2901191680,2901191935,Linode
2901191936,2901192191,Linode
2901192192,2901192447,Linode
2901192448,2901192703,Linode
2901192704,2901192959,Linode
2901192960,2901193215,Linode
2901193216,2901193471,Linode
2901193472,2901193727,Linode
2901193728,2901193983,Linode
2901193984,2901194239,Linode
2901194240,2901194495,Linode
2901194496,2901194751,Linode
2901194752,2901195007,Linode
2901195008,2901195263,Linode
2901195264,2901195519,Linode
2901195520,2901195775,Linode
2901195776,2901196031,Linode
2901196032,2901196287,Linode
2901196288,2901196543,Linode
2901196544,2901196799,Linode
2901196800,2901197055,Linode
2901197056,2901197311,Linode
2901197312,2901197567,Linode
2901197568,2901197823,Linode
2901197824,2901198079,Linode
2901198080,2901198335,Linode
2901198336,2901198591,Linode
2901198592,2901198847,Linode
2901198848,2901199103,Linode
2901199104,2901199359,Linode
2901199360,2901199615,Linode
2901199616,2901199871,Linode
2901199872,2901200127,Linode
2901200128,2901200383,Linode
2901200384,2901200639,Linode
2901200640,2901200895,Linode
2901200896,2901201151,Linode
2901201152,2901201407,Linode
2901201408,2901201663,Linode
2901201664,2901201919,Linode
2901201920,2901202175,Linode
2901202176,2901202431,Linode
2901202432,2901202687,Linode
2901202688,2901202943,Linode
2901202944,2901203199,Linode
2901203200,2901203455,Linode
2901203456,2901203711,Linode
2901203712,2901203967,Linode
2901203968,2901204223,Linode
2901204224,2901204479,Linode
2901204480,2901204735,Linode
2901204736,2901204991,Linode
2901204992,2901205247,Linode
2901205248,2901205503,Linode
2901205504,2901205759,Linode
2901205760,2901206015,Linode
2901206016,2901206271,Linode
2901206272,2901206527,Linode
2901206528,2901206783,Linode
2901206784,2901207039,Linode
2901207040,2901207295,Linode
2901207296,2901207551,Linode
2901207552,2901207807,Linode
2901207808,2901208063,Linode
2901208064,2901208319,Linode
2901208320,2901208575,Linode
2901208576,2901208831,Linode
2901208832,2901209087,Linode
2901209088,2901209343,Linode
2901209344,2901209599,Linode
2901209600,2901209855,Linode
2901209856,2901210111,Linode
2901210112,2901210367,Linode
2901210368,2901210623,Linode
2901210624,2901210879,Linode
2901210880,2901211135,Linode
2901211136,2901211391,Linode
2901211392,2901211647,Linode
2901211648,2901211903,Linode
2901211904,2901212159,Linode
2901212160,2901212415,Linode
2901212416,2901212671,Linode
2901212672,2901212927,Linode
2901212928,2901213183,Linode
2901213184,2901213439,Linode
2901213440,2901213695,Linode
2901213696,2901213951,Linode
2901213952,2901214207,Linode
2901214208,2901214463,Linode
2901214464,2901214719,Linode
2901214720,2901214975,Linode
2901214976,2901215231,Linode
2901215232,2901215487,Linode
2901215488,2901215743,Linode
2901215744,2901215999,Linode
2901216000,2901216255,Linode
2901216256,2901216511,Linode
2901216512,2901216767,Linode
2901216768,2901217023,Linode
2901217024,2901217279,Linode
2901217280,2901217535,Linode
2901217536,2901217791,Linode
2901217792,2901218047,Linode
2901218048,2901218303,Linode
2901218304,2901218559,Linode
2901218560,2901218815,Linode
2901218816,2901219071,Linode
2901219072,2901219327,Linode
2901219328,2901219583,Linode
2901219584,2901219839,Linode
2901219840,2901220095,Linode
2901220096,2901220351,Linode
2901220352,2901220607,Linode
2901220608,2901220863,Linode
2901220864,2901221119,Linode
2901221120,2901221375,Linode
2901221376,2901221631,Linode
2901221632,2901221887,Linode
2901221888,2901222143,Linode
2901222144,2901222399,Linode
2901222400,2901222655,Linode
2901222656,2901222911,Linode
2901222912,2901223167,Linode
2901223168,2901223423,Linode
2901223424,2901223679,Linode
2901223680,2901223935,Linode
2901223936,2901224191,Linode
2901224192,2901224447,Linode
2901224448,2901224703,Linode
2901224704,2901224959,Linode
2901224960,2901225215,Linode
2901225216,2901225471,Linode
2901225472,2901225727,Linode
2901225728,2901225983,Linode
2901225984,2901226239,Linode
2901226240,2901226495,Linode
2901226496,2901226751,Linode
2901226752,2901227007,Linode
2901227008,2901227263,Linode
2901227264,2901227519,Linode
2901227520,2901227775,Linode
2901227776,2901228031,Linode
2901228032,2901228287,Linode
2901228288,2901228543,Linode
2901228544,2901228799,Linode
2901228800,2901229055,Linode
2901229056,2901229311,Linode
2901229312,2901229567,Linode
2901229568,2901229823,Linode
2901229824,2901230079,Linode
2901230080,2901230335,Linode
2901230336,2901230591,Linode
2901230592,2901230847,Linode
2901230848,2901231103,Linode
2901231104,2901231359,Linode
2901231360,2901231615,Linode
2901231616,2901231871,Linode
2901231872,2901232127,Linode
2901232128,2901232383,Linode
2901232384,2901232639,Linode
2901232640,2901232895,Linode
2901232896,2901233151,Linode
2901233152,2901233407,Linode
2901233408,2901233663,Linode
2901233664,2901233919,Linode
2901233920,2901234175,Linode
2901234176,2901234431,Linode
2901234432,2901234687,Linode
2901234688,2901234943,Linode
2901234944,2901235199,Linode
2901235200,2901235455,Linode
2901235456,2901235711,Linode
2901235712,2901235967,Linode
2901235968,2901236223,Linode
2901236224,2901236479,Linode
2901236480,2901236735,Linode
2901236736,2901236991,Linode
2901236992,2901237247,Linode
2901237248,2901237503,Linode
2901237504,2901237759,Linode
2901237760,2901238015,Linode
2901238016,2901238271,Linode
2901238272,2901238527,Linode
2901238528,2901238783,Linode
2901238784,2901239039,Linode
2901239040,2901239295,Linode
2901239296,2901239551,Linode
2901239552,2901239807,Linode
2901239808,2901240063,Linode
2901240064,2901240319,Linode
2901240320,2901240575,Linode
2901240576,2901240831,Linode
2901240832,2901241087,Linode
2901241088,2901241343,Linode
2901241344,2901241599,Linode
2901241600,2901241855,Linode
2901241856,2901242111,Linode
2901242112,2901242367,Linode
2901242368,2901242623,Linode
2901242624,2901242879,Linode
2901242880,2901243135,Linode
2901243136,2901243391,Linode
2901243392,2901243647,Linode
2901243648,2901243903,Linode
2901243904,2901244159,Linode
2901244160,2901244415,Linode
2901244416,2901244671,Linode
2901244672,2901244927,Linode
2901244928,2901245183,Linode
2901245184,2901245439,Linode
2901245440,2901245695,Linode
2901245696,2901245951,Linode
2901245952,2901246207,Linode
2901246208,2901246463,Linode
2901246464,2901246719,Linode
2901246720,2901246975,Linode
2901246976,2901247231,Linode
2901247232,2901247487,Linode
2901247488,2901247743,Linode
2901247744,2901247999,Linode
2901248000,2901248255,Linode
2901248256,2901248511,Linode
2901248512,2901248767,Linode
2901248768,2901249023,Linode
2901249024,2901249279,Linode
2901249280,2901249535,Linode
2901249536,2901249791,Linode
2901249792,2901250047,Linode
2901250048,2901250303,Linode
2901250304,2901250559,Linode
2901250560,2901250815,Linode
2901250816,2901251071,Linode
2901251072,2901251327,Linode
2901251328,2901251583,Linode
2901251584,2901251839,Linode
2901251840,2901252095,Linode
2901252096,2901252351,Linode
2901252352,2901252607,Linode
2901252608,2901252863,Linode
2901252864,2901253119,Linode
2901253120,2901253375,Linode
2901253376,2901253631,Linode
2901253632,2901253887,Linode
2901253888,2901254143,Linode
2901254144,2901254399,Linode
2901254400,2901254655,Linode
2901254656,2901254911,Linode
2901254912,2901255167,Linode
2901255168,2901255423,Linode
2901255424,2901255679,Linode
2901255680,2901255935,Linode
2901255936,2901256191,Linode
2901256192,2901256447,Linode
2901256448,2901256703,Linode
2901256704,2901256959,Linode
2901256960,2901257215,Linode
2901257216,2901257471,Linode
2901257472,2901257727,Linode
2901257728,2901257983,Linode
2901257984,2901258239,Linode
2901258240,2901258495,Linode
2901258496,2901258751,Linode
2901258752,2901259007,Linode
2901259008,2901259263,Linode
2901259264,2901259519,Linode
2901259520,2901259775,Linode
2901259776,2901260031,Linode
2901260032,2901260287,Linode
2901260288,2901260543,Linode
2901260544,2901260799,Linode
2901260800,2901261055,Linode
2901261056,2901261311,Linode
2901261312,2901261567,Linode
2901261568,2901261823,Linode
2901261824,2901262079,Linode
2901262080,2901262335,Linode
2901262336,2901262591,Linode
2901262592,2901262847,Linode
2901262848,2901263103,Linode
2901263104,2901263359,Linode
2901263360,2901263615,Linode
2901263616,2901263871,Linode
2901263872,2901264127,Linode
2901264128,2901264383,Linode
2901264384,2901264639,Linode
2901264640,2901264895,Linode
2901264896,2901265151,Linode
2901265152,2901265407,Linode
2901265408,2901265663,Linode
2901265664,2901265919,Linode
2901265920,2901266175,Linode
2901266176,2901266431,Linode
2901266432,2901266687,Linode
2901266688,2901266943,Linode
2901266944,2901267199,Linode
2901267200,2901267455,Linode
2901267456,2901267711,Linode
2901267712,2901267967,Linode
2901267968,2901268223,Linode
2901268224,2901268479,Linode
2901268480,2901268735,Linode
2901268736,2901268991,Linode
2901268992,2901269247,Linode
2901269248,2901269503,Linode
2901269504,2901269759,Linode
2901269760,2901270015,Linode
2901270016,2901270271,Linode
2901270272,2901270527,Linode
2901270528,2901270783,Linode
2901270784,2901271039,Linode
2901271040,2901271295,Linode
2901271296,2901271551,Linode
2901271552,2901271807,Linode
2901271808,2901272063,Linode
2901272064,2901272319,Linode
2901272320,2901272575,Linode
2901272576,2901272831,Linode
2901272832,2901273087,Linode
2901273088,2901273343,Linode
2901273344,2901273599,Linode
2901273600,2901273855,Linode
2901273856,2901274111,Linode
2901274112,2901274367,Linode
2901274368,2901274623,Linode
2901274624,2901274879,Linode
2901274880,2901275135,Linode
2901275136,2901275391,Linode
2901275392,2901275647,Linode
2901275648,2901275903,Linode
2901275904,2901276159,Linode
2901276160,2901276415,Linode
2901276416,2901276671,Linode
2901276672,2901276927,Linode
2901276928,2901277183,Linode
2901277184,2901277439,Linode
2901277440,2901277695,Linode
2901277696,2901277951,Linode
2901277952,2901278207,Linode
2901278208,2901278463,Linode
2901278464,2901278719,Linode
2901278720,2901278975,Linode
2901278976,2901279231,Linode
2901279232,2901279487,Linode
2901279488,2901279743,Linode
2901279744,2901279999,Linode
2901280000,2901280255,Linode
2901280256,2901280511,Linode
2901280512,2901280767,Linode
2901280768,2901281023,Linode
2901281024,2901281279,Linode
2901281280,2901281535,Linode
2901281536,2901281791,Linode
2901281792,2901282047,Linode
2901282048,2901282303,Linode
2901282304,2901282559,Linode
2901282560,2901282815,Linode
2901282816,2901283071,Linode
2901283072,2901283327,Linode
2901283328,2901283583,Linode
2901283584,2901283839,Linode
2901283840,2901284095,Linode
2901284096,2901284351,Linode
2901284352,2901284607,Linode
2901284608,2901284863,Linode
2901284864,2901285119,Linode
2901285120,2901285375,Linode
2901285376,2901285631,Linode
2901285632,2901285887,Linode
2901285888,2901286143,Linode
2901286144,2901286399,Linode
2901286400,2901286655,Linode
2901286656,2901286911,Linode
2901286912,2901287167,Linode
2901287168,2901287423,Linode
2901287424,2901287679,Linode
2901287680,2901287935,Linode
2901287936,2901288191,Linode
2901288192,2901288447,Linode
2901288448,2901288703,Linode
2901288704,2901288959,Linode
2901288960,2901289215,Linode
2901289216,2901289471,Linode
2901289472,2901289727,Linode
2901289728,2901289983,Linode
2901289984,2901290239,Linode
2901290240,2901290495,Linode
2901290496,2901290751,Linode
2901290752,2901291007,Linode
2901291008,2901291263,Linode
2901291264,2901291519,Linode
2901291520,2901291775,Linode
2901291776,2901292031,Linode
2901292032,2901292287,Linode
2901292288,2901292543,Linode
2901292544,2901292799,Linode
2901292800,2901293055,Linode
2901293056,2901293311,Linode
2901293312,2901293567,Linode
2901293568,2901293823,Linode
2901293824,2901294079,Linode
2901294080,2901294335,Linode
2901294336,2901294591,Linode
2901294592,2901294847,Linode
2901294848,2901295103,Linode
2901295104,2901295359,Linode
2901295360,2901295615,Linode
2901295616,2901295871,Linode
2901295872,2901296127,Linode
2901296128,2901296383,Linode
2901296384,2901296639,Linode
2901296640,2901296895,Linode
2901296896,2901297151,Linode
2901297152,2901297407,Linode
2901297408,2901297663,Linode
2901297664,2901297919,Linode
2901297920,2901298175,Linode
2901298176,2901298431,Linode
2901298432,2901298687,Linode
2901298688,2901298943,Linode
2901298944,2901299199,Linode
2901299200,2901299455,Linode
2901299456,2901299711,Linode
2901299712,2901299967,Linode
2901299968,2901300223,Linode
2901300224,2901300479,Linode
2901300480,2901300735,Linode
2901300736,2901300991,Linode
2901300992,2901301247,Linode
2901301248,2901301503,Linode
2901301504,2901301759,Linode
2901301760,2901302015,Linode
2901302016,2901302271,Linode
2901302272,2901302527,Linode
2901302528,2901302783,Linode
2901302784,2901303039,Linode
2901303040,2901303295,Linode
2901303296,2901303551,Linode
2901303552,2901303807,Linode
2901303808,2901304063,Linode
2901304064,2901304319,Linode
2901304320,2901304575,Linode
2901304576,2901304831,Linode
2901304832,2901305087,Linode
2901305088,2901305343,Linode
2901305344,2901305599,Linode
2901305600,2901305855,Linode
2901305856,2901306111,Linode
2901306112,2901306367,Linode
2901306368,2901306623,Linode
2901306624,2901306879,Linode
2901306880,2901307135,Linode
2901307136,2901307391,Linode
2901307392,2901307647,Linode
2901307648,2901307903,Linode
2901307904,2901308159,Linode
2901308160,2901308415,Linode
2901308416,2901308671,Linode
2901308672,2901308927,Linode
2901308928,2901309183,Linode
2901309184,2901309439,Linode
2901309440,2901309695,Linode
2901309696,2901309951,Linode
2901309952,2901310207,Linode
2901310208,2901310463,Linode
2901310464,2901310719,Linode
2901310720,2901310975,Linode
2901310976,2901311231,Linode
2901311232,2901311487,Linode
2901311488,2901311743,Linode
2901311744,2901311999,Linode
2901312000,2901312255,Linode
2901312256,2901312511,Linode
2901312512,2901312767,Linode
2901312768,2901313023,Linode
2901313024,2901313279,Linode
2901313280,2901313535,Linode
2901313536,2901313791,Linode
2901313792,2901314047,Linode
2901314048,2901314303,Linode
2901314304,2901314559,Linode
2901314560,2901314815,Linode
2901314816,2901315071,Linode
2901315072,2901315327,Linode
2901315328,2901315583,Linode
2901315584,2901315839,Linode
2901315840,2901316095,Linode
2901316096,2901316351,Linode
2901316352,2901316607,Linode
2901316608,2901316863,Linode
2901316864,2901317119,Linode
2901317120,2901317375,Linode
2901317376,2901317631,Linode
2901317632,2901317887,Linode
2901317888,2901318143,Linode
2901318144,2901318399,Linode
2901318400,2901318655,Linode
2901318656,2901318911,Linode
2901318912,2901319167,Linode
2901319168,2901319423,Linode
2901319424,2901319679,Linode
2901319680,2901319935,Linode
2901319936,2901320191,Linode
2901320192,2901320447,Linode
2901320448,2901320703,Linode
2901320704,2901320959,Linode
2901320960,2901321215,Linode
2901321216,2901321471,Linode
2901321472,2901321727,Linode
2901321728,2901321983,Linode
2901321984,2901322239,Linode
2901322240,2901322495,Linode
2901322496,2901322751,Linode
2901322752,2901323007,Linode
2901323008,2901323263,Linode
2901323264,2901323519,Linode
2901323520,2901323775,Linode
2901323776,2901324031,Linode
2901324032,2901324287,Linode
2901324288,2901324543,Linode
2901324544,2901324799,Linode
2901324800,2901325055,Linode
2901325056,2901325311,Linode
2901325312,2901325567,Linode
2901325568,2901325823,Linode
2901325824,2901326079,Linode
2901326080,2901326335,Linode
2901326336,2901326591,Linode
2901326592,2901326847,Linode
2901326848,2901327103,Linode
2901327104,2901327359,Linode
2901327360,2901327615,Linode
2901327616,2901327871,Linode
2901327872,2901328127,Linode
2901328128,2901328383,Linode
2901328384,2901328639,Linode
2901328640,2901328895,Linode
2901328896,2901329151,Linode
2901329152,2901329407,Linode
2901329408,2901329663,Linode
2901329664,2901329919,Linode
2901329920,2901330175,Linode
2901330176,2901330431,Linode
2901330432,2901330687,Linode
2901330688,2901330943,Linode
2901330944,2901331199,Linode
2901331200,2901331455,Linode
2901331456,2901331711,Linode
2901331712,2901331967,Linode
2901331968,2901332223,Linode
2901332224,2901332479,Linode
2901332480,2901332735,Linode
2901332736,2901332991,Linode
2901332992,2901333247,Linode
2901333248,2901333503,Linode
2901333504,2901333759,Linode
2901333760,2901334015,Linode
2901334016,2901334271,Linode
2901334272,2901334527,Linode
2901334528,2901334783,Linode
2901334784,2901335039,Linode
2901335040,2901335295,Linode
2901335296,2901335551,Linode
2901335552,2901335807,Linode
2901335808,2901336063,Linode
2901336064,2901336319,Linode
2901336320,2901336575,Linode
2901336576,2901336831,Linode
2901336832,2901337087,Linode
2901337088,2901337343,Linode
2901337344,2901337599,Linode
2901337600,2901337855,Linode
2901337856,2901338111,Linode
2901338112,2901338367,Linode
2901338368,2901338623,Linode
2901338624,2901338879,Linode
2901338880,2901339135,Linode
2901339136,2901339391,Linode
2901339392,2901339647,Linode
2901339648,2901339903,Linode
2901339904,2901340159,Linode
2901340160,2901340415,Linode
2901340416,2901340671,Linode
2901340672,2901340927,Linode
2901340928,2901341183,Linode
2901341184,2901341439,Linode
2901341440,2901341695,Linode
2901341696,2901341951,Linode
2901341952,2901342207,Linode
2901342208,2901342463,Linode
2901342464,2901342719,Linode
2901342720,2901342975,Linode
2901342976,2901343231,Linode
2901343232,2901343487,Linode
2901343488,2901343743,Linode
2901343744,2901343999,Linode
2901344000,2901344255,Linode
2901344256,2901344511,Linode
2901344512,2901344767,Linode
2901344768,2901345023,Linode
2901345024,2901345279,Linode
2901345280,2901345535,Linode
2901345536,2901345791,Linode
2901345792,2901346047,Linode
2901346048,2901346303,Linode
2901346304,2901346559,Linode
2901346560,2901346815,Linode
2901346816,2901347071,Linode
2901347072,2901347327,Linode
2901347328,2901347583,Linode
2901347584,2901347839,Linode
2901347840,2901348095,Linode
2901348096,2901348351,Linode
2901348352,2901348607,Linode
2901348608,2901348863,Linode
2901348864,2901349119,Linode
2901349120,2901349375,Linode
2901349376,2901349631,Linode
2901349632,2901349887,Linode
2901349888,2901350143,Linode
2901350144,2901350399,Linode
2901350400,2901350655,Linode
2901350656,2901350911,Linode
2901350912,2901351167,Linode
2901351168,2901351423,Linode
2901351424,2901351679,Linode
2901351680,2901351935,Linode
2901351936,2901352191,Linode
2901352192,2901352447,Linode
2901352448,2901352703,Linode
2901352704,2901352959,Linode
2901352960,2901353215,Linode
2901353216,2901353471,Linode
2901353472,2901353727,Linode
2901353728,2901353983,Linode
2901353984,2901354239,Linode
2901354240,2901354495,Linode
2901354496,2901354751,Linode
2901354752,2901355007,Linode
2901355008,2901355263,Linode
2901355264,2901355519,Linode
2901355520,2901355775,Linode
2901355776,2901356031,Linode
2901356032,2901356287,Linode
2901356288,2901356543,Linode
2901356544,2901356799,Linode
2901356800,2901357055,Linode
2901357056,2901357311,Linode
2901357312,2901357567,Linode
2901357568,2901357823,Linode
2901357824,2901358079,Linode
2901358080,2901358335,Linode
2901358336,2901358591,Linode
2901358592,2901358847,Linode
2901358848,2901359103,Linode
2901359104,2901359359,Linode
2901359360,2901359615,Linode
2901359616,2901359871,Linode
2901359872,2901360127,Linode
2901360128,2901360383,Linode
2901360384,2901360639,Linode
2901360640,2901360895,Linode
2901360896,2901361151,Linode
2901361152,2901361407,Linode
2901361408,2901361663,Linode
2901361664,2901361919,Linode
2901361920,2901362175,Linode
2901362176,2901362431,Linode
2901362432,2901362687,Linode
2901362688,2901362943,Linode
2901362944,2901363199,Linode
2901363200,2901363455,Linode
2901363456,2901363711,Linode
2901363712,2901363967,Linode
2901363968,2901364223,Linode
2901364224,2901364479,Linode
2901364480,2901364735,Linode
2901364736,2901364991,Linode
2901364992,2901365247,Linode
2901365248,2901365503,Linode
2901365504,2901365759,Linode
2901365760,2901366015,Linode
2901366016,2901366271,Linode
2901366272,2901366527,Linode
2901366528,2901366783,Linode
2901366784,2901367039,Linode
2901367040,2901367295,Linode
2901367296,2901367551,Linode
2901367552,2901367807,Linode
2901367808,2901368063,Linode
2901368064,2901368319,Linode
2901368320,2901368575,Linode
2901368576,2901368831,Linode
2901368832,2901369087,Linode
2901369088,2901369343,Linode
2901369344,2901369599,Linode
2901369600,2901369855,Linode
2901369856,2901370111,Linode
2901370112,2901370367,Linode
2901370368,2901370623,Linode
2901370624,2901370879,Linode
2901370880,2901371135,Linode
2901371136,2901371391,Linode
2901371392,2901371647,Linode
2901371648,2901371903,Linode
2901371904,2901372159,Linode
2901372160,2901372415,Linode
2901372416,2901372671,Linode
2901372672,2901372927,Linode
2901372928,2901373183,Linode
2901373184,2901373439,Linode
2901373440,2901373695,Linode
2901373696,2901373951,Linode
2901373952,2901374207,Linode
2901374208,2901374463,Linode
2901374464,2901374719,Linode
2901374720,2901374975,Linode
2901374976,2901375231,Linode
2901375232,2901375487,Linode
2901375488,2901375743,Linode
2901375744,2901375999,Linode
2901376000,2901376255,Linode
2901376256,2901376511,Linode
2901376512,2901376767,Linode
2901376768,2901377023,Linode
2901377024,2901377279,Linode
2901377280,2901377535,Linode
2901377536,2901377791,Linode
2901377792,2901378047,Linode
2901378048,2901378303,Linode
2901378304,2901378559,Linode
2901378560,2901378815,Linode
2901378816,2901379071,Linode
2901379072,2901379327,Linode
2901379328,2901379583,Linode
2901379584,2901379839,Linode
2901379840,2901380095,Linode
2901380096,2901380351,Linode
2901380352,2901380607,Linode
2901380608,2901380863,Linode
2901380864,2901381119,Linode
2901381120,2901381375,Linode
2901381376,2901381631,Linode
2901381632,2901381887,Linode
2901381888,2901382143,Linode
2901382144,2901382399,Linode
2901382400,2901382655,Linode
2901382656,2901382911,Linode
2901382912,2901383167,Linode
2901383168,2901383423,Linode
2901383424,2901383679,Linode
2901383680,2901383935,Linode
2901383936,2901384191,Linode
2901384192,2901384447,Linode
2901384448,2901384703,Linode
2901384704,2901384959,Linode
2901384960,2901385215,Linode
2901385216,2901385471,Linode
2901385472,2901385727,Linode
2901385728,2901385983,Linode
2901385984,2901386239,Linode
2901386240,2901386495,Linode
2901386496,2901386751,Linode
2901386752,2901387007,Linode
2901387008,2901387263,Linode
2901387264,2901387519,Linode
2901387520,2901387775,Linode
2901387776,2901388031,Linode
2901388032,2901388287,Linode
2901388288,2901388543,Linode
2901388544,2901388799,Linode
2901388800,2901389055,Linode
2901389056,2901389311,Linode
2901389312,2901389567,Linode
2901389568,2901389823,Linode
2901389824,2901390079,Linode
2901390080,2901390335,Linode
2901390336,2901390591,Linode
2901390592,2901390847,Linode
2901390848,2901391103,Linode
2901391104,2901391359,Linode
2901391360,2901391615,Linode
2901391616,2901391871,Linode
2901391872,2901392127,Linode
2901392128,2901392383,Linode
2901392384,2901392639,Linode
2901392640,2901392895,Linode
2901392896,2901393151,Linode
2901393152,2901393407,Linode
2901393408,2901393663,Linode
2901393664,2901393919,Linode
2901393920,2901394175,Linode
2901394176,2901394431,Linode
2901394432,2901394687,Linode
2901394688,2901394943,Linode
2901394944,2901395199,Linode
2901395200,2901395455,Linode
2901395456,2901395711,Linode
2901395712,2901395967,Linode
2901395968,2901396223,Linode
2901396224,2901396479,Linode
2901396480,2901396735,Linode
2901396736,2901396991,Linode
2901396992,2901397247,Linode
2901397248,2901397503,Linode
2901397504,2901397759,Linode
2901397760,2901398015,Linode
2901398016,2901398271,Linode
2901398272,2901398527,Linode
2901398528,2901398783,Linode
2901398784,2901399039,Linode
2901399040,2901399295,Linode
2901399296,2901399551,Linode
2901399552,2901399807,Linode
2901399808,2901400063,Linode
2901400064,2901400319,Linode
2901400320,2901400575,Linode
2901400576,2901400831,Linode
2901400832,2901401087,Linode
2901401088,2901401343,Linode
2901401344,2901401599,Linode
2901401600,2901401855,Linode
2901401856,2901402111,Linode
2901402112,2901402367,Linode
2901402368,2901402623,Linode
2901402624,2901402879,Linode
2901402880,2901403135,Linode
2901403136,2901403391,Linode
2901403392,2901403647,Linode
2901403648,2901403903,Linode
2901403904,2901404159,Linode
2901404160,2901404415,Linode
2901404416,2901404671,Linode
2901404672,2901404927,Linode
2901404928,2901405183,Linode
2901405184,2901405439,Linode
2901405440,2901405695,Linode
2901405696,2901405951,Linode
2901405952,2901406207,Linode
2901406208,2901406463,Linode
2901406464,2901406719,Linode
2901406720,2901406975,Linode
2901406976,2901407231,Linode
2901407232,2901407487,Linode
2901407488,2901407743,Linode
2901407744,2901407999,Linode
2901408000,2901408255,Linode
2901408256,2901408511,Linode
2901408512,2901408767,Linode
2901408768,2901409023,Linode
2901409024,2901409279,Linode
2901409280,2901409535,Linode
2901409536,2901409791,Linode
2902261760,2902327295,Google
2907947008,2907948031,Amazon AWS
2907948032,2907948543,Amazon AWS
2907948544,2907948799,Amazon AWS
2907948800,2907949055,Amazon AWS
2907949056,2907950079,Amazon AWS
2907950080,2907950591,Amazon AWS
2907950592,2907951103,Amazon AWS
2907951104,2907951359,Amazon AWS
2907951360,2907951615,Amazon AWS
2907951616,2907951871,Amazon AWS
2907951872,2907952127,Amazon AWS
2907952128,2907952383,Amazon AWS
2907952384,2907952639,Amazon AWS
2907952640,2907952895,Amazon AWS
2907952896,2907953151,Amazon AWS
2907953152,2907953407,Amazon AWS
2907953408,2907953663,Amazon AWS
2907953664,2907953919,Amazon AWS
2907953920,2907954175,Amazon AWS
2907954176,2907954431,Amazon AWS
2907954432,2907954687,Amazon AWS
2907954688,2907954943,Amazon AWS
2907955200,2907956223,Amazon AWS
2907956224,2907957247,Amazon AWS
2915172352,2915237887,Google
2917564416,2917564671,Linode
2917564672,2917564927,Linode
2917564928,2917565183,Linode
2917565184,2917565439,Linode
2917565440,2917565695,Linode
2917565696,2917565951,Linode
2917565952,2917566207,Linode
2917566208,2917566463,Linode
2917566464,2917566719,Linode
2917566720,2917566975,Linode
2917566976,2917567231,Linode
2917567232,2917567487,Linode
2917567488,2917567743,Linode
2917567744,2917567999,Linode
2917568000,2917568255,Linode
2917568256,2917568511,Linode
2917568512,2917568767,Linode
2917568768,2917569023,Linode
2917569024,2917569279,Linode
2917569280,2917569535,Linode
2917569536,2917569791,Linode
2917569792,2917570047,Linode
2917570048,2917570303,Linode
2917570304,2917570559,Linode
2917570560,2917570815,Linode
2917570816,2917571071,Linode
2917571072,2917571327,Linode
2917571328,2917571583,Linode
2917571584,2917571839,Linode
2917571840,2917572095,Linode
2917572096,2917572351,Linode
2918526976,2918531071,Cloudflare
2919198720,2919200767,Google Cloud
2919198720,2919202815,Google
2919200768,2919202815,Google Cloud
2919219200,2919219455,Linode
2919219456,2919219711,Linode
2919219712,2919219967,Linode
2919219968,2919220223,Linode
2919220224,2919220479,Linode
2919220480,2919220735,Linode
2919220736,2919220991,Linode
2919220992,2919221247,Linode
2919221248,2919221503,Linode
2919221504,2919221759,Linode
2919221760,2919222015,Linode
2919222016,2919222271,Linode
2919222272,2919222527,Linode
2919222528,2919222783,Linode
2919222784,2919223039,Linode
2919223296,2919223551,Linode
2919223552,2919223807,Linode
2919223808,2919224063,Linode
2919224064,2919224319,Linode
2919224320,2919224575,Linode
2919224576,2919224831,Linode
2919224832,2919225087,Linode
2919225088,2919225343,Linode
2919225344,2919225599,Linode
2919225600,2919225855,Linode
2919225856,2919226111,Linode
2919226112,2919226367,Linode
2919226368,2919226623,Linode
2919226624,2919226879,Linode
2919227136,2919227391,Linode
2919227392,2919227647,Linode
2919227648,2919227903,Linode
2919227904,2919228159,Linode
2919228160,2919228415,Linode
2919228416,2919228671,Linode
2919228672,2919228927,Linode
2919228928,2919229183,Linode
2919229184,2919229439,Linode
2919229440,2919229695,Linode
2919229696,2919229951,Linode
2919229952,2919230207,Linode
2919230208,2919230463,Linode
2919230464,2919230719,Linode
2919230720,2919230975,Linode
2919230976,2919231231,Linode
2919231488,2919231743,Linode
2919231744,2919231999,Linode
2919232000,2919232255,Linode
2919232256,2919232511,Linode
2919232512,2919232767,Linode
2919232768,2919233023,Linode
2919233024,2919233279,Linode
2919233280,2919233535,Linode
2919233536,2919233791,Linode
2919233792,2919234047,Linode
2919234048,2919234303,Linode
2919234304,2919234559,Linode
2919234560,2919234815,Linode
2919234816,2919235071,Linode
2919235072,2919235327,Linode
2919235328,2919235583,Linode
2927689728,2927755263,Amazon AWS
2928279552,2928283647,DigitalOcean
2928283648,2928287743,DigitalOcean
2928287744,2928291839,DigitalOcean
2928291840,2928295935,DigitalOcean
2928295936,2928300031,DigitalOcean
2928300032,2928304127,DigitalOcean
2928304128,2928305151,DigitalOcean
2928305152,2928306175,DigitalOcean
2928306176,2928307199,DigitalOcean
2928307200,2928308223,DigitalOcean
2928308224,2928309247,DigitalOcean
2928309248,2928310271,DigitalOcean
2928310272,2928311295,DigitalOcean
2928311296,2928312319,DigitalOcean
2938732544,2938748927,Amazon AWS
2938748928,2938765311,Amazon AWS
2954903552,2954911743,Amazon AWS
2954911744,2954913791,Amazon AWS
2954913792,2954915839,Amazon AWS
2954915840,2954917887,Amazon AWS
2954917888,2954918911,Amazon AWS
2954919040,2954919167,Amazon AWS
2954919168,2954919295,Amazon AWS
2954919296,2954919423,Amazon AWS
2955018240,2955026431,Amazon AWS
2955026432,2955034623,Amazon AWS
2955034624,2955051007,Amazon AWS
2955051008,2955083775,Amazon AWS
2955059136,2955059199,Amazon AWS
2956615680,2956615935,Linode
2956615936,2956616191,Linode
2956616192,2956616447,Linode
2956616448,2956616703,Linode
2956616704,2956616959,Linode
2956616960,2956617215,Linode
2956617216,2956617471,Linode
2956617472,2956617727,Linode
2956617728,2956617983,Linode
2956617984,2956618239,Linode
2956618240,2956618495,Linode
2956618496,2956618751,Linode
2956618752,2956619007,Linode
2956619008,2956619263,Linode
2956619264,2956619519,Linode
2956619520,2956619775,Linode
2956619776,2956620031,Linode
2956620032,2956620287,Linode
2956620288,2956620543,Linode
2956620544,2956620799,Linode
2956620800,2956621055,Linode
2956621056,2956621311,Linode
2956621312,2956621567,Linode
2956621568,2956621823,Linode
2956621824,2956622079,Linode
2956622080,2956622335,Linode
2956622336,2956622591,Linode
2956622592,2956622847,Linode
2956622848,2956623103,Linode
2956623104,2956623359,Linode
2956623360,2956623615,Linode
2956623616,2956623871,Linode
2974253056,2974285823,Amazon AWS
2974273408,2974273471,Amazon AWS
2974347264,2974349311,Amazon AWS
2990407680,2990424063,DigitalOcean
2990424064,2990440447,DigitalOcean
2990440448,2990456831,DigitalOcean
2990456832,2990473215,DigitalOcean
2991554560,2991554815,Linode
2991554816,2991555071,Linode
2991555072,2991555327,Linode
2991555328,2991555583,Linode
2991555584,2991555839,Linode
2991555840,2991556095,Linode
2991556096,2991556351,Linode
2991556352,2991556607,Linode
2991556608,2991556863,Linode
2991556864,2991557119,Linode
2991557120,2991557375,Linode
2991557376,2991557631,Linode
2991557632,2991557887,Linode
2991557888,2991558143,Linode
2991558144,2991558399,Linode
2991558400,2991558655,Linode
2991558656,2991558911,Linode
2991558912,2991559167,Linode
2991559168,2991559423,Linode
2991559424,2991559679,Linode
2991559680,2991559935,Linode
2991559936,2991560191,Linode
2991560192,2991560447,Linode
2991560704,2991560959,Linode
2991560960,2991561215,Linode
2991561216,2991561471,Linode
2991561472,2991561727,Linode
2991561728,2991561983,Linode
2991561984,2991562239,Linode
2991562240,2991562495,Linode
2991562496,2991562751,Linode
2991562752,2991563007,Linode
2991563008,2991563263,Linode
2991563264,2991563519,Linode
2991563520,2991563775,Linode
2991563776,2991564031,Linode
2991564032,2991564287,Linode
2991564288,2991564543,Linode
2991564800,2991565055,Linode
2991565056,2991565311,Linode
2991565312,2991565567,Linode
2991565568,2991565823,Linode
2991565824,2991566079,Linode
2991566080,2991566335,Linode
2991566336,2991566591,Linode
2991566592,2991566847,Linode
2991566848,2991567103,Linode
2991567104,2991567359,Linode
2991567360,2991567615,Linode
2991567616,2991567871,Linode
2991567872,2991568127,Linode
2991568128,2991568383,Linode
2991568384,2991568639,Linode
2991568640,2991568895,Linode
2991568896,2991569151,Linode
2991569152,2991569407,Linode
2991569408,2991569663,Linode
2991569664,2991569919,Linode
2991569920,2991570175,Linode
2991570176,2991570431,Linode
2991570432,2991570687,Linode
2991570688,2991570943,Linode
2994733056,2994737151,DigitalOcean
2994737152,2994741247,DigitalOcean
2994741248,2994745343,DigitalOcean
2994745344,2994749439,DigitalOcean
2994749440,2994753535,DigitalOcean
2994753536,2994757631,DigitalOcean
2994757632,2994761727,DigitalOcean
2994761728,2994765823,DigitalOcean
2994765824,2994766847,DigitalOcean
2994766848,2994767871,DigitalOcean
2994767872,2994768895,DigitalOcean
2994768896,2994769919,DigitalOcean
2994769920,2994774015,DigitalOcean
2994774016,2994778111,DigitalOcean
2994778112,2994782207,DigitalOcean
2994782208,2994786303,DigitalOcean
2994786304,2994790399,DigitalOcean
2994790400,2994794495,DigitalOcean
2994794496,2994798591,DigitalOcean
3001810944,3001815039,Amazon AWS
3030595840,3030595967,Amazon AWS
3030595968,3030596031,Amazon AWS
3055026176,3055288319,Amazon AWS
3055288320,3055353855,Amazon AWS
3055353856,3055419391,Amazon AWS
3055419392,3055484927,Amazon AWS
3055422912,3055422975,Amazon AWS
3055441152,3055441215,Amazon AWS
3055441280,3055441407,Amazon AWS
3055459584,3055459647,Amazon AWS
3089104896,3089367039,Amazon AWS
3089276416,3089276927,Amazon AWS
3089367040,3089629183,Amazon AWS
3089629184,3090153471,Amazon AWS
3091726336,3091742719,Amazon AWS
3091742720,3091759103,Amazon AWS
3091759104,3091791871,Amazon AWS
3091791872,3091857407,Amazon AWS
3091988480,3092250623,Amazon AWS
3098116096,3098148863,Amazon AWS
3099590656,3100639231,Amazon AWS
3100639232,3101687807,Amazon AWS
3104005120,3104005375,Linode
3104005376,3104005631,Linode
3104005632,3104005887,Linode
3104005888,3104006143,Linode
3104749568,3104750591,DigitalOcean
3105820672,3105821695,Fastly
3106589696,3106590719,Amazon AWS
3106961408,3106962431,Amazon AWS
3113160704,3113160959,Amazon AWS
3116854272,3116855295,GitHub
3116854425,3116854425,GitHub
3116854681,3116854681,GitHub
3116854937,3116854937,GitHub
3116855193,3116855193,GitHub
3161612288,3161616383,Cloudflare
3164995584,3165011967,DigitalOcean
3165011968,3165028351,DigitalOcean
3165028352,3165029375,DigitalOcean
3165029376,3165030399,DigitalOcean
3165030400,3165031423,DigitalOcean
3165031424,3165032447,DigitalOcean
3165032448,3165036543,DigitalOcean
3165036544,3165038591,DigitalOcean
3165038592,3165040639,DigitalOcean
3165040640,3165044735,DigitalOcean
3165044736,3165045759,DigitalOcean
3165045760,3165046783,DigitalOcean
3165046784,3165047807,DigitalOcean
3165047808,3165048831,DigitalOcean
3165048832,3165052927,DigitalOcean
3165052928,3165057023,DigitalOcean
3165057024,3165061119,DigitalOcean
3168960512,3168993279,DigitalOcean
3193827328,3193831423,Cloudflare
3219734528,3219750911,GitHub
3219755008,3219759103,GitHub
3219791872,3219800063,GitHub
3219881984,3219898367,GitHub
3219898368,3219899391,GitHub
3219902464,3219906559,GitHub
3219914496,3219914751,GitHub
3219914752,3219931135,GitHub
3219931136,3219947519,GitHub
3219947520,3219963903,GitHub
3219963904,3219980287,GitHub
3219980288,3220013055,GitHub
3220013056,3220029439,GitHub
3220029440,3220029951,GitHub
3220029952,3220030207,GitHub
3220030464,3220030719,GitHub
3220033536,3220037631,GitHub
3220039680,3220040703,GitHub
3220045824,3220062207,GitHub
3220063744,3220064255,GitHub
3220070400,3220078591,GitHub
3220082688,3220086783,GitHub
3220086784,3220094975,GitHub
3220103168,3220111359,GitHub
3220111360,3220127743,GitHub
3220162560,3220163583,GitHub
3220164608,3220168703,GitHub
3220168704,3220172799,GitHub
3221848064,3221856255,Oracle Cloud
3221856256,3221864447,Oracle Cloud
3221872640,3221880831,Oracle Cloud
3222290432,3222292479,Amazon AWS
3222437888,3222441983,Oracle Cloud
3222441984,3222446079,Oracle Cloud
3222456320,3222458367,Oracle Cloud
3222667264,3222675455,Oracle Cloud
3222675456,3222675519,Oracle Cloud
3222675584,3222675711,Oracle Cloud
3222675904,3222675967,Oracle Cloud
3222675968,3222676479,Oracle Cloud
3222676480,3222677503,Oracle Cloud
3222677504,3222678527,Oracle Cloud
3222678656,3222678783,Oracle Cloud
3222679552,3222680063,Oracle Cloud
3222683648,3222691839,Oracle Cloud
3222691840,3222691903,Oracle Cloud
3222691968,3222692095,Oracle Cloud
3222692288,3222692351,Oracle Cloud
3222692352,3222692863,Oracle Cloud
3222692864,3222693887,Oracle Cloud
3222693888,3222694911,Oracle Cloud
3222695040,3222695167,Oracle Cloud
3222695936,3222696447,Oracle Cloud
3222700032,3222708223,Oracle Cloud
3222708224,3222708287,Oracle Cloud
3222708352,3222708479,Oracle Cloud
3222708672,3222708735,Oracle Cloud
3222708736,3222709247,Oracle Cloud
3222709248,3222710271,Oracle Cloud
3222710272,3222711295,Oracle Cloud
3222711424,3222711551,Oracle Cloud
3222712320,3222712831,Oracle Cloud
3222716416,3222724607,Oracle Cloud
3222724608,3222724671,Oracle Cloud
3222724736,3222724863,Oracle Cloud
3222725056,3222725119,Oracle Cloud
3222725120,3222725631,Oracle Cloud
3222725632,3222726655,Oracle Cloud
3222726656,3222727679,Oracle Cloud
3222727808,3222727935,Oracle Cloud
3222728704,3222729215,Oracle Cloud
3223128064,3223130111,Oracle Cloud
3223131136,3223132159,Oracle Cloud
3223132160,3223134207,Oracle Cloud
3223135232,3223136255,Oracle Cloud
3223136256,3223138303,Oracle Cloud
3223138304,3223139327,Oracle Cloud
3223140352,3223140863,Oracle Cloud
3223141376,3223141887,Oracle Cloud
3223142400,3223144447,Oracle Cloud
3223144448,3223144575,Oracle Cloud
3223146496,3223147519,Oracle Cloud
3223148544,3223150591,Oracle Cloud
3223150592,3223154687,Oracle Cloud
3223154688,3223158783,Oracle Cloud
3223158784,3223159295,Oracle Cloud
3223159296,3223159551,Oracle Cloud
3223160320,3223160831,Oracle Cloud
3223161280,3223161343,Oracle Cloud
3223161344,3223161855,Oracle Cloud
3223161856,3223162879,Oracle Cloud
3223162880,3223163391,Oracle Cloud
3223163904,3223164415,Oracle Cloud
3223164672,3223164927,Oracle Cloud
3223164928,3223165951,Oracle Cloud
3223166464,3223166975,Oracle Cloud
3223166976,3223169023,Oracle Cloud
3223169024,3223170047,Oracle Cloud
3223170048,3223170303,Oracle Cloud
3223171584,3223172095,Oracle Cloud
3223172096,3223173119,Oracle Cloud
3223175168,3223176191,Oracle Cloud
3223177216,3223179263,Oracle Cloud
3223179264,3223180287,Oracle Cloud
3223181312,3223183359,Oracle Cloud
3223183360,3223184383,Oracle Cloud
3223185408,3223185535,Oracle Cloud
3223185600,3223185663,Oracle Cloud
3223187456,3223188479,Oracle Cloud
3223189504,3223191551,Oracle Cloud
3223256064,3223257087,GitHub
3223256217,3223256217,GitHub
3223256218,3223256218,GitHub
3223256996,3223256997,GitHub
3223311360,3223311615,Amazon AWS
3223311616,3223311871,Amazon AWS
3223468032,3223470079,DigitalOcean
3224088320,3224088575,Amazon AWS
3224090624,3224090879,Amazon AWS
3224293376,3224293631,Linode
3224293632,3224293887,Linode
3224293888,3224294143,Linode
3224294144,3224294399,Linode
3224294400,3224294655,Linode
3224294656,3224294911,Linode
3224294912,3224295167,Linode
3224295168,3224295423,Linode
3224295424,3224295679,Linode
3224295680,3224295935,Linode
3224295936,3224296191,Linode
3224296192,3224296447,Linode
3224296448,3224296703,Linode
3224296704,3224296959,Linode
3224296960,3224297215,Linode
3224297216,3224297471,Linode
3224297472,3224297727,Linode
3224297728,3224297983,Linode
3224297984,3224298239,Linode
3224298240,3224298495,Linode
3224298496,3224298751,Linode
3224298752,3224299007,Linode
3224299008,3224299263,Linode
3224299264,3224299519,Linode
3224299520,3224299775,Linode
3224299776,3224300031,Linode
3224300032,3224300287,Linode
3224300288,3224300543,Linode
3224300544,3224300799,Linode
3224300800,3224301055,Linode
3224301056,3224301311,Linode
3224301312,3224301567,Linode
3224727552,3224727807,Linode
3224727808,3224728063,Linode
3224728064,3224728319,Linode
3224728320,3224728575,Linode
3224728576,3224728831,Linode
3224728832,3224729087,Linode
3224729088,3224729343,Linode
3224729344,3224729599,Linode
3224729600,3224729855,Linode
3224729856,3224730111,Linode
3224730112,3224730367,Linode
3224730368,3224730623,Linode
3224730624,3224730879,Linode
3224730880,3224731135,Linode
3224731136,3224731391,Linode
3224731392,3224731647,Linode
3224739840,3224740095,Linode
3224740096,3224740351,Linode
3224740352,3224740607,Linode
3224740608,3224740863,Linode
3224740864,3224741119,Linode
3224741120,3224741375,Linode
3224741376,3224741631,Linode
3224741632,3224741887,Linode
3224741888,3224742143,Linode
3224742144,3224742399,Linode
3224742400,3224742655,Linode
3224742656,3224742911,Linode
3224742912,3224743167,Linode
3224743168,3224743423,Linode
3224743424,3224743679,Linode
3224743680,3224743935,Linode
3226566656,3226566911,Linode
3226566912,3226567167,Linode
3226567168,3226567423,Linode
3226567424,3226567679,Linode
3226567680,3226567935,Linode
3226567936,3226568191,Linode
3226568192,3226568447,Linode
3226568448,3226568703,Linode
3226587136,3226589183,DigitalOcean
3226589184,3226590207,DigitalOcean
3226590208,3226591231,DigitalOcean
3228082176,3228082687,Google
3228364544,3228364799,Amazon AWS
3231404032,3231404287,Linode
3231404288,3231404543,Linode
3231404544,3231404799,Linode
3231404800,3231405055,Linode
3231405056,3231405311,Linode
3231405312,3231405567,Linode
3231405568,3231405823,Linode
3231405824,3231406079,Linode
3231406080,3231406335,Linode
3231406336,3231406591,Linode
3231406592,3231406847,Linode
3231406848,3231407103,Linode
3231407104,3231407359,Linode
3231407360,3231407615,Linode
3231407616,3231407871,Linode
3231407872,3231408127,Linode
3231523840,3231524095,Amazon AWS
3231533056,3231533567,Amazon AWS
3231587328,3231588351,Google Cloud
3232890880,3233021951,Google
3233662208,3233662463,Amazon AWS
3237052416,3237060607,DigitalOcean
3237060608,3237060863,DigitalOcean
3237060864,3237061119,DigitalOcean
3237061120,3237061375,DigitalOcean
3237061376,3237061631,DigitalOcean
3237061888,3237062143,DigitalOcean
3237062144,3237062399,DigitalOcean
3237062400,3237062655,DigitalOcean
3237062656,3237062911,DigitalOcean
3237062912,3237063167,DigitalOcean
3237063168,3237063423,DigitalOcean
3237063424,3237063679,DigitalOcean
3237063680,3237063935,DigitalOcean
3237063936,3237064191,DigitalOcean
3237064192,3237064447,DigitalOcean
3237064448,3237064703,DigitalOcean
3237064704,3237064959,DigitalOcean
3237064960,3237065215,DigitalOcean
3237065216,3237065471,DigitalOcean
3237065472,3237065727,DigitalOcean
3237065728,3237065983,DigitalOcean
3237065984,3237066239,DigitalOcean
3237066240,3237066495,DigitalOcean
3237066496,3237066751,DigitalOcean
3237066752,3237067007,DigitalOcean
3237067008,3237067263,DigitalOcean
3237067264,3237067519,DigitalOcean
3237067520,3237067775,DigitalOcean
3237067776,3237068031,DigitalOcean
3237068032,3237068287,DigitalOcean
3237068288,3237068543,DigitalOcean
3237068544,3237068799,DigitalOcean
3237068800,3237069055,DigitalOcean
3237069056,3237069311,DigitalOcean
3237069312,3237069567,DigitalOcean
3237069568,3237069823,DigitalOcean
3237069824,3237070079,DigitalOcean
3237070080,3237070335,DigitalOcean
3237070336,3237070591,DigitalOcean
3237070592,3237070847,DigitalOcean
3237070848,3237071103,DigitalOcean
3237071104,3237071359,DigitalOcean
3237071360,3237071615,DigitalOcean
3237071616,3237071871,DigitalOcean
3237071872,3237072127,DigitalOcean
3237072128,3237072383,DigitalOcean
3237072384,3237072639,DigitalOcean
3237072640,3237072895,DigitalOcean
3237072896,3237073151,DigitalOcean
3237073152,3237073407,DigitalOcean
3237073408,3237073663,DigitalOcean
3237073664,3237073919,DigitalOcean
3237073920,3237074175,DigitalOcean
3237074176,3237074431,DigitalOcean
3237074432,3237074687,DigitalOcean
3237074688,3237074943,DigitalOcean
3237074944,3237075199,DigitalOcean
3237075200,3237075455,DigitalOcean
3237075456,3237075711,DigitalOcean
3237075712,3237075967,DigitalOcean
3237075968,3237076223,DigitalOcean
3237076224,3237076479,DigitalOcean
3237076480,3237076735,DigitalOcean
3237076736,3237076991,DigitalOcean
3237076992,3237077247,DigitalOcean
3237077248,3237077503,DigitalOcean
3237077504,3237077759,DigitalOcean
3237077760,3237078015,DigitalOcean
3237078016,3237078271,DigitalOcean
3237078272,3237078527,DigitalOcean
3237078528,3237078783,DigitalOcean
3237078784,3237079039,DigitalOcean
3237079040,3237079295,DigitalOcean
3237079296,3237079551,DigitalOcean
3237079552,3237079807,DigitalOcean
3237079808,3237080063,DigitalOcean
3237080064,3237080319,DigitalOcean
3237080320,3237080575,DigitalOcean
3237080576,3237080831,DigitalOcean
3237080832,3237081087,DigitalOcean
3237081088,3237085183,DigitalOcean
3245998080,3246002175,Oracle Cloud
3246002176,3246006271,Oracle Cloud
3246006272,3246014463,Oracle Cloud
3246014464,3246022655,Oracle Cloud
3246022656,3246030847,Oracle Cloud
3246030848,3246063615,Oracle Cloud
3246063616,3246071807,Oracle Cloud
3246071808,3246079999,Oracle Cloud
3246080000,3246088191,Oracle Cloud
3246088192,3246096383,Oracle Cloud
3246096384,3246104575,Oracle Cloud
3246104576,3246108671,Oracle Cloud
3246108672,3246112767,Oracle Cloud
3246112768,3246120959,Oracle Cloud
3246120960,3246129151,Oracle Cloud
3247783936,3247785983,GitHub
3247785984,3247788031,GitHub
3247788032,3247790079,GitHub
3247790080,3247792127,GitHub
3250193408,3250193663,Google
3252913920,3252914175,Oracle Cloud
3265567744,3265568767,Oracle Cloud
3265591296,3265593343,Oracle Cloud
3267588096,3267588351,Linode
3267588352,3267588607,Linode
3267588608,3267588863,Linode
3267588864,3267589119,Linode
3267589120,3267589375,Linode
3267589376,3267589631,Linode
3267589632,3267589887,Linode
3267589888,3267590143,Linode
3267590144,3267590399,Linode
3267590400,3267590655,Linode
3267590656,3267590911,Linode
3267590912,3267591167,Linode
3267591168,3267591423,Linode
3267591424,3267591679,Linode
3267591680,3267591935,Linode
3267591936,3267592191,Linode
3267612672,3267612927,Linode
3267612928,3267613183,Linode
3267613184,3267613439,Linode
3267613440,3267613695,Linode
3267613696,3267613951,Linode
3267613952,3267614207,Linode
3267614208,3267614463,Linode
3267614464,3267614719,Linode
3267614720,3267614975,Linode
3267614976,3267615231,Linode
3267615232,3267615487,Linode
3267615488,3267615743,Linode
3267615744,3267615999,Linode
3267616000,3267616255,Linode
3267616256,3267616511,Linode
3267616512,3267616767,Linode
3267620864,3267621119,Linode
3267621120,3267621375,Linode
3267621376,3267621631,Linode
3267621632,3267621887,Linode
3267621888,3267622143,Linode
3267622144,3267622399,Linode
3267622400,3267622655,Linode
3267622656,3267622911,Linode
3267622912,3267623167,Linode
3267623168,3267623423,Linode
3267623424,3267623679,Linode
3267623680,3267623935,Linode
3267623936,3267624191,Linode
3267624192,3267624447,Linode
3267624448,3267624703,Linode
3267624704,3267624959,Linode
3270090752,3270091007,Linode
3270091008,3270091263,Linode
3270091264,3270091519,Linode
3270091520,3270091775,Linode
3270091776,3270092031,Linode
3270092032,3270092287,Linode
3270092288,3270092543,Linode
3270092544,3270092799,Linode
3270092800,3270093055,Linode
3270093056,3270093311,Linode
3270093312,3270093567,Linode
3270093568,3270093823,Linode
3270093824,3270094079,Linode
3270094080,3270094335,Linode
3270094336,3270094591,Linode
3270094592,3270094847,Linode
3270094848,3270095103,Linode
3270095104,3270095359,Linode
3270095360,3270095615,Linode
3270095616,3270095871,Linode
3270095872,3270096127,Linode
3270096128,3270096383,Linode
3270096384,3270096639,Linode
3270096640,3270096895,Linode
3270096896,3270097151,Linode
3270097152,3270097407,Linode
3270097408,3270097663,Linode
3270097664,3270097919,Linode
3270097920,3270098175,Linode
3270098176,3270098431,Linode
3270098432,3270098687,Linode
3270098688,3270098943,Linode
3272671232,3272671487,Amazon AWS
3320508416,3320509439,Cloudflare
3324600320,3324600575,Amazon AWS
3324600576,3324600831,Amazon AWS
3324600832,3324601087,Amazon AWS
3324601088,3324601343,Amazon AWS
3324601344,3324601599,Amazon AWS
3324601600,3324601855,Amazon AWS
3324601856,3324602111,Amazon AWS
3324602112,3324602367,Amazon AWS
3324602368,3324602623,Amazon AWS
3324602624,3324602879,Amazon AWS
3324602880,3324603135,Amazon AWS
3324603136,3324603391,Amazon AWS
3324608512,3324641279,Cloudflare
3325714432,3325714687,Linode
3325714688,3325714943,Linode
3325714944,3325715199,Linode
3325715200,3325715455,Linode
3325715456,3325715711,Linode
3325715712,3325715967,Linode
3325715968,3325716223,Linode
3325716224,3325716479,Linode
3325716480,3325716735,Linode
3325716736,3325716991,Linode
3325716992,3325717247,Linode
3325717248,3325717503,Linode
3325717760,3325718015,Linode
3325718016,3325718271,Linode
3325718272,3325718527,Linode
3325718528,3325718783,Linode
3325718784,3325719039,Linode
3325719040,3325719295,Linode
3325719296,3325719551,Linode
3325719552,3325719807,Linode
3325719808,3325720063,Linode
3325720064,3325720319,Linode
3325720320,3325720575,Linode
3325720576,3325720831,Linode
3325720832,3325721087,Linode
3325721088,3325721343,Linode
3325721344,3325721599,Linode
3325721600,3325721855,Linode
3325721856,3325722111,Linode
3325722112,3325722367,Linode
3325722368,3325722623,Linode
3326750720,3326750975,Linode
3326750976,3326751231,Linode
3326751232,3326751487,Linode
3326751488,3326751743,Linode
3326751744,3326751999,Linode
3326752000,3326752255,Linode
3326752256,3326752511,Linode
3326752512,3326752767,Linode
3326752768,3326753023,Linode
3326753024,3326753279,Linode
3326753280,3326753535,Linode
3326753536,3326753791,Linode
3326753792,3326754047,Linode
3326754048,3326754303,Linode
3326754304,3326754559,Linode
3328377344,3328377599,Amazon AWS
3334946816,3334950911,DigitalOcean
3334950912,3334952959,DigitalOcean
3334952960,3334953983,DigitalOcean
3334953984,3334954239,DigitalOcean
3334954240,3334954495,DigitalOcean
3334954496,3334954751,DigitalOcean
3334954752,3334955007,DigitalOcean
3334955008,3334955263,DigitalOcean
3334955264,3334955519,DigitalOcean
3334955520,3334955775,DigitalOcean
3334956032,3334956287,DigitalOcean
3334956288,3334956543,DigitalOcean
3334956544,3334956799,DigitalOcean
3334956800,3334957055,DigitalOcean
3334957056,3334957311,DigitalOcean
3334957312,3334957567,DigitalOcean
3334957568,3334957823,DigitalOcean
3334957824,3334958079,DigitalOcean
3334958080,3334958335,DigitalOcean
3334958336,3334958591,DigitalOcean
3334958592,3334958847,DigitalOcean
3334958848,3334959103,DigitalOcean
3334959104,3334959359,DigitalOcean
3334959360,3334959615,DigitalOcean
3334959616,3334959871,DigitalOcean
3334959872,3334960127,DigitalOcean
3334960128,3334960383,DigitalOcean
3334960384,3334960639,DigitalOcean
3334960640,3334960895,DigitalOcean
3334960896,3334961151,DigitalOcean
3334961152,3334962175,DigitalOcean
3334962176,3334963199,DigitalOcean
3335741440,3335741695,DigitalOcean
3335741696,3335741951,DigitalOcean
3335741952,3335742207,DigitalOcean
3335742208,3335742463,DigitalOcean
3335742464,3335742719,DigitalOcean
3335742720,3335742975,DigitalOcean
3335742976,3335743231,DigitalOcean
3335743232,3335743487,DigitalOcean
3335743488,3335743743,DigitalOcean
3335743744,3335743999,DigitalOcean
3335744000,3335744255,DigitalOcean
3335744256,3335744511,DigitalOcean
3335744512,3335744767,DigitalOcean
3335744768,3335745023,DigitalOcean
3335745024,3335745279,DigitalOcean
3335745536,3335746559,DigitalOcean
3335746560,3335747071,DigitalOcean
3335747072,3335747583,DigitalOcean
3335747584,3335749631,DigitalOcean
3339319296,3339321343,Amazon AWS
3340453888,3340455935,Fastly
3340636160,3340636415,GitHub
3340636672,3340637183,GitHub
3340637184,3340637439,GitHub
3340637696,3340637951,GitHub
3340638208,3340638719,GitHub
3340638976,3340639103,GitHub
3340639120,3340639135,GitHub
3340639136,3340639167,GitHub
3340639296,3340639359,GitHub
3340639360,3340639487,GitHub
3340639488,3340639743,GitHub
3340640000,3340640127,GitHub
3340640192,3340640255,GitHub
3341064704,3341065215,Google
3341065216,3341065471,Google
3347048448,3347049471,Amazon AWS
3351277568,3351278591,Google
3351278336,3351278591,Google Cloud
3353339904,3353340927,Google Cloud
3353339904,3353341951,Google
3353340928,3353341183,Google Cloud
3353870336,3353935871,Fastly
3400434688,3400435711,Amazon AWS
3411270656,3411271679,Amazon AWS
3425701888,3425705983,DigitalOcean
3427775488,3427775743,GitHub
3428301056,3428301311,Amazon AWS
3432518144,3432518145,GitHub
3432518152,3432518159,GitHub
3432518176,3432518207,GitHub
3432518208,3432518271,GitHub
3432518400,3432518655,GitHub
3436734464,3436736511,Oracle Cloud
3436736512,3436737023,Oracle Cloud
3436738496,3436738559,Oracle Cloud
3436738560,3436739583,Oracle Cloud
3436740544,3436740607,Oracle Cloud
3436740608,3436756991,Oracle Cloud
3436756992,3436761087,Oracle Cloud
3436761088,3436765183,Oracle Cloud
3438051328,3438067711,Amazon AWS
3438067712,3438084095,Amazon AWS
3438714880,3438715903,Amazon AWS
3438715904,3438716927,Amazon AWS
3438716416,3438716671,Amazon AWS
3438716928,3438717951,Amazon AWS
3438717952,3438718207,Amazon AWS
3438718208,3438718463,Amazon AWS
3438718464,3438718975,Amazon AWS
3438718976,3438723071,Amazon AWS
3448985600,3448986111,Oracle Cloud
3455827968,3455830015,Amazon AWS
3455830016,3455830527,Amazon AWS
3455830528,3455831039,Amazon AWS
3455831040,3455831551,Amazon AWS
3455831552,3455832063,Amazon AWS
3455832064,3455836159,Amazon AWS
3455834624,3455834879,Amazon AWS
3455836416,3455836671,Amazon AWS
3455836672,3455836927,Amazon AWS
3455837184,3455838207,Amazon AWS
3455838208,3455839231,Amazon AWS
3455839232,3455840255,Amazon AWS
3455840256,3455841279,Amazon AWS
3455841280,3455841791,Amazon AWS
3455841792,3455842047,Amazon AWS
3455842048,3455842303,Amazon AWS
3455842304,3455842559,Amazon AWS
3455842560,3455842815,Amazon AWS
3455842816,3455843327,Amazon AWS
3455843328,3455843839,Amazon AWS
3455843840,3455844095,Amazon AWS
3460878592,3460878847,Amazon AWS
3461414912,3461419007,DigitalOcean
3461419008,3461423103,DigitalOcean
3468492800,3468496895,DigitalOcean
3468496896,3468500991,DigitalOcean
3468500992,3468505087,DigitalOcean
3468505088,3468509183,DigitalOcean
3468509184,3468513279,DigitalOcean
3468513280,3468517375,DigitalOcean
3468517376,3468521471,DigitalOcean
3468521472,3468525567,DigitalOcean
3468525568,3468529663,DigitalOcean
3468529664,3468533759,DigitalOcean
3468533760,3468537855,DigitalOcean
3468537856,3468541951,DigitalOcean
3468541952,3468546047,DigitalOcean
3468546048,3468550143,DigitalOcean
3468550144,3468554239,DigitalOcean
3468554240,3468555263,DigitalOcean
3468555264,3468556287,DigitalOcean
3468556288,3468557311,DigitalOcean
3468557312,3468558335,DigitalOcean
3475901696,3475901951,GitHub
3475947968,3475947983,GitHub
3475949664,3475949695,GitHub
3475949744,3475949759,GitHub
3475950208,3475950223,GitHub
3475950848,3475951103,GitHub
3477384744,3477384751,GitHub
3477384752,3477384759,GitHub
3477384888,3477384895,GitHub
3481223808,3481223935,Oracle Cloud
3481224192,3481225215,Oracle Cloud
3481225216,3481226239,Oracle Cloud
3481227264,3481227775,Oracle Cloud
3481227776,3481228287,Oracle Cloud
3481228288,3481228799,Oracle Cloud
3481228800,3481228927,Oracle Cloud
3481229312,3481231359,Oracle Cloud
3481231360,3481233407,Oracle Cloud
3481234368,3481234431,Oracle Cloud
3481234880,3481234943,Oracle Cloud
3481238528,3481239551,Oracle Cloud
3481731072,3481732095,Oracle Cloud
3481732096,3481733119,Oracle Cloud
3481733120,3481733631,Oracle Cloud
3481733632,3481734143,Oracle Cloud
3481734144,3481735167,Oracle Cloud
3481735168,3481735679,Oracle Cloud
3481735680,3481736191,Oracle Cloud
3481736192,3481736703,Oracle Cloud
3481737472,3481737727,Oracle Cloud
3481737728,3481737983,Oracle Cloud
3481737984,3481738239,Oracle Cloud
3481738240,3481738495,Oracle Cloud
3481738496,3481738751,Oracle Cloud
3481738752,3481739263,Oracle Cloud
3483025408,3483029503,DigitalOcean
3483029504,3483033599,DigitalOcean
3483033600,3483037695,DigitalOcean
3483037696,3483041791,DigitalOcean
3484131328,3484135423,Amazon AWS
3484135424,3484139519,Amazon AWS
3484352512,3484418047,Google Cloud
3486744576,3486745599,Oracle Cloud
3486745600,3486745727,Oracle Cloud
3486747648,3486748671,Oracle Cloud
3486748672,3486752767,Oracle Cloud
3486752768,3486760959,Oracle Cloud
3487539200,3487543295,Google
3493959680,3493960703,Google
3494126592,3494127615,DigitalOcean
3494145024,3494146047,Google
3494805504,3494806015,Amazon AWS
3494806016,3494806527,Amazon AWS
3494806528,3494807039,Amazon AWS
3494807040,3494807295,Amazon AWS
3494807296,3494807551,Amazon AWS
3495017472,3495018495,Google
3495319552,3495320063,Amazon AWS
3495320064,3495320575,Amazon AWS
3496882176,3496886271,Amazon AWS
3497385984,3497394175,Google
3507567616,3507568639,Oracle Cloud
3508928512,3508929535,DigitalOcean
3508929536,3508930559,DigitalOcean
3508930560,3508932607,DigitalOcean
3508932608,3508936703,DigitalOcean
3508936704,3508940799,DigitalOcean
3508940800,3508941823,DigitalOcean
3508941824,3508942847,DigitalOcean
3508942848,3508943871,DigitalOcean
3508943872,3508944895,DigitalOcean
3508944896,3508948991,DigitalOcean
3508948992,3508953087,DigitalOcean
3508953088,3508957183,DigitalOcean
3508957184,3508958207,DigitalOcean
3508958208,3508959231,DigitalOcean
3508959232,3508960255,DigitalOcean
3508960256,3508961279,DigitalOcean
3508961280,3508969471,DigitalOcean
3508969472,3508970495,DigitalOcean
3508970496,3508971519,DigitalOcean
3508971520,3508972543,DigitalOcean
3508972544,3508973567,DigitalOcean
3508973568,3508977663,DigitalOcean
3508977664,3508985855,DigitalOcean
3508985856,3508994047,DigitalOcean
3510022144,3510024191,Amazon AWS
3510024192,3510026239,Amazon AWS
3512041472,3512074239,Google
3512827904,3512831999,DigitalOcean
3512832000,3512836095,DigitalOcean
3512836096,3512840191,DigitalOcean
3512840192,3512844287,DigitalOcean
3519484240,3519484255,GitHub
3519484352,3519484415,GitHub
3519484416,3519484479,GitHub
3519485312,3519485439,GitHub
3519489024,3519489039,GitHub
3519489072,3519489087,GitHub
3519489152,3519489279,GitHub
3519489280,3519489407,GitHub
3519489920,3519490047,GitHub
3519490048,3519490175,GitHub
3519512576,3519512831,GitHub
3522221056,3522221567,GitHub
3561482240,3561482495,Linode
3561482496,3561482751,Linode
3561482752,3561483007,Linode
3561483008,3561483263,Linode
3561483264,3561483519,Linode
3561483520,3561483775,Linode
3561483776,3561484031,Linode
3561484032,3561484287,Linode
3561485312,3561485567,Linode
3561485568,3561485823,Linode
3561485824,3561486079,Linode
3561486080,3561486335,Linode
3561486336,3561486591,Linode
3561486592,3561486847,Linode
3561486848,3561487103,Linode
3561487104,3561487359,Linode
3561487360,3561487615,Linode
3561487616,3561487871,Linode
3561487872,3561488127,Linode
3561488128,3561488383,Linode
3564054528,3564054783,Linode
3564054784,3564055039,Linode
3564055040,3564055295,Linode
3564055296,3564055551,Linode
3574843036,3574843037,Oracle Cloud
3574843044,3574843045,Oracle Cloud
3575865344,3575873535,Oracle Cloud
3576987648,3576987903,Linode
3576987904,3576988159,Linode
3576988160,3576988415,Linode
3584620544,3584620799,Linode
3584620800,3584621055,Linode
3584621056,3584621311,Linode
3584621312,3584621567,Linode
3586621440,3586625535,GitHub
3586634784,3586634799,GitHub
3586634848,3586634879,GitHub
3586634944,3586634975,GitHub
3586635520,3586635775,GitHub
3587908608,3587908863,Linode
3587908864,3587909119,Linode
3587909120,3587909375,Linode
3587909376,3587909631,Linode
3626469376,3626471423,Amazon AWS
3626473472,3626475519,Amazon AWS
3626475520,3626477567,Amazon AWS
3626477568,3626479615,Amazon AWS
3627728896,3627737087,Google
3628683264,3628687359,Google
3632865280,3632873471,Amazon AWS
3635863552,3635865599,Amazon AWS
3635865600,3635866623,Amazon AWS
3635866624,3635867135,Amazon AWS
3635867136,3635867647,Amazon AWS
3636903936,3636904191,Amazon AWS
3636904192,3636904447,Amazon AWS
3636904448,3636904703,Amazon AWS
3636904960,3636905983,Amazon AWS
3636905984,3636908031,Amazon AWS
3636908032,3636909055,Amazon AWS
3636909056,3636909567,Amazon AWS
3636909568,3636909823,Amazon AWS
3636909824,3636910079,Amazon AWS
3636910080,3636912127,Amazon AWS
3636912128,3636913151,Amazon AWS
3636913152,3636913663,Amazon AWS
3636913664,3636913919,Amazon AWS
3636913920,3636914175,Amazon AWS
3636914176,3636914431,Amazon AWS
3636914432,3636914687,Amazon AWS
3636914688,3636914943,Amazon AWS
3636914944,3636915199,Amazon AWS
3636915200,3636915455,Amazon AWS
3636915456,3636915711,Amazon AWS
3636915712,3636916223,Amazon AWS
3636916224,3636917247,Amazon AWS
3636917248,3636918271,Amazon AWS
3636918272,3636918783,Amazon AWS
3636918784,3636919295,Amazon AWS
3636919296,3636920319,Amazon AWS
3638034432,3638165503,Amazon AWS
3638350336,3638350591,GitHub
3638350592,3638350847,GitHub
3638350848,3638351103,GitHub
3639549952,3639558143,Google
3639869440,3639869695,Amazon AWS
3639869696,3639869951,Amazon AWS
3639869952,3639870207,Amazon AWS
3639870208,3639870463,Amazon AWS
3639870464,3639870719,Amazon AWS
3639870720,3639870975,Amazon AWS
3639870976,3639871231,Amazon AWS
3639871232,3639871487,Amazon AWS
3639871488,3639871743,Amazon AWS
3639871744,3639871999,Amazon AWS
3639872000,3639872255,Amazon AWS
3639872256,3639872511,Amazon AWS
3639872512,3639873023,Amazon AWS
3639873024,3639873535,Amazon AWS
3639873536,3639875583,Amazon AWS
3639875584,3639877631,Amazon AWS
3639877632,3639878655,Amazon AWS
3639878656,3639879167,Amazon AWS
3639879168,3639879679,Amazon AWS
3639879680,3639881727,Amazon AWS
3639881728,3639885823,Amazon AWS
3640450048,3640451071,Google
3649994752,3650002943,Oracle Cloud
3650002944,3650004991,Oracle Cloud
3650004992,3650006015,Oracle Cloud
3650007040,3650007551,Oracle Cloud
3650007680,3650007807,Oracle Cloud
3650009088,3650011135,Oracle Cloud
3650019328,3650027519,Oracle Cloud
3701358592,3701362687,Oracle Cloud
